order_id,order_date,ship_date,region,country,customer_segment,product_category,product_subcategory,quantity,unit_price,discount,sales,profit,shipping_cost,order_priority
MRG-2023-10477,2023-01-01,2023-01-05,APAC,India,Corporate,Apparel,Accessories,11,112.82,0.15,1054.87,25.97,39.04,Low
MRG-2023-12220,2023-01-01,2023-01-03,North America,United States,Corporate,Apparel,Outerwear,5,245.51,0.0,1227.55,298.03,23.24,Low
MRG-2023-11217,2023-01-01,2023-01-03,North America,Mexico,Consumer,Home & Living,Furniture,11,307.3,0.15,2873.26,238.94,74.35,Medium
MRG-2023-12015,2023-01-01,2023-01-09,Europe,United Kingdom,Consumer,Home & Living,Furniture,4,378.14,0.3,1058.79,96.95,23.89,Low
MRG-2023-14345,2023-01-01,2023-01-02,North America,Mexico,Consumer,Electronics,Accessories,1,49.76,0.2,39.81,12.2,10.36,Medium
MRG-2023-10101,2023-01-01,2023-01-03,APAC,Japan,Home Office,Apparel,Outerwear,7,370.09,0.1,2331.57,79.09,40.38,High
MRG-2023-13128,2023-01-01,2023-01-09,North America,Mexico,Consumer,Electronics,Audio,3,100.62,0.2,241.49,30.11,26.72,High
MRG-2023-11368,2023-01-01,2023-01-09,Europe,United Kingdom,Corporate,Electronics,Accessories,11,61.19,0.0,673.09,180.77,66.24,Low
MRG-2023-15957,2023-01-01,2023-01-06,Europe,Germany,Consumer,Home & Living,Furniture,7,145.05,0.0,1015.35,407.43,26.37,Medium
MRG-2023-11681,2023-01-01,2023-01-08,Europe,Germany,Consumer,Home & Living,Decor,11,387.1,0.3,2980.67,133.22,48.61,High
MRG-2023-13761,2023-01-02,2023-01-08,APAC,Japan,Corporate,Home & Living,Bedding,8,116.17,0.05,882.89,91.14,48.97,Medium
MRG-2023-12640,2023-01-02,2023-01-04,North America,United States,Corporate,Electronics,Wearables,5,260.76,0.0,1303.8,498.5,26.97,High
MRG-2023-11927,2023-01-02,2023-01-08,Europe,United Kingdom,Consumer,Apparel,Footwear,3,423.01,0.15,1078.68,328.6,28.54,Low
MRG-2023-12875,2023-01-02,2023-01-03,Europe,Spain,Corporate,Electronics,Smart Home,10,79.03,0.15,671.75,-2.59,58.48,Low
MRG-2023-14671,2023-01-02,2023-01-06,North America,United States,Consumer,Home & Living,Decor,5,131.62,0.0,658.1,146.02,14.14,Medium
MRG-2023-10065,2023-01-02,2023-01-05,Europe,Germany,Consumer,Electronics,Smart Home,11,310.0,0.05,3239.5,392.08,69.77,Low
MRG-2023-13600,2023-01-02,2023-01-07,North America,Canada,Consumer,Home & Living,Bedding,1,104.66,0.3,73.26,-0.27,7.2,High
MRG-2023-10699,2023-01-02,2023-01-06,APAC,Singapore,Corporate,Apparel,Outerwear,5,100.52,0.3,351.82,-11.33,30.66,Medium
MRG-2023-14243,2023-01-02,2023-01-08,Europe,United Kingdom,Consumer,Electronics,Accessories,1,8.94,0.3,6.26,-0.35,13.72,Medium
MRG-2023-11891,2023-01-02,2023-01-07,Europe,Germany,Home Office,Home & Living,Decor,10,23.95,0.3,167.65,-6.36,67.56,Medium
MRG-2023-11509,2023-01-02,2023-01-07,Europe,France,Consumer,Electronics,Accessories,11,426.13,0.3,3281.2,-325.16,28.1,Medium
MRG-2023-12904,2023-01-02,2023-01-04,APAC,India,Consumer,Apparel,Outerwear,8,114.0,0.3,638.4,-95.76,49.4,Low
MRG-2023-10812,2023-01-02,2023-01-05,North America,Canada,Consumer,Apparel,Outerwear,3,286.57,0.0,859.71,185.59,16.64,High
MRG-2023-11476,2023-01-03,2023-01-09,North America,Mexico,Corporate,Electronics,Audio,11,372.64,0.0,4099.04,542.55,53.62,High
MRG-2023-10908,2023-01-03,2023-01-11,Europe,Spain,Consumer,Electronics,Smart Home,1,28.76,0.3,20.13,-1.94,9.87,High
MRG-2023-13105,2023-01-03,2023-01-10,North America,United States,Consumer,Home & Living,Bedding,9,49.9,0.0,449.1,50.06,48.91,Low
MRG-2023-12058,2023-01-03,2023-01-05,Europe,France,Consumer,Home & Living,Decor,8,437.09,0.0,3496.72,1080.07,18.26,Low
MRG-2023-14323,2023-01-04,2023-01-10,North America,Mexico,Consumer,Apparel,Activewear,1,398.59,0.0,398.59,105.47,18.48,Medium
MRG-2023-10451,2023-01-04,2023-01-09,Europe,Germany,Corporate,Electronics,Wearables,9,306.32,0.0,2756.88,1045.74,36.41,Medium
MRG-2023-10730,2023-01-04,2023-01-08,Europe,France,Home Office,Electronics,Accessories,6,82.9,0.15,422.79,80.65,37.48,High
MRG-2023-15201,2023-01-04,2023-01-11,Europe,United Kingdom,Consumer,Home & Living,Kitchenware,10,215.9,0.0,2159.0,470.34,15.87,Low
MRG-2023-10932,2023-01-04,2023-01-12,Europe,United Kingdom,Consumer,Apparel,Outerwear,2,444.09,0.15,754.95,140.05,24.11,Low
MRG-2023-11709,2023-01-04,2023-01-10,Europe,France,Consumer,Electronics,Accessories,5,202.81,0.0,1014.05,387.04,21.72,Low
MRG-2023-11001,2023-01-04,2023-01-07,Europe,United Kingdom,Consumer,Apparel,Activewear,7,109.72,0.05,729.64,171.13,20.98,Critical
MRG-2023-15142,2023-01-04,2023-01-08,North America,United States,Corporate,Apparel,Activewear,11,380.87,0.3,2932.7,-214.19,40.49,Low
MRG-2023-15543,2023-01-04,2023-01-10,APAC,Japan,Corporate,Apparel,Footwear,5,230.82,0.0,1154.1,276.86,18.43,Medium
MRG-2023-12331,2023-01-05,2023-01-11,North America,Mexico,Corporate,Home & Living,Bedding,8,17.91,0.0,143.28,54.42,27.9,Medium
MRG-2023-15251,2023-01-05,2023-01-11,North America,United States,Home Office,Home & Living,Furniture,1,284.25,0.0,284.25,82.3,11.95,High
MRG-2023-14650,2023-01-05,2023-01-09,North America,United States,Consumer,Electronics,Smart Home,2,31.19,0.0,62.38,13.4,9.51,Low
MRG-2023-15554,2023-01-06,2023-01-08,North America,Mexico,Home Office,Electronics,Audio,7,9.23,0.2,51.69,9.39,32.61,Medium
MRG-2023-10802,2023-01-06,2023-01-13,North America,Mexico,Home Office,Electronics,Accessories,9,180.52,0.3,1137.28,84.28,57.36,High
MRG-2023-15537,2023-01-06,2023-01-11,Europe,United Kingdom,Consumer,Home & Living,Bedding,9,130.77,0.05,1118.08,165.04,38.74,Medium
MRG-2023-11906,2023-01-06,2023-01-08,North America,Mexico,Corporate,Apparel,Footwear,6,16.42,0.05,93.59,10.6,35.25,High
MRG-2023-14348,2023-01-06,2023-01-11,North America,Canada,Consumer,Apparel,Accessories,3,390.87,0.0,1172.61,405.26,11.86,Medium
MRG-2023-15338,2023-01-06,2023-01-09,North America,United States,Consumer,Home & Living,Furniture,3,47.43,0.15,120.95,17.38,24.21,High
MRG-2023-11650,2023-01-06,2023-01-09,North America,United States,Consumer,Home & Living,Bedding,5,263.95,0.05,1253.76,33.1,20.48,Medium
MRG-2023-10751,2023-01-06,2023-01-07,North America,United States,Consumer,Home & Living,Furniture,3,149.17,0.0,447.51,84.71,19.33,Critical
MRG-2023-14513,2023-01-06,2023-01-09,APAC,Australia,Consumer,Home & Living,Furniture,10,156.16,0.0,1561.6,402.65,47.84,Medium
MRG-2023-13100,2023-01-06,2023-01-14,North America,Mexico,Consumer,Home & Living,Decor,10,81.82,0.15,695.47,177.69,52.31,Medium
MRG-2023-11638,2023-01-07,2023-01-15,North America,Canada,Corporate,Electronics,Smart Home,5,62.27,0.0,311.35,71.94,43.99,Medium
MRG-2023-13089,2023-01-07,2023-01-13,Europe,France,Consumer,Apparel,Outerwear,4,430.38,0.15,1463.29,120.89,24.19,High
MRG-2023-12179,2023-01-07,2023-01-15,North America,Canada,Consumer,Electronics,Audio,10,242.04,0.15,2057.34,252.25,66.13,Low
MRG-2023-13435,2023-01-08,2023-01-11,North America,Canada,Corporate,Electronics,Wearables,3,236.98,0.2,568.75,143.97,24.69,Low
MRG-2023-11096,2023-01-08,2023-01-10,Europe,United Kingdom,Home Office,Home & Living,Kitchenware,10,310.23,0.3,2171.61,-325.74,29.36,Low
MRG-2023-15772,2023-01-09,2023-01-13,APAC,Australia,Consumer,Apparel,Activewear,3,16.96,0.2,40.7,6.06,25.75,Medium
MRG-2023-13653,2023-01-09,2023-01-14,North America,Canada,Corporate,Electronics,Audio,9,392.88,0.15,3005.53,188.45,43.29,Critical
MRG-2023-11577,2023-01-09,2023-01-13,North America,United States,Consumer,Electronics,Smart Home,11,431.19,0.05,4505.94,250.61,38.79,Medium
MRG-2023-10746,2023-01-10,2023-01-15,Europe,United Kingdom,Consumer,Apparel,Footwear,10,167.97,0.05,1595.71,298.2,53.15,Low
MRG-2023-10926,2023-01-10,2023-01-15,Europe,United Kingdom,Corporate,Apparel,Footwear,4,126.5,0.2,404.8,70.57,17.82,Low
MRG-2023-10659,2023-01-10,2023-01-17,North America,United States,Consumer,Apparel,Accessories,5,174.81,0.1,786.64,7.64,29.32,High
MRG-2023-12037,2023-01-10,2023-01-14,North America,United States,Consumer,Apparel,Outerwear,8,414.97,0.0,3319.76,876.05,15.53,High
MRG-2023-14275,2023-01-10,2023-01-11,Europe,Germany,Home Office,Home & Living,Furniture,9,8.83,0.0,79.47,26.32,57.66,Low
MRG-2023-12826,2023-01-11,2023-01-18,Europe,Spain,Home Office,Home & Living,Bedding,7,365.41,0.1,2302.08,528.8,27.84,High
MRG-2023-14896,2023-01-11,2023-01-19,Europe,France,Consumer,Home & Living,Bedding,2,21.89,0.2,35.02,3.9,15.03,Critical
MRG-2023-12636,2023-01-11,2023-01-14,APAC,Australia,Consumer,Apparel,Outerwear,9,233.89,0.15,1789.26,31.88,20.6,High
MRG-2023-12137,2023-01-11,2023-01-14,North America,Mexico,Corporate,Apparel,Footwear,7,320.97,0.0,2246.79,732.42,51.02,Medium
MRG-2023-12962,2023-01-11,2023-01-18,North America,United States,Consumer,Electronics,Audio,7,374.21,0.0,2619.47,663.87,45.39,Medium
MRG-2023-14294,2023-01-11,2023-01-17,Europe,Spain,Corporate,Electronics,Wearables,9,241.26,0.0,2171.34,648.92,63.96,Low
MRG-2023-11749,2023-01-12,2023-01-15,Europe,United Kingdom,Consumer,Home & Living,Furniture,4,386.17,0.0,1544.68,299.26,30.64,Medium
MRG-2023-10421,2023-01-12,2023-01-16,North America,Mexico,Consumer,Home & Living,Decor,2,68.38,0.15,116.25,28.77,22.41,Low
MRG-2023-12066,2023-01-13,2023-01-20,Europe,Spain,Consumer,Electronics,Wearables,3,374.15,0.0,1122.45,194.36,22.49,Low
MRG-2023-11490,2023-01-13,2023-01-21,Europe,Spain,Consumer,Apparel,Outerwear,10,30.02,0.0,300.2,30.49,74.14,Low
MRG-2023-14806,2023-01-13,2023-01-18,North America,Mexico,Consumer,Apparel,Accessories,10,251.04,0.1,2259.36,138.28,66.15,Low
MRG-2023-14057,2023-01-13,2023-01-20,North America,Canada,Consumer,Electronics,Wearables,8,46.88,0.3,262.53,-38.39,13.77,High
MRG-2023-11387,2023-01-13,2023-01-15,North America,Mexico,Consumer,Home & Living,Kitchenware,3,295.79,0.15,754.26,66.09,24.66,High
MRG-2023-13704,2023-01-13,2023-01-15,North America,United States,Consumer,Apparel,Activewear,8,126.44,0.15,859.79,92.38,53.11,Medium
MRG-2023-10580,2023-01-13,2023-01-14,North America,Canada,Consumer,Home & Living,Kitchenware,2,200.57,0.3,280.8,-42.12,22.67,Medium
MRG-2023-13141,2023-01-13,2023-01-20,APAC,India,Consumer,Apparel,Footwear,1,370.57,0.15,314.98,44.2,15.9,Low
MRG-2023-15664,2023-01-14,2023-01-20,APAC,India,Corporate,Apparel,Footwear,5,139.69,0.0,698.45,273.72,29.86,Low
MRG-2023-14371,2023-01-14,2023-01-21,APAC,Australia,Consumer,Apparel,Footwear,2,326.44,0.3,457.02,55.17,11.34,Medium
MRG-2023-10726,2023-01-14,2023-01-19,APAC,Australia,Corporate,Home & Living,Bedding,6,359.88,0.0,2159.28,257.55,14.53,Low
MRG-2023-12193,2023-01-14,2023-01-17,Europe,Spain,Consumer,Home & Living,Kitchenware,3,165.17,0.3,346.86,-4.99,16.67,High
MRG-2023-11373,2023-01-15,2023-01-23,Europe,Germany,Consumer,Electronics,Smart Home,9,27.9,0.15,213.44,52.99,65.43,Medium
MRG-2023-11655,2023-01-15,2023-01-21,APAC,Australia,Consumer,Electronics,Accessories,4,348.67,0.1,1255.21,250.65,27.43,Low
MRG-2023-14140,2023-01-15,2023-01-16,APAC,India,Consumer,Apparel,Outerwear,9,39.4,0.1,319.14,34.92,49.06,Low
MRG-2023-10970,2023-01-15,2023-01-22,APAC,Australia,Consumer,Apparel,Activewear,3,326.03,0.0,978.09,388.0,14.58,Low
MRG-2023-15356,2023-01-16,2023-01-24,Europe,United Kingdom,Consumer,Electronics,Audio,4,120.53,0.15,409.8,25.69,25.35,Medium
MRG-2023-10790,2023-01-16,2023-01-24,North America,United States,Consumer,Home & Living,Bedding,8,247.35,0.05,1879.86,231.04,41.76,Medium
MRG-2023-12071,2023-01-16,2023-01-23,North America,Mexico,Consumer,Home & Living,Bedding,7,27.94,0.0,195.58,76.36,38.52,Medium
MRG-2023-15476,2023-01-16,2023-01-23,North America,United States,Corporate,Apparel,Footwear,4,106.03,0.3,296.88,-7.27,36.39,Medium
MRG-2023-11782,2023-01-16,2023-01-22,North America,Mexico,Home Office,Apparel,Activewear,3,123.08,0.2,295.39,-3.13,31.23,Medium
MRG-2023-12843,2023-01-17,2023-01-23,Europe,Spain,Corporate,Electronics,Audio,7,229.64,0.05,1527.11,351.37,39.0,Low
MRG-2023-15721,2023-01-17,2023-01-25,North America,Mexico,Consumer,Home & Living,Bedding,4,357.14,0.0,1428.56,360.29,22.9,High
MRG-2023-12546,2023-01-17,2023-01-25,North America,Canada,Consumer,Apparel,Footwear,7,324.52,0.0,2271.64,696.9,33.7,Medium
MRG-2023-13005,2023-01-17,2023-01-24,North America,United States,Corporate,Electronics,Smart Home,8,135.38,0.0,1083.04,380.66,27.73,Medium
MRG-2023-11153,2023-01-18,2023-01-20,North America,Canada,Consumer,Apparel,Activewear,2,287.76,0.1,517.97,76.39,16.42,Low
MRG-2023-14846,2023-01-18,2023-01-26,Europe,Spain,Corporate,Apparel,Outerwear,3,278.58,0.0,835.74,299.78,22.82,High
MRG-2023-12130,2023-01-18,2023-01-21,North America,Mexico,Consumer,Home & Living,Furniture,8,236.82,0.1,1705.1,574.9,60.09,Low
MRG-2023-14599,2023-01-18,2023-01-24,North America,United States,Consumer,Home & Living,Decor,8,82.94,0.0,663.52,227.37,52.64,Medium
MRG-2023-13343,2023-01-18,2023-01-26,North America,Canada,Consumer,Home & Living,Bedding,7,87.34,0.0,611.38,80.56,11.38,High
MRG-2023-15339,2023-01-18,2023-01-21,APAC,India,Consumer,Electronics,Accessories,11,289.24,0.0,3181.64,967.87,25.68,Medium
MRG-2023-12097,2023-01-18,2023-01-22,North America,Mexico,Corporate,Electronics,Accessories,2,108.96,0.0,217.92,86.5,9.54,Low
MRG-2023-15776,2023-01-18,2023-01-24,Europe,United Kingdom,Corporate,Electronics,Wearables,11,161.63,0.0,1777.93,246.12,15.61,Low
MRG-2023-10417,2023-01-19,2023-01-26,North America,Canada,Corporate,Home & Living,Kitchenware,2,28.36,0.0,56.72,13.46,17.23,Medium
MRG-2023-13717,2023-01-20,2023-01-25,North America,Mexico,Consumer,Electronics,Audio,4,193.69,0.05,736.02,240.9,33.74,High
MRG-2023-12762,2023-01-20,2023-01-23,APAC,India,Consumer,Apparel,Accessories,6,199.04,0.0,1194.24,104.41,27.42,Medium
MRG-2023-15296,2023-01-20,2023-01-21,Europe,Germany,Corporate,Electronics,Smart Home,9,189.56,0.0,1706.04,387.33,42.83,Low
MRG-2023-14280,2023-01-20,2023-01-22,North America,Mexico,Home Office,Apparel,Activewear,7,141.5,0.0,990.5,327.3,35.57,High
MRG-2023-14261,2023-01-20,2023-01-23,APAC,Singapore,Consumer,Electronics,Audio,9,377.94,0.15,2891.24,812.84,13.51,High
MRG-2023-10018,2023-01-20,2023-01-24,North America,Mexico,Corporate,Apparel,Accessories,3,363.42,0.0,1090.26,361.15,18.57,Medium
MRG-2023-12663,2023-01-20,2023-01-26,Europe,Spain,Consumer,Apparel,Accessories,7,443.61,0.2,2484.22,309.82,30.13,Medium
MRG-2023-15805,2023-01-20,2023-01-28,North America,United States,Corporate,Electronics,Audio,5,215.01,0.3,752.53,47.13,25.38,Critical
MRG-2023-15794,2023-01-20,2023-01-25,Europe,Germany,Consumer,Apparel,Outerwear,9,69.45,0.0,625.05,147.71,27.4,High
MRG-2023-10880,2023-01-20,2023-01-22,North America,United States,Consumer,Apparel,Outerwear,4,12.87,0.0,51.48,6.29,26.64,Low
MRG-2023-13833,2023-01-21,2023-01-24,North America,Canada,Home Office,Apparel,Outerwear,8,241.68,0.3,1353.41,73.19,18.73,Low
MRG-2023-11504,2023-01-21,2023-01-28,North America,Canada,Consumer,Apparel,Footwear,5,237.99,0.15,1011.46,210.57,27.51,Low
MRG-2023-10453,2023-01-22,2023-01-30,North America,Mexico,Home Office,Apparel,Outerwear,7,173.8,0.05,1155.77,66.6,13.83,Medium
MRG-2023-15547,2023-01-22,2023-01-30,North America,Mexico,Consumer,Electronics,Wearables,7,432.3,0.2,2420.88,530.3,41.12,Medium
MRG-2023-14635,2023-01-22,2023-01-26,APAC,Japan,Consumer,Electronics,Wearables,7,67.04,0.3,328.5,-12.33,18.33,Low
MRG-2023-12136,2023-01-23,2023-01-27,North America,Canada,Corporate,Electronics,Smart Home,9,285.09,0.0,2565.81,1034.51,22.24,Low
MRG-2023-12814,2023-01-23,2023-01-29,Europe,Spain,Consumer,Apparel,Activewear,10,13.38,0.05,127.11,6.67,34.4,Low
MRG-2023-11336,2023-01-23,2023-01-28,APAC,Singapore,Consumer,Electronics,Accessories,4,394.9,0.05,1500.62,545.69,26.34,Low
MRG-2023-11745,2023-01-23,2023-01-25,North America,Canada,Home Office,Apparel,Activewear,6,75.53,0.0,453.18,188.35,29.47,Low
MRG-2023-10525,2023-01-23,2023-01-27,North America,Mexico,Consumer,Home & Living,Decor,10,241.68,0.3,1691.76,-34.63,18.94,High
MRG-2023-10644,2023-01-23,2023-01-26,Europe,Spain,Consumer,Electronics,Smart Home,9,50.06,0.0,450.54,136.87,31.18,High
MRG-2023-13057,2023-01-23,2023-01-29,North America,Canada,Home Office,Apparel,Outerwear,11,282.48,0.2,2485.82,-237.92,48.8,Low
MRG-2023-10165,2023-01-24,2023-01-29,North America,United States,Consumer,Apparel,Activewear,2,276.1,0.0,552.2,127.67,14.85,High
MRG-2023-11429,2023-01-24,2023-01-28,North America,United States,Home Office,Electronics,Audio,7,138.2,0.05,919.03,325.63,43.15,Medium
MRG-2023-14142,2023-01-24,2023-02-01,Europe,France,Consumer,Apparel,Footwear,5,35.71,0.05,169.62,20.95,12.31,Medium
MRG-2023-12698,2023-01-25,2023-01-31,North America,Canada,Home Office,Home & Living,Kitchenware,10,436.53,0.0,4365.3,590.25,21.24,High
MRG-2023-10016,2023-01-25,2023-01-29,Europe,Spain,Consumer,Home & Living,Decor,3,422.07,0.3,886.35,-132.95,9.35,Medium
MRG-2023-11498,2023-01-25,2023-01-28,APAC,Singapore,Consumer,Home & Living,Bedding,10,337.39,0.2,2699.12,-258.77,43.57,High
MRG-2023-15949,2023-01-25,2023-01-31,APAC,India,Corporate,Electronics,Audio,3,219.37,0.15,559.39,141.59,14.31,Medium
MRG-2023-14735,2023-01-25,2023-02-02,North America,United States,Home Office,Home & Living,Decor,10,337.71,0.05,3208.24,1062.47,75.13,Low
MRG-2023-14839,2023-01-26,2023-02-03,North America,Mexico,Home Office,Home & Living,Furniture,8,226.61,0.2,1450.3,292.98,62.4,Low
MRG-2023-12364,2023-01-26,2023-02-02,Europe,France,Consumer,Electronics,Wearables,8,318.99,0.0,2551.92,423.34,37.07,Low
MRG-2023-11651,2023-01-26,2023-01-28,North America,Mexico,Consumer,Home & Living,Bedding,4,366.14,0.1,1318.1,142.55,21.97,Medium
MRG-2023-11014,2023-01-27,2023-02-03,North America,Canada,Corporate,Electronics,Wearables,8,400.94,0.0,3207.52,986.75,43.67,Medium
MRG-2023-12047,2023-01-27,2023-02-03,North America,Mexico,Home Office,Electronics,Audio,3,308.98,0.0,926.94,264.66,19.47,Medium
MRG-2023-10847,2023-01-27,2023-02-02,North America,United States,Corporate,Home & Living,Bedding,3,403.25,0.15,1028.29,283.74,32.35,High
MRG-2023-14143,2023-01-27,2023-01-28,Europe,United Kingdom,Corporate,Electronics,Audio,1,421.75,0.0,421.75,134.29,11.01,Low
MRG-2023-13838,2023-01-27,2023-01-31,APAC,Japan,Consumer,Apparel,Footwear,2,226.35,0.1,407.43,89.01,9.47,High
MRG-2023-15955,2023-01-28,2023-01-30,North America,Mexico,Consumer,Electronics,Accessories,6,122.24,0.0,733.44,197.26,27.79,Medium
MRG-2023-12816,2023-01-28,2023-02-05,North America,Mexico,Corporate,Home & Living,Decor,1,174.43,0.0,174.43,63.88,14.97,Low
MRG-2023-14930,2023-01-29,2023-02-03,APAC,Japan,Home Office,Apparel,Outerwear,8,290.05,0.2,1856.32,469.58,60.0,Low
MRG-2023-15968,2023-01-29,2023-02-02,APAC,India,Consumer,Apparel,Accessories,3,163.78,0.05,466.77,50.99,21.9,Low
MRG-2023-15773,2023-01-29,2023-02-03,APAC,Japan,Consumer,Electronics,Wearables,5,96.28,0.0,481.4,141.71,21.23,Critical
MRG-2023-11303,2023-01-29,2023-02-01,APAC,Singapore,Consumer,Electronics,Audio,8,72.9,0.3,408.24,-33.11,54.9,High
MRG-2023-11403,2023-01-30,2023-02-01,Europe,United Kingdom,Consumer,Electronics,Smart Home,10,169.67,0.1,1527.03,42.91,53.83,High
MRG-2023-12420,2023-01-30,2023-02-03,Europe,Spain,Corporate,Apparel,Activewear,2,431.66,0.05,820.15,140.18,23.13,Medium
MRG-2023-12558,2023-01-30,2023-02-04,North America,Mexico,Consumer,Electronics,Accessories,6,363.78,0.0,2182.68,187.39,49.22,Medium
MRG-2023-11163,2023-01-30,2023-02-05,APAC,India,Corporate,Apparel,Activewear,2,207.27,0.0,414.54,64.38,16.72,High
MRG-2023-12884,2023-01-30,2023-02-06,Europe,Germany,Home Office,Home & Living,Kitchenware,1,109.56,0.2,87.65,1.77,13.71,High
MRG-2023-13136,2023-01-30,2023-01-31,Europe,United Kingdom,Consumer,Electronics,Wearables,4,184.48,0.1,664.13,181.56,19.2,Critical
MRG-2023-14436,2023-01-31,2023-02-04,North America,United States,Consumer,Apparel,Footwear,1,249.9,0.05,237.41,10.55,7.77,Critical
MRG-2023-15090,2023-01-31,2023-02-05,North America,Mexico,Corporate,Home & Living,Decor,3,239.54,0.05,682.69,89.11,14.48,Medium
MRG-2023-12517,2023-01-31,2023-02-07,North America,Canada,Corporate,Home & Living,Furniture,8,203.34,0.05,1545.38,196.3,20.3,Medium
MRG-2023-13323,2023-01-31,2023-02-02,North America,Canada,Consumer,Home & Living,Kitchenware,3,281.08,0.3,590.27,-8.6,19.79,Medium
MRG-2023-14991,2023-02-01,2023-02-07,North America,Mexico,Corporate,Electronics,Wearables,6,303.38,0.15,1547.24,156.22,37.66,High
MRG-2023-12934,2023-02-01,2023-02-02,North America,United States,Consumer,Home & Living,Bedding,11,159.02,0.3,1224.45,111.03,27.84,Medium
MRG-2023-12495,2023-02-01,2023-02-07,North America,Canada,Consumer,Electronics,Accessories,7,64.1,0.0,448.7,66.04,32.27,High
MRG-2023-12411,2023-02-01,2023-02-02,North America,United States,Corporate,Electronics,Audio,2,144.78,0.0,289.56,112.75,16.09,High
MRG-2023-13399,2023-02-01,2023-02-07,Europe,France,Consumer,Home & Living,Decor,7,127.0,0.0,889.0,189.25,55.67,High
MRG-2023-11570,2023-02-02,2023-02-04,North America,United States,Home Office,Electronics,Wearables,9,11.27,0.2,81.14,1.0,48.8,High
MRG-2023-13461,2023-02-02,2023-02-07,North America,Canada,Consumer,Apparel,Accessories,10,403.45,0.2,3227.6,967.86,59.87,Medium
MRG-2023-10236,2023-02-02,2023-02-06,North America,Mexico,Home Office,Apparel,Accessories,7,234.43,0.3,1148.71,-40.64,23.93,Low
MRG-2023-10317,2023-02-03,2023-02-05,North America,United States,Home Office,Home & Living,Decor,11,144.69,0.0,1591.59,237.26,18.06,Low
MRG-2023-11845,2023-02-04,2023-02-05,Europe,United Kingdom,Consumer,Home & Living,Decor,3,369.44,0.3,775.82,-116.37,9.38,Low
MRG-2023-14406,2023-02-04,2023-02-11,APAC,India,Home Office,Electronics,Audio,9,237.13,0.0,2134.17,249.75,49.61,Medium
MRG-2023-11894,2023-02-04,2023-02-11,Europe,Germany,Corporate,Electronics,Accessories,3,210.37,0.3,441.78,60.18,22.77,High
MRG-2023-12177,2023-02-05,2023-02-07,North America,Canada,Consumer,Electronics,Wearables,8,296.29,0.0,2370.32,481.88,54.57,Low
MRG-2023-15923,2023-02-05,2023-02-09,North America,United States,Corporate,Electronics,Smart Home,10,380.56,0.0,3805.6,680.06,10.51,Low
MRG-2023-11085,2023-02-05,2023-02-12,APAC,Japan,Corporate,Home & Living,Decor,9,266.3,0.2,1917.36,339.31,43.09,Low
MRG-2023-12305,2023-02-05,2023-02-12,Europe,Spain,Consumer,Electronics,Accessories,10,409.3,0.05,3888.35,320.97,33.88,Medium
MRG-2023-12744,2023-02-05,2023-02-13,North America,Mexico,Consumer,Apparel,Accessories,10,266.68,0.2,2133.44,146.89,18.14,Medium
MRG-2023-14648,2023-02-05,2023-02-08,North America,Mexico,Consumer,Electronics,Smart Home,3,126.56,0.1,341.71,41.61,16.13,High
MRG-2023-13557,2023-02-06,2023-02-10,APAC,Australia,Corporate,Home & Living,Decor,3,415.4,0.0,1246.2,112.17,8.83,Low
MRG-2023-14679,2023-02-06,2023-02-12,North America,Canada,Corporate,Home & Living,Decor,8,99.75,0.3,558.6,-38.17,12.92,Critical
MRG-2023-14281,2023-02-06,2023-02-14,North America,Canada,Consumer,Home & Living,Furniture,6,57.49,0.1,310.45,20.23,27.72,Low
MRG-2023-14129,2023-02-07,2023-02-10,APAC,Australia,Consumer,Apparel,Accessories,7,301.89,0.0,2113.23,717.05,43.33,High
MRG-2023-11673,2023-02-07,2023-02-13,Europe,France,Corporate,Electronics,Audio,4,17.47,0.0,69.88,18.18,13.26,Medium
MRG-2023-13996,2023-02-07,2023-02-08,APAC,Singapore,Consumer,Home & Living,Decor,9,162.05,0.05,1385.53,136.37,45.7,Low
MRG-2023-12083,2023-02-07,2023-02-12,North America,Mexico,Corporate,Home & Living,Decor,8,226.93,0.0,1815.44,543.27,44.43,Low
MRG-2023-15542,2023-02-08,2023-02-13,North America,Canada,Consumer,Home & Living,Decor,2,151.42,0.1,272.56,15.6,14.63,Low
MRG-2023-11202,2023-02-08,2023-02-11,North America,Mexico,Consumer,Electronics,Smart Home,5,11.99,0.3,41.96,-6.1,39.54,Medium
MRG-2023-12275,2023-02-08,2023-02-16,APAC,Japan,Home Office,Electronics,Accessories,2,333.65,0.2,533.84,5.63,24.39,Medium
MRG-2023-10174,2023-02-08,2023-02-14,APAC,Japan,Consumer,Apparel,Accessories,6,70.6,0.0,423.6,132.91,18.42,High
MRG-2023-13539,2023-02-08,2023-02-14,Europe,Spain,Consumer,Home & Living,Furniture,2,422.07,0.15,717.52,-27.81,20.93,Low
MRG-2023-13238,2023-02-09,2023-02-12,Europe,United Kingdom,Consumer,Electronics,Smart Home,8,200.72,0.3,1124.03,140.41,12.53,Low
MRG-2023-13591,2023-02-09,2023-02-17,APAC,Japan,Consumer,Electronics,Smart Home,7,402.61,0.2,2254.62,133.8,36.31,Medium
MRG-2023-10380,2023-02-09,2023-02-11,North America,United States,Consumer,Home & Living,Kitchenware,2,327.83,0.15,557.31,171.09,13.71,Medium
MRG-2023-10413,2023-02-09,2023-02-12,North America,United States,Consumer,Home & Living,Furniture,3,191.48,0.1,517.0,187.07,26.86,High
MRG-2023-10037,2023-02-09,2023-02-10,North America,United States,Corporate,Electronics,Audio,2,316.57,0.2,506.51,131.33,7.52,High
MRG-2023-12311,2023-02-09,2023-02-16,Europe,France,Home Office,Electronics,Accessories,9,25.09,0.0,225.81,32.41,40.49,Medium
MRG-2023-11920,2023-02-09,2023-02-12,North America,Mexico,Consumer,Apparel,Activewear,6,154.44,0.0,926.64,136.94,41.36,Medium
MRG-2023-10637,2023-02-10,2023-02-13,APAC,Japan,Consumer,Home & Living,Furniture,1,167.64,0.3,117.35,8.45,16.29,Low
MRG-2023-15330,2023-02-10,2023-02-14,APAC,Singapore,Corporate,Electronics,Accessories,10,19.3,0.05,183.35,34.7,44.1,Low
MRG-2023-10816,2023-02-10,2023-02-18,Europe,Germany,Corporate,Electronics,Accessories,1,286.24,0.05,271.93,64.06,15.73,Low
MRG-2023-10216,2023-02-10,2023-02-18,North America,Mexico,Corporate,Electronics,Accessories,7,431.92,0.0,3023.44,294.24,49.65,Low
MRG-2023-10300,2023-02-10,2023-02-16,Europe,France,Consumer,Home & Living,Furniture,9,422.4,0.0,3801.6,330.55,42.61,Critical
MRG-2023-13959,2023-02-11,2023-02-15,APAC,Australia,Home Office,Apparel,Footwear,6,337.96,0.1,1824.98,215.59,37.62,Low
MRG-2023-10754,2023-02-11,2023-02-12,APAC,Japan,Consumer,Home & Living,Furniture,9,305.14,0.2,2197.01,432.5,50.5,Medium
MRG-2023-11688,2023-02-11,2023-02-19,Europe,Germany,Corporate,Home & Living,Decor,4,156.89,0.0,627.56,235.03,38.42,Medium
MRG-2023-15003,2023-02-11,2023-02-13,APAC,India,Consumer,Electronics,Smart Home,1,429.27,0.05,407.81,14.87,12.01,Medium
MRG-2023-11359,2023-02-11,2023-02-16,North America,Canada,Consumer,Home & Living,Kitchenware,8,415.37,0.2,2658.37,506.86,33.06,High
MRG-2023-15253,2023-02-11,2023-02-15,Europe,France,Consumer,Apparel,Footwear,9,195.76,0.0,1761.84,696.1,31.99,Medium
MRG-2023-10474,2023-02-12,2023-02-14,Europe,France,Home Office,Electronics,Audio,2,293.51,0.05,557.67,29.34,6.24,Medium
MRG-2023-15551,2023-02-12,2023-02-14,Europe,United Kingdom,Consumer,Electronics,Accessories,1,224.88,0.3,157.42,23.87,20.07,High
MRG-2023-13463,2023-02-12,2023-02-15,North America,United States,Consumer,Electronics,Accessories,3,162.54,0.0,487.62,155.27,33.11,High
MRG-2023-10660,2023-02-12,2023-02-20,APAC,Japan,Corporate,Electronics,Accessories,10,140.28,0.1,1262.52,158.46,79.69,Medium
MRG-2023-14282,2023-02-12,2023-02-20,Europe,United Kingdom,Corporate,Apparel,Accessories,7,353.31,0.0,2473.17,358.22,24.1,Medium
MRG-2023-10830,2023-02-12,2023-02-20,Europe,Germany,Consumer,Electronics,Smart Home,11,58.85,0.0,647.35,74.48,16.81,Low
MRG-2023-14940,2023-02-12,2023-02-18,APAC,Japan,Consumer,Apparel,Footwear,7,407.81,0.2,2283.74,-304.77,28.21,High
MRG-2023-14477,2023-02-12,2023-02-13,North America,Mexico,Consumer,Home & Living,Kitchenware,7,227.12,0.0,1589.84,180.43,52.48,High
MRG-2023-13568,2023-02-13,2023-02-18,North America,Mexico,Corporate,Home & Living,Decor,10,11.76,0.1,105.84,5.16,67.69,Low
MRG-2023-14491,2023-02-13,2023-02-20,APAC,Japan,Consumer,Home & Living,Furniture,5,160.24,0.0,801.2,114.59,40.59,Low
MRG-2023-12276,2023-02-13,2023-02-21,North America,Mexico,Consumer,Apparel,Activewear,8,235.74,0.0,1885.92,598.09,22.15,Medium
MRG-2023-11674,2023-02-13,2023-02-18,Europe,Germany,Consumer,Home & Living,Decor,4,236.14,0.15,802.88,22.93,26.56,Low
MRG-2023-10245,2023-02-13,2023-02-16,North America,United States,Corporate,Electronics,Accessories,10,441.49,0.3,3090.43,258.33,33.1,Low
MRG-2023-12182,2023-02-13,2023-02-20,Europe,United Kingdom,Corporate,Home & Living,Bedding,4,373.74,0.1,1345.46,256.79,14.87,Medium
MRG-2023-15398,2023-02-14,2023-02-18,North America,United States,Consumer,Apparel,Accessories,10,174.43,0.0,1744.3,671.03,69.66,Medium
MRG-2023-12396,2023-02-14,2023-02-22,North America,United States,Consumer,Home & Living,Furniture,4,131.59,0.0,526.36,151.75,22.7,Medium
MRG-2023-10957,2023-02-14,2023-02-17,APAC,Singapore,Home Office,Home & Living,Bedding,7,304.19,0.2,1703.46,-99.49,37.1,Medium
MRG-2023-13984,2023-02-14,2023-02-16,Europe,Germany,Home Office,Electronics,Wearables,11,237.28,0.0,2610.08,1079.65,70.17,High
MRG-2023-13680,2023-02-14,2023-02-17,North America,United States,Consumer,Electronics,Accessories,3,57.9,0.0,173.7,53.71,18.53,Medium
MRG-2023-12028,2023-02-14,2023-02-16,Europe,United Kingdom,Consumer,Home & Living,Decor,2,76.15,0.2,121.84,-12.69,18.13,Critical
MRG-2023-12134,2023-02-14,2023-02-20,North America,Canada,Consumer,Home & Living,Decor,2,135.44,0.05,257.34,93.18,16.58,Medium
MRG-2023-15812,2023-02-14,2023-02-19,Europe,Spain,Consumer,Electronics,Smart Home,10,80.64,0.0,806.4,255.9,69.58,High
MRG-2023-12488,2023-02-15,2023-02-19,North America,Canada,Home Office,Electronics,Accessories,1,391.33,0.0,391.33,154.81,5.73,Low
MRG-2023-11858,2023-02-15,2023-02-21,North America,United States,Consumer,Home & Living,Bedding,9,86.7,0.3,546.21,-32.46,23.0,Medium
MRG-2023-15868,2023-02-16,2023-02-17,APAC,Japan,Consumer,Apparel,Outerwear,8,41.85,0.05,318.06,31.46,63.16,Medium
MRG-2023-10794,2023-02-16,2023-02-17,North America,Mexico,Consumer,Apparel,Accessories,6,284.36,0.2,1364.93,-42.83,42.05,Medium
MRG-2023-14606,2023-02-16,2023-02-22,Europe,United Kingdom,Consumer,Apparel,Footwear,1,372.85,0.0,372.85,114.24,13.62,Medium
MRG-2023-10169,2023-02-16,2023-02-18,APAC,Singapore,Home Office,Electronics,Wearables,4,428.75,0.3,1200.5,-180.07,39.1,Low
MRG-2023-13621,2023-02-17,2023-02-23,North America,Mexico,Corporate,Home & Living,Bedding,9,107.3,0.05,917.41,266.3,54.58,Medium
MRG-2023-13187,2023-02-17,2023-02-20,APAC,Japan,Corporate,Home & Living,Furniture,11,327.33,0.05,3420.6,649.78,22.95,Medium
MRG-2023-12557,2023-02-18,2023-02-22,APAC,Japan,Corporate,Home & Living,Bedding,8,298.61,0.2,1911.1,-97.81,45.98,Low
MRG-2023-12362,2023-02-18,2023-02-19,North America,Mexico,Consumer,Electronics,Audio,7,222.91,0.0,1560.37,165.09,14.97,High
MRG-2023-15644,2023-02-18,2023-02-19,North America,United States,Home Office,Electronics,Audio,2,316.54,0.1,569.77,106.93,17.91,High
MRG-2023-10871,2023-02-18,2023-02-24,Europe,Germany,Consumer,Apparel,Accessories,10,448.42,0.0,4484.2,685.88,64.87,Low
MRG-2023-10539,2023-02-18,2023-02-22,APAC,Australia,Consumer,Home & Living,Decor,4,307.39,0.0,1229.56,263.82,16.91,Low
MRG-2023-12145,2023-02-18,2023-02-24,Europe,United Kingdom,Corporate,Apparel,Activewear,8,121.82,0.3,682.19,-20.11,43.41,Medium
MRG-2023-12251,2023-02-18,2023-02-25,Europe,Germany,Home Office,Apparel,Outerwear,2,361.98,0.3,506.77,-13.21,19.2,Low
MRG-2023-12112,2023-02-18,2023-02-26,North America,Mexico,Consumer,Apparel,Accessories,4,263.96,0.3,739.09,-17.24,19.13,Low
MRG-2023-10936,2023-02-18,2023-02-20,North America,Canada,Consumer,Home & Living,Furniture,9,22.75,0.05,194.51,34.68,21.23,High
MRG-2023-11040,2023-02-19,2023-02-23,North America,Canada,Consumer,Apparel,Activewear,2,326.51,0.3,457.11,16.66,15.38,Low
MRG-2023-15500,2023-02-19,2023-02-23,Europe,Germany,Consumer,Apparel,Footwear,7,302.07,0.0,2114.49,341.25,53.5,High
MRG-2023-10798,2023-02-19,2023-02-24,Europe,Germany,Consumer,Home & Living,Furniture,5,442.85,0.0,2214.25,918.73,33.14,Low
MRG-2023-14889,2023-02-19,2023-02-27,APAC,Singapore,Corporate,Apparel,Footwear,6,342.2,0.2,1642.56,111.28,34.85,Medium
MRG-2023-13330,2023-02-20,2023-02-24,Europe,Spain,Corporate,Home & Living,Bedding,4,130.88,0.2,418.82,-54.6,25.15,Low
MRG-2023-12903,2023-02-20,2023-02-28,Europe,United Kingdom,Corporate,Apparel,Accessories,2,251.9,0.0,503.8,111.14,7.0,High
MRG-2023-11042,2023-02-20,2023-02-26,North America,United States,Consumer,Home & Living,Decor,11,302.73,0.2,2664.02,-140.27,35.39,Low
MRG-2023-14640,2023-02-20,2023-02-21,Europe,France,Consumer,Apparel,Accessories,11,177.59,0.0,1953.49,484.56,35.13,Medium
MRG-2023-15282,2023-02-20,2023-02-27,APAC,Japan,Consumer,Electronics,Smart Home,7,380.81,0.3,1865.97,-193.46,39.01,Low
MRG-2023-13445,2023-02-21,2023-02-27,North America,Mexico,Home Office,Home & Living,Kitchenware,1,405.44,0.3,283.81,26.78,15.22,Medium
MRG-2023-15973,2023-02-21,2023-02-24,APAC,Singapore,Consumer,Home & Living,Kitchenware,7,309.36,0.0,2165.52,877.24,37.36,Medium
MRG-2023-11515,2023-02-21,2023-03-01,North America,Canada,Consumer,Electronics,Audio,4,147.64,0.1,531.5,42.64,13.59,Low
MRG-2023-11928,2023-02-21,2023-02-23,North America,Mexico,Consumer,Electronics,Audio,2,86.05,0.0,172.1,69.79,14.39,High
MRG-2023-13042,2023-02-22,2023-02-26,APAC,Australia,Consumer,Home & Living,Kitchenware,5,447.95,0.0,2239.75,629.76,21.49,Low
MRG-2023-14565,2023-02-22,2023-02-26,North America,Mexico,Corporate,Apparel,Accessories,4,444.1,0.0,1776.4,437.6,30.07,High
MRG-2023-11462,2023-02-22,2023-03-01,APAC,Singapore,Home Office,Electronics,Smart Home,10,300.42,0.1,2703.78,868.39,61.85,Low
MRG-2023-12544,2023-02-22,2023-02-24,Europe,United Kingdom,Consumer,Home & Living,Bedding,9,397.06,0.1,3216.19,427.65,37.47,Low
MRG-2023-12117,2023-02-22,2023-02-24,Europe,France,Consumer,Electronics,Wearables,1,275.39,0.05,261.62,55.29,15.94,High
MRG-2023-15604,2023-02-22,2023-02-23,North America,United States,Home Office,Home & Living,Furniture,5,410.49,0.05,1949.83,631.65,36.07,Medium
MRG-2023-11961,2023-02-22,2023-02-23,Europe,France,Consumer,Electronics,Audio,6,181.99,0.3,764.36,78.72,28.96,Medium
MRG-2023-13804,2023-02-23,2023-02-24,APAC,Japan,Consumer,Apparel,Accessories,3,283.82,0.0,851.46,177.7,21.58,Medium
MRG-2023-13056,2023-02-23,2023-03-02,Europe,Germany,Corporate,Electronics,Audio,8,201.55,0.2,1289.92,258.93,31.84,Low
MRG-2023-11668,2023-02-23,2023-03-03,North America,United States,Corporate,Home & Living,Bedding,9,292.41,0.1,2368.52,738.59,40.71,Critical
MRG-2023-14693,2023-02-23,2023-02-24,Europe,France,Corporate,Apparel,Footwear,7,430.2,0.0,3011.4,1018.09,27.97,Medium
MRG-2023-13504,2023-02-24,2023-03-02,North America,Canada,Consumer,Apparel,Outerwear,9,327.3,0.15,2503.84,712.08,50.95,Low
MRG-2023-10296,2023-02-24,2023-03-02,APAC,India,Consumer,Home & Living,Kitchenware,2,299.21,0.3,418.89,38.7,10.03,Medium
MRG-2023-14205,2023-02-24,2023-03-04,North America,Mexico,Consumer,Apparel,Outerwear,11,363.11,0.05,3794.5,219.03,29.47,Critical
MRG-2023-12388,2023-02-24,2023-03-01,Europe,United Kingdom,Consumer,Apparel,Activewear,1,214.58,0.2,171.66,4.81,8.86,Low
MRG-2023-12415,2023-02-25,2023-03-04,North America,United States,Home Office,Home & Living,Kitchenware,9,382.32,0.0,3440.88,477.28,22.01,Low
MRG-2023-11328,2023-02-25,2023-02-27,Europe,United Kingdom,Home Office,Electronics,Smart Home,9,390.27,0.1,3161.19,936.48,68.38,Low
MRG-2023-15774,2023-02-25,2023-03-01,Europe,Germany,Consumer,Electronics,Smart Home,4,333.03,0.15,1132.3,198.04,14.25,High
MRG-2023-14390,2023-02-25,2023-03-05,North America,United States,Consumer,Electronics,Accessories,10,364.23,0.15,3095.95,102.78,54.05,High
MRG-2023-13496,2023-02-25,2023-03-04,North America,Mexico,Consumer,Apparel,Accessories,4,141.74,0.0,566.96,84.09,26.09,Low
MRG-2023-14911,2023-02-25,2023-03-01,North America,Canada,Consumer,Apparel,Footwear,9,175.62,0.2,1264.46,-21.54,36.77,High
MRG-2023-13792,2023-02-25,2023-03-02,APAC,Japan,Consumer,Home & Living,Bedding,11,329.48,0.0,3624.28,527.8,22.78,Medium
MRG-2023-13296,2023-02-26,2023-02-28,North America,United States,Consumer,Electronics,Wearables,1,448.19,0.05,425.78,19.83,15.21,Low
MRG-2023-11997,2023-02-26,2023-02-27,Europe,Germany,Consumer,Home & Living,Kitchenware,4,293.97,0.05,1117.09,73.42,22.4,Low
MRG-2023-11422,2023-02-26,2023-03-01,Europe,Spain,Corporate,Home & Living,Decor,6,415.87,0.1,2245.7,167.19,26.73,Low
MRG-2023-10690,2023-02-26,2023-03-06,North America,United States,Consumer,Electronics,Audio,2,168.32,0.0,336.64,85.72,18.59,Medium
MRG-2023-12298,2023-02-26,2023-03-01,North America,Canada,Corporate,Electronics,Smart Home,5,394.61,0.0,1973.05,385.26,34.97,High
MRG-2023-11340,2023-02-27,2023-03-02,Europe,Spain,Corporate,Apparel,Activewear,2,197.81,0.2,316.5,28.81,13.73,Low
MRG-2023-14478,2023-02-27,2023-02-28,North America,United States,Corporate,Apparel,Footwear,4,426.46,0.0,1705.84,514.39,15.8,Medium
MRG-2023-15541,2023-02-27,2023-03-02,Europe,Germany,Consumer,Electronics,Smart Home,4,379.91,0.0,1519.64,417.32,21.85,Medium
MRG-2023-14998,2023-02-28,2023-03-01,Europe,Spain,Corporate,Home & Living,Kitchenware,3,49.75,0.05,141.79,14.29,26.49,Medium
MRG-2023-13878,2023-02-28,2023-03-02,North America,United States,Consumer,Apparel,Outerwear,8,445.78,0.2,2852.99,204.46,48.82,High
MRG-2023-15462,2023-02-28,2023-03-06,North America,Canada,Consumer,Electronics,Wearables,5,235.83,0.0,1179.15,337.98,22.97,Low
MRG-2023-14254,2023-02-28,2023-03-04,North America,Canada,Home Office,Electronics,Smart Home,2,224.38,0.2,359.01,17.62,21.25,High
MRG-2023-11150,2023-02-28,2023-03-07,Europe,Germany,Consumer,Electronics,Smart Home,6,251.74,0.15,1283.87,190.45,15.31,Medium
MRG-2023-11345,2023-03-01,2023-03-03,North America,United States,Consumer,Apparel,Accessories,7,239.83,0.3,1175.17,51.7,40.98,Medium
MRG-2023-11337,2023-03-01,2023-03-04,APAC,Singapore,Home Office,Apparel,Outerwear,2,405.25,0.0,810.5,293.72,13.12,Low
MRG-2023-11375,2023-03-01,2023-03-08,APAC,India,Consumer,Apparel,Footwear,8,329.69,0.0,2637.52,902.92,39.86,Medium
MRG-2023-13503,2023-03-01,2023-03-07,Europe,Spain,Consumer,Home & Living,Furniture,1,274.26,0.05,260.55,17.49,16.83,Medium
MRG-2023-14455,2023-03-01,2023-03-04,North America,United States,Corporate,Electronics,Audio,3,381.0,0.1,1028.7,186.87,23.84,Medium
MRG-2023-10902,2023-03-01,2023-03-09,Europe,United Kingdom,Consumer,Electronics,Accessories,6,14.61,0.05,83.28,21.91,44.67,Low
MRG-2023-12434,2023-03-01,2023-03-08,North America,Mexico,Corporate,Apparel,Activewear,1,138.36,0.1,124.52,8.76,16.66,Medium
MRG-2023-15545,2023-03-02,2023-03-05,Europe,United Kingdom,Consumer,Home & Living,Furniture,4,133.12,0.0,532.48,64.77,33.35,Medium
MRG-2023-13526,2023-03-02,2023-03-09,Europe,France,Corporate,Home & Living,Decor,3,18.18,0.1,49.09,13.97,25.52,Medium
MRG-2023-11897,2023-03-02,2023-03-04,North America,Canada,Home Office,Electronics,Smart Home,5,82.26,0.1,370.17,58.62,12.32,Low
MRG-2023-10447,2023-03-02,2023-03-10,Europe,France,Consumer,Apparel,Accessories,1,221.63,0.3,155.14,27.29,7.7,High
MRG-2023-14136,2023-03-02,2023-03-08,APAC,Singapore,Consumer,Home & Living,Decor,3,146.53,0.1,395.63,8.06,26.24,Medium
MRG-2023-15626,2023-03-02,2023-03-04,APAC,Australia,Corporate,Electronics,Smart Home,9,437.09,0.0,3933.81,1071.21,37.02,Low
MRG-2023-12763,2023-03-02,2023-03-08,APAC,Australia,Corporate,Apparel,Footwear,1,359.03,0.2,287.22,13.87,13.15,High
MRG-2023-12232,2023-03-02,2023-03-07,Europe,Spain,Home Office,Apparel,Outerwear,11,120.87,0.1,1196.61,365.99,51.75,Low
MRG-2023-13543,2023-03-03,2023-03-08,North America,Mexico,Consumer,Apparel,Footwear,6,330.54,0.1,1784.92,369.08,22.93,High
MRG-2023-13016,2023-03-03,2023-03-05,North America,Mexico,Consumer,Apparel,Footwear,8,338.74,0.1,2438.93,291.82,36.17,Low
MRG-2023-14517,2023-03-03,2023-03-05,Europe,France,Home Office,Electronics,Smart Home,8,260.98,0.0,2087.84,460.0,31.59,High
MRG-2023-11910,2023-03-03,2023-03-10,Europe,United Kingdom,Consumer,Home & Living,Furniture,5,68.34,0.2,273.36,-18.21,28.96,Low
MRG-2023-12753,2023-03-03,2023-03-04,North America,Canada,Consumer,Electronics,Wearables,6,136.44,0.0,818.64,312.62,46.43,Low
MRG-2023-11503,2023-03-04,2023-03-10,North America,Mexico,Consumer,Home & Living,Kitchenware,11,93.72,0.15,876.28,281.85,23.72,Medium
MRG-2023-10086,2023-03-04,2023-03-06,Europe,Spain,Corporate,Apparel,Activewear,11,201.59,0.0,2217.49,179.14,29.22,Low
MRG-2023-15987,2023-03-04,2023-03-09,Europe,Spain,Corporate,Apparel,Accessories,1,340.83,0.0,340.83,108.8,10.17,Low
MRG-2023-10238,2023-03-04,2023-03-09,Europe,France,Consumer,Apparel,Accessories,2,346.05,0.2,553.68,120.29,12.19,High
MRG-2023-13224,2023-03-04,2023-03-11,North America,Mexico,Consumer,Electronics,Accessories,11,432.03,0.2,3801.86,531.84,59.37,Medium
MRG-2023-13269,2023-03-04,2023-03-12,North America,Mexico,Corporate,Electronics,Smart Home,5,199.21,0.0,996.05,140.58,16.41,Medium
MRG-2023-13756,2023-03-05,2023-03-08,North America,Canada,Corporate,Home & Living,Kitchenware,10,331.72,0.2,2653.76,-285.11,58.04,Low
MRG-2023-11914,2023-03-05,2023-03-08,Europe,Germany,Consumer,Home & Living,Furniture,1,112.6,0.3,78.82,6.47,15.1,Medium
MRG-2023-14931,2023-03-05,2023-03-11,Europe,Spain,Home Office,Electronics,Audio,7,445.1,0.15,2648.34,314.43,50.35,High
MRG-2023-14127,2023-03-05,2023-03-10,North America,United States,Consumer,Apparel,Outerwear,4,226.46,0.3,634.09,-95.11,20.25,High
MRG-2023-13978,2023-03-06,2023-03-07,APAC,India,Consumer,Home & Living,Furniture,2,72.99,0.15,124.08,-8.12,17.5,Low
MRG-2023-13570,2023-03-06,2023-03-08,APAC,Australia,Consumer,Electronics,Audio,7,265.39,0.05,1764.84,129.63,43.49,Medium
MRG-2023-15882,2023-03-06,2023-03-14,Europe,Spain,Home Office,Electronics,Audio,5,226.59,0.3,793.06,132.05,26.35,Medium
MRG-2023-15566,2023-03-06,2023-03-10,Europe,Spain,Corporate,Apparel,Footwear,11,41.45,0.05,433.15,111.3,69.42,High
MRG-2023-14922,2023-03-07,2023-03-10,North America,Mexico,Consumer,Apparel,Accessories,5,399.09,0.0,1995.45,682.29,39.75,Medium
MRG-2023-10270,2023-03-07,2023-03-10,North America,Mexico,Consumer,Electronics,Smart Home,4,120.79,0.05,459.0,120.44,21.69,High
MRG-2023-11708,2023-03-07,2023-03-12,North America,United States,Corporate,Home & Living,Furniture,4,197.72,0.3,553.62,6.25,30.1,High
MRG-2023-13922,2023-03-07,2023-03-08,North America,Canada,Consumer,Home & Living,Furniture,5,176.97,0.2,707.88,2.42,32.41,Low
MRG-2023-13935,2023-03-07,2023-03-08,North America,Canada,Consumer,Electronics,Wearables,8,295.72,0.0,2365.76,790.57,22.87,High
MRG-2023-11956,2023-03-07,2023-03-13,Europe,Spain,Corporate,Apparel,Footwear,4,243.82,0.2,780.22,-72.37,23.78,Medium
MRG-2023-15025,2023-03-07,2023-03-14,North America,Canada,Corporate,Electronics,Smart Home,10,59.3,0.0,593.0,97.94,39.21,Medium
MRG-2023-13953,2023-03-08,2023-03-11,Europe,United Kingdom,Home Office,Electronics,Accessories,10,440.7,0.2,3525.6,586.62,68.18,Low
MRG-2023-14135,2023-03-08,2023-03-09,North America,Mexico,Consumer,Home & Living,Decor,9,441.85,0.15,3380.15,108.88,71.31,Low
MRG-2023-10577,2023-03-08,2023-03-15,North America,Mexico,Consumer,Electronics,Wearables,8,99.09,0.2,634.18,4.64,13.89,Low
MRG-2023-11045,2023-03-08,2023-03-11,Europe,Spain,Consumer,Apparel,Activewear,9,298.07,0.0,2682.63,774.11,38.14,Low
MRG-2023-11769,2023-03-09,2023-03-14,APAC,Singapore,Home Office,Electronics,Accessories,2,380.8,0.0,761.6,188.05,5.07,Low
MRG-2023-10966,2023-03-09,2023-03-12,North America,Canada,Consumer,Electronics,Smart Home,8,228.2,0.05,1734.32,282.58,50.61,Medium
MRG-2023-10320,2023-03-09,2023-03-16,North America,Mexico,Consumer,Electronics,Wearables,2,161.82,0.0,323.64,93.58,11.85,Low
MRG-2023-13748,2023-03-09,2023-03-17,North America,United States,Consumer,Home & Living,Bedding,1,238.74,0.15,202.93,9.25,4.74,Low
MRG-2023-12839,2023-03-10,2023-03-14,North America,United States,Consumer,Home & Living,Bedding,1,23.18,0.0,23.18,8.35,14.19,Medium
MRG-2023-10457,2023-03-10,2023-03-14,Europe,Germany,Consumer,Home & Living,Bedding,4,76.45,0.1,275.22,84.03,10.6,Medium
MRG-2023-15105,2023-03-10,2023-03-12,APAC,Australia,Consumer,Electronics,Wearables,5,349.74,0.0,1748.7,338.24,13.75,Low
MRG-2023-14366,2023-03-10,2023-03-15,North America,Mexico,Consumer,Apparel,Activewear,7,266.54,0.15,1585.91,224.97,45.03,Medium
MRG-2023-15737,2023-03-10,2023-03-13,North America,Canada,Consumer,Electronics,Wearables,8,99.89,0.0,799.12,283.27,22.15,High
MRG-2023-14283,2023-03-10,2023-03-17,North America,Canada,Consumer,Electronics,Smart Home,2,99.4,0.0,198.8,33.35,24.26,Low
MRG-2023-13966,2023-03-10,2023-03-14,Europe,France,Consumer,Apparel,Accessories,8,30.95,0.15,210.46,28.43,43.36,Medium
MRG-2023-14608,2023-03-11,2023-03-18,North America,Mexico,Consumer,Electronics,Smart Home,8,66.11,0.0,528.88,65.29,40.19,Critical
MRG-2023-12479,2023-03-11,2023-03-13,North America,United States,Consumer,Home & Living,Furniture,8,290.71,0.05,2209.4,791.06,54.57,Medium
MRG-2023-12261,2023-03-11,2023-03-17,North America,Mexico,Consumer,Electronics,Audio,7,235.89,0.0,1651.23,575.91,31.27,High
MRG-2023-15156,2023-03-11,2023-03-17,APAC,India,Consumer,Home & Living,Furniture,7,39.51,0.0,276.57,92.97,48.81,High
MRG-2023-10410,2023-03-11,2023-03-15,North America,United States,Consumer,Home & Living,Kitchenware,5,248.04,0.15,1054.17,217.02,26.05,Low
MRG-2023-15037,2023-03-11,2023-03-17,APAC,Australia,Corporate,Home & Living,Decor,1,286.48,0.0,286.48,31.88,11.08,Low
MRG-2023-13992,2023-03-11,2023-03-16,APAC,Japan,Corporate,Electronics,Audio,10,439.96,0.0,4399.6,729.15,48.52,Medium
MRG-2023-15802,2023-03-12,2023-03-18,APAC,Singapore,Corporate,Electronics,Accessories,7,239.1,0.2,1338.96,-53.59,26.52,Low
MRG-2023-12442,2023-03-12,2023-03-17,APAC,Singapore,Consumer,Home & Living,Kitchenware,6,120.14,0.0,720.84,209.07,26.05,Medium
MRG-2023-12018,2023-03-12,2023-03-19,APAC,India,Consumer,Electronics,Accessories,6,142.06,0.0,852.36,308.51,50.11,Medium
MRG-2023-14613,2023-03-12,2023-03-13,North America,Mexico,Consumer,Apparel,Accessories,9,113.28,0.3,713.66,1.99,56.69,High
MRG-2023-14036,2023-03-12,2023-03-20,Europe,France,Corporate,Electronics,Audio,4,290.22,0.0,1160.88,247.77,13.48,Critical
MRG-2023-13803,2023-03-13,2023-03-18,APAC,Japan,Corporate,Apparel,Activewear,11,151.19,0.3,1164.16,96.05,15.19,Low
MRG-2023-12105,2023-03-13,2023-03-18,North America,Mexico,Home Office,Apparel,Accessories,2,251.38,0.0,502.76,47.06,10.0,Low
MRG-2023-13722,2023-03-13,2023-03-14,Europe,United Kingdom,Consumer,Home & Living,Decor,7,433.76,0.0,3036.32,668.86,54.35,High
MRG-2023-11138,2023-03-13,2023-03-21,APAC,Australia,Consumer,Apparel,Activewear,6,344.35,0.1,1859.49,386.9,22.94,Medium
MRG-2023-11930,2023-03-13,2023-03-18,Europe,Spain,Consumer,Apparel,Outerwear,9,417.9,0.0,3761.1,968.76,55.38,High
MRG-2023-11932,2023-03-14,2023-03-17,North America,United States,Corporate,Home & Living,Decor,1,135.2,0.0,135.2,18.96,14.95,Low
MRG-2023-11993,2023-03-14,2023-03-21,APAC,Australia,Corporate,Apparel,Outerwear,3,49.08,0.0,147.24,47.36,14.22,Medium
MRG-2023-14068,2023-03-14,2023-03-20,Europe,United Kingdom,Consumer,Electronics,Wearables,2,272.58,0.05,517.9,181.95,16.68,Low
MRG-2023-15850,2023-03-14,2023-03-17,APAC,India,Home Office,Apparel,Outerwear,2,339.75,0.0,679.5,223.39,21.63,Medium
MRG-2023-10803,2023-03-14,2023-03-20,North America,Canada,Corporate,Home & Living,Furniture,1,226.19,0.0,226.19,20.32,12.65,Critical
MRG-2023-11643,2023-03-14,2023-03-22,North America,United States,Home Office,Electronics,Smart Home,4,119.25,0.15,405.45,5.79,24.97,Medium
MRG-2023-14990,2023-03-14,2023-03-19,Europe,Germany,Consumer,Apparel,Accessories,1,129.17,0.05,122.71,11.75,10.33,Medium
MRG-2023-12069,2023-03-15,2023-03-20,North America,Mexico,Consumer,Home & Living,Bedding,7,321.83,0.0,2252.81,198.07,32.7,Low
MRG-2023-11133,2023-03-15,2023-03-16,North America,United States,Consumer,Home & Living,Kitchenware,10,419.63,0.15,3566.86,735.57,79.09,Low
MRG-2023-13686,2023-03-15,2023-03-19,North America,Mexico,Consumer,Apparel,Outerwear,11,151.57,0.0,1667.27,526.06,53.34,Medium
MRG-2023-13757,2023-03-16,2023-03-17,Europe,France,Consumer,Apparel,Footwear,7,321.1,0.3,1573.39,121.37,41.28,Medium
MRG-2023-12653,2023-03-16,2023-03-24,Europe,Germany,Home Office,Home & Living,Decor,10,360.03,0.15,3060.26,695.07,40.67,Medium
MRG-2023-11514,2023-03-16,2023-03-17,North America,Mexico,Corporate,Home & Living,Furniture,2,353.31,0.05,671.29,147.83,14.95,Medium
MRG-2023-13998,2023-03-17,2023-03-21,APAC,Australia,Home Office,Home & Living,Kitchenware,7,448.72,0.15,2669.88,108.11,26.22,Medium
MRG-2023-10938,2023-03-17,2023-03-25,North America,United States,Home Office,Electronics,Audio,6,436.2,0.0,2617.2,706.93,29.5,High
MRG-2023-15114,2023-03-17,2023-03-21,North America,United States,Home Office,Apparel,Activewear,7,306.52,0.1,1931.08,331.46,45.97,Medium
MRG-2023-15306,2023-03-17,2023-03-24,APAC,India,Consumer,Apparel,Footwear,10,13.06,0.0,130.6,28.58,34.53,High
MRG-2023-15905,2023-03-17,2023-03-18,North America,United States,Consumer,Apparel,Activewear,2,23.53,0.0,47.06,5.15,10.93,Low
MRG-2023-10489,2023-03-17,2023-03-23,North America,Mexico,Corporate,Home & Living,Decor,8,194.2,0.0,1553.6,219.25,13.12,Low
MRG-2023-12161,2023-03-17,2023-03-25,North America,Canada,Corporate,Home & Living,Furniture,4,268.25,0.05,1019.35,113.4,21.93,Medium
MRG-2023-14965,2023-03-18,2023-03-25,North America,United States,Corporate,Home & Living,Bedding,7,308.0,0.3,1509.2,-174.83,25.29,Low
MRG-2023-12787,2023-03-18,2023-03-26,North America,Canada,Consumer,Home & Living,Bedding,4,107.52,0.0,430.08,107.32,20.42,Low
MRG-2023-11799,2023-03-18,2023-03-20,Europe,Spain,Consumer,Electronics,Accessories,4,248.03,0.15,843.3,81.02,35.24,High
MRG-2023-12979,2023-03-18,2023-03-26,Europe,Germany,Consumer,Electronics,Audio,8,316.68,0.0,2533.44,676.04,25.34,High
MRG-2023-11975,2023-03-19,2023-03-24,North America,Canada,Corporate,Electronics,Smart Home,8,221.38,0.0,1771.04,371.43,22.68,Medium
MRG-2023-14803,2023-03-19,2023-03-21,Europe,Germany,Consumer,Electronics,Audio,10,18.7,0.0,187.0,29.7,47.29,Medium
MRG-2023-15051,2023-03-19,2023-03-27,Europe,Spain,Corporate,Home & Living,Kitchenware,9,322.05,0.15,2463.68,86.42,52.59,High
MRG-2023-12347,2023-03-19,2023-03-26,North America,Mexico,Consumer,Home & Living,Furniture,5,334.32,0.15,1420.86,-87.92,25.76,High
MRG-2023-13135,2023-03-20,2023-03-23,Europe,United Kingdom,Consumer,Home & Living,Decor,6,53.1,0.15,270.81,12.53,47.35,Low
MRG-2023-12984,2023-03-20,2023-03-28,North America,Mexico,Consumer,Electronics,Wearables,9,157.26,0.1,1273.81,196.34,54.07,Low
MRG-2023-13889,2023-03-20,2023-03-25,North America,United States,Home Office,Electronics,Smart Home,6,179.59,0.05,1023.66,109.49,38.42,High
MRG-2023-12020,2023-03-20,2023-03-23,Europe,United Kingdom,Consumer,Electronics,Accessories,1,372.24,0.0,372.24,143.26,13.23,High
MRG-2023-10343,2023-03-21,2023-03-22,APAC,Japan,Home Office,Apparel,Accessories,2,431.89,0.05,820.59,288.08,12.1,Low
MRG-2023-11420,2023-03-21,2023-03-29,Europe,Germany,Corporate,Apparel,Activewear,4,57.37,0.0,229.48,57.44,26.18,Medium
MRG-2023-14246,2023-03-21,2023-03-26,APAC,India,Corporate,Home & Living,Decor,2,296.69,0.05,563.71,152.03,15.38,Medium
MRG-2023-10088,2023-03-21,2023-03-29,APAC,Japan,Consumer,Home & Living,Decor,10,25.79,0.3,180.53,13.72,73.44,Medium
MRG-2023-15308,2023-03-21,2023-03-23,Europe,France,Consumer,Electronics,Smart Home,3,215.0,0.0,645.0,62.72,21.05,Low
MRG-2023-14090,2023-03-21,2023-03-26,APAC,Singapore,Home Office,Electronics,Smart Home,9,188.6,0.15,1442.79,214.38,17.32,Low
MRG-2023-11902,2023-03-21,2023-03-29,North America,Mexico,Corporate,Home & Living,Bedding,9,328.03,0.0,2952.27,582.36,56.12,Low
MRG-2023-11334,2023-03-21,2023-03-22,Europe,Spain,Consumer,Electronics,Audio,5,196.0,0.0,980.0,171.73,34.12,Critical
MRG-2023-11924,2023-03-22,2023-03-27,North America,United States,Corporate,Home & Living,Kitchenware,5,194.67,0.0,973.35,142.35,35.47,High
MRG-2023-12045,2023-03-22,2023-03-27,North America,Mexico,Consumer,Home & Living,Decor,3,441.09,0.1,1190.94,142.86,19.02,Low
MRG-2023-14330,2023-03-22,2023-03-30,Europe,Spain,Home Office,Home & Living,Decor,10,113.84,0.2,910.72,-78.02,69.58,High
MRG-2023-11177,2023-03-23,2023-03-26,Europe,United Kingdom,Home Office,Electronics,Audio,10,80.86,0.3,566.02,0.13,68.6,Low
MRG-2023-13318,2023-03-23,2023-03-31,Europe,Germany,Corporate,Electronics,Wearables,4,392.02,0.1,1411.27,262.07,15.12,High
MRG-2023-15379,2023-03-23,2023-03-27,Europe,France,Consumer,Home & Living,Bedding,2,311.98,0.2,499.17,37.68,10.36,Medium
MRG-2023-12616,2023-03-23,2023-03-28,North America,United States,Corporate,Home & Living,Furniture,6,278.91,0.0,1673.46,205.2,33.51,Low
MRG-2023-14172,2023-03-23,2023-03-30,North America,United States,Home Office,Electronics,Smart Home,2,274.93,0.0,549.86,113.97,17.11,Medium
MRG-2023-13393,2023-03-23,2023-03-31,APAC,India,Home Office,Apparel,Footwear,11,221.5,0.15,2071.03,-145.69,74.26,Medium
MRG-2023-15698,2023-03-24,2023-03-25,North America,Mexico,Corporate,Home & Living,Bedding,11,108.36,0.2,953.57,16.0,71.2,Medium
MRG-2023-15488,2023-03-24,2023-03-25,Europe,Spain,Corporate,Electronics,Wearables,11,347.64,0.0,3824.04,589.41,46.17,Medium
MRG-2023-13417,2023-03-25,2023-04-02,Europe,France,Consumer,Electronics,Accessories,4,327.76,0.3,917.73,-20.12,15.64,High
MRG-2023-12318,2023-03-25,2023-04-01,APAC,India,Consumer,Home & Living,Bedding,4,296.69,0.3,830.73,50.77,24.23,Low
MRG-2023-14287,2023-03-25,2023-04-02,North America,United States,Consumer,Electronics,Smart Home,11,183.46,0.0,2018.06,316.2,47.06,High
MRG-2023-15011,2023-03-25,2023-03-26,Europe,United Kingdom,Consumer,Home & Living,Kitchenware,4,20.24,0.0,80.96,12.84,28.51,High
MRG-2023-10116,2023-03-25,2023-03-30,APAC,India,Consumer,Electronics,Audio,5,52.69,0.05,250.28,49.82,41.88,High
MRG-2023-13505,2023-03-25,2023-03-28,North America,Canada,Consumer,Electronics,Smart Home,10,401.94,0.15,3416.49,735.79,57.09,High
MRG-2023-10299,2023-03-25,2023-03-27,Europe,Germany,Consumer,Apparel,Activewear,2,156.81,0.3,219.53,0.44,18.02,Medium
MRG-2023-13133,2023-03-25,2023-03-26,North America,Mexico,Home Office,Home & Living,Kitchenware,6,88.95,0.15,453.65,117.49,30.24,Medium
MRG-2023-13102,2023-03-26,2023-03-28,APAC,Australia,Consumer,Electronics,Wearables,8,175.09,0.05,1330.68,159.3,27.38,Medium
MRG-2023-14226,2023-03-27,2023-03-30,Europe,Germany,Consumer,Apparel,Outerwear,6,30.84,0.3,129.53,7.28,24.14,Low
MRG-2023-15752,2023-03-27,2023-04-04,Europe,Germany,Home Office,Apparel,Footwear,2,435.89,0.05,828.19,316.3,7.59,Medium
MRG-2023-15381,2023-03-27,2023-04-02,North America,Canada,Consumer,Apparel,Accessories,10,223.07,0.3,1561.49,163.99,18.89,Low
MRG-2023-12098,2023-03-27,2023-03-30,North America,United States,Home Office,Apparel,Outerwear,10,26.31,0.0,263.1,59.13,58.88,Low
MRG-2023-11114,2023-03-27,2023-04-04,North America,Canada,Consumer,Electronics,Wearables,11,381.76,0.2,3359.49,447.8,29.04,Medium
MRG-2023-12054,2023-03-28,2023-03-31,North America,United States,Consumer,Home & Living,Kitchenware,1,43.38,0.2,34.7,-0.69,19.8,High
MRG-2023-13917,2023-03-28,2023-04-04,APAC,India,Consumer,Apparel,Footwear,11,189.36,0.05,1978.81,609.06,43.28,Medium
MRG-2023-13692,2023-03-28,2023-03-31,Europe,France,Corporate,Apparel,Outerwear,10,439.42,0.1,3954.78,634.59,32.03,Low
MRG-2023-14235,2023-03-28,2023-04-04,North America,United States,Consumer,Apparel,Outerwear,2,143.8,0.0,287.6,37.26,11.4,Low
MRG-2023-13414,2023-03-29,2023-04-03,APAC,Australia,Consumer,Apparel,Activewear,4,280.17,0.0,1120.68,290.51,7.68,Medium
MRG-2023-12670,2023-03-29,2023-04-01,North America,Mexico,Home Office,Home & Living,Kitchenware,1,156.61,0.0,156.61,39.14,12.29,Low
MRG-2023-13727,2023-03-29,2023-03-31,North America,Mexico,Consumer,Home & Living,Bedding,10,363.62,0.3,2545.34,-70.72,53.16,High
MRG-2023-10559,2023-03-29,2023-04-02,North America,Mexico,Consumer,Home & Living,Kitchenware,6,179.73,0.1,970.54,175.04,43.49,High
MRG-2023-14349,2023-03-29,2023-04-05,Europe,United Kingdom,Consumer,Electronics,Wearables,7,158.28,0.0,1107.96,279.35,24.92,Critical
MRG-2023-11624,2023-03-29,2023-04-05,North America,Canada,Corporate,Home & Living,Bedding,8,15.61,0.0,124.88,48.36,21.54,High
MRG-2023-14602,2023-03-30,2023-04-06,North America,Mexico,Consumer,Home & Living,Bedding,11,146.3,0.05,1528.83,223.37,36.06,Low
MRG-2023-15018,2023-03-30,2023-04-07,APAC,Japan,Consumer,Home & Living,Decor,4,20.26,0.0,81.04,16.66,10.42,Medium
MRG-2023-13067,2023-03-30,2023-03-31,APAC,Singapore,Consumer,Home & Living,Decor,4,134.9,0.0,539.6,103.13,15.79,Medium
MRG-2023-13398,2023-03-30,2023-04-05,APAC,Singapore,Consumer,Home & Living,Furniture,2,151.36,0.15,257.31,51.18,16.36,Low
MRG-2023-13699,2023-03-30,2023-04-06,North America,Canada,Consumer,Electronics,Smart Home,7,116.0,0.2,649.6,22.29,43.78,Medium
MRG-2023-15176,2023-03-30,2023-04-07,North America,Mexico,Consumer,Apparel,Outerwear,11,98.18,0.1,971.98,275.02,37.92,Medium
MRG-2023-11904,2023-03-30,2023-04-06,APAC,Australia,Corporate,Electronics,Accessories,3,341.28,0.0,1023.84,156.76,13.26,Low
MRG-2023-11765,2023-03-30,2023-04-07,APAC,Australia,Corporate,Apparel,Footwear,11,323.45,0.3,2490.56,218.78,37.98,Medium
MRG-2023-14389,2023-03-30,2023-04-05,North America,Canada,Consumer,Apparel,Footwear,10,216.17,0.2,1729.36,119.53,15.32,High
MRG-2023-12542,2023-03-31,2023-04-01,North America,United States,Consumer,Electronics,Audio,5,224.33,0.2,897.32,246.37,18.93,High
MRG-2023-14424,2023-03-31,2023-04-01,APAC,Australia,Consumer,Apparel,Accessories,10,314.08,0.05,2983.76,530.25,52.02,Medium
MRG-2023-14152,2023-03-31,2023-04-07,North America,United States,Consumer,Home & Living,Decor,8,28.72,0.15,195.3,34.15,61.31,Low
MRG-2023-14787,2023-03-31,2023-04-07,North America,United States,Consumer,Electronics,Smart Home,3,275.42,0.0,826.26,145.54,18.44,Medium
MRG-2023-15821,2023-03-31,2023-04-04,North America,Mexico,Consumer,Home & Living,Furniture,3,182.49,0.15,465.35,65.61,17.38,Medium
MRG-2023-14793,2023-03-31,2023-04-07,North America,United States,Consumer,Home & Living,Furniture,7,155.75,0.3,763.17,-32.37,21.52,High
MRG-2023-11816,2023-04-01,2023-04-04,North America,Canada,Consumer,Electronics,Wearables,8,271.21,0.1,1952.71,-29.46,38.89,Medium
MRG-2023-11419,2023-04-01,2023-04-07,North America,Mexico,Consumer,Electronics,Audio,3,227.62,0.0,682.86,190.09,8.13,Medium
MRG-2023-11091,2023-04-01,2023-04-05,North America,Canada,Consumer,Apparel,Accessories,11,231.5,0.15,2164.53,607.08,19.9,Medium
MRG-2023-13356,2023-04-01,2023-04-06,North America,Canada,Corporate,Electronics,Smart Home,9,110.96,0.0,998.64,164.56,59.98,Low
MRG-2023-12218,2023-04-01,2023-04-08,Europe,Spain,Home Office,Home & Living,Decor,8,155.25,0.0,1242.0,231.73,56.96,Medium
MRG-2023-13457,2023-04-01,2023-04-06,North America,Mexico,Consumer,Home & Living,Kitchenware,2,193.85,0.05,368.31,137.53,18.01,High
MRG-2023-11686,2023-04-02,2023-04-08,North America,United States,Consumer,Home & Living,Furniture,5,318.77,0.1,1434.46,0.89,26.63,Medium
MRG-2023-12969,2023-04-02,2023-04-08,APAC,Singapore,Home Office,Home & Living,Furniture,7,152.95,0.15,910.05,-1.43,27.73,Low
MRG-2023-11055,2023-04-02,2023-04-07,APAC,Australia,Consumer,Electronics,Audio,1,346.06,0.2,276.85,5.77,9.66,High
MRG-2023-15061,2023-04-02,2023-04-09,APAC,Australia,Consumer,Apparel,Outerwear,5,289.08,0.2,1156.32,48.51,36.89,High
MRG-2023-12678,2023-04-02,2023-04-10,Europe,Spain,Corporate,Electronics,Accessories,2,219.56,0.3,307.38,22.95,25.38,High
MRG-2023-10685,2023-04-02,2023-04-05,APAC,Singapore,Consumer,Electronics,Audio,9,34.43,0.15,263.39,25.29,29.63,Low
MRG-2023-14915,2023-04-02,2023-04-09,North America,Canada,Corporate,Home & Living,Furniture,5,12.37,0.1,55.66,9.95,10.6,High
MRG-2023-13429,2023-04-02,2023-04-03,North America,Mexico,Consumer,Home & Living,Kitchenware,7,352.76,0.0,2469.32,724.66,36.63,Low
MRG-2023-15761,2023-04-02,2023-04-10,Europe,Germany,Consumer,Home & Living,Decor,11,335.35,0.1,3319.97,620.05,38.12,Medium
MRG-2023-15279,2023-04-02,2023-04-10,Europe,United Kingdom,Corporate,Electronics,Wearables,7,91.64,0.2,513.18,53.31,25.97,Medium
MRG-2023-14223,2023-04-02,2023-04-09,North America,Mexico,Corporate,Electronics,Accessories,3,355.12,0.1,958.82,91.2,30.8,Low
MRG-2023-12751,2023-04-02,2023-04-09,APAC,India,Consumer,Home & Living,Decor,2,18.16,0.2,29.06,3.75,19.66,Medium
MRG-2023-12806,2023-04-02,2023-04-06,APAC,Australia,Corporate,Electronics,Smart Home,8,235.77,0.0,1886.16,629.32,52.64,Critical
MRG-2023-15100,2023-04-02,2023-04-05,North America,United States,Consumer,Apparel,Accessories,9,406.32,0.3,2559.82,-95.33,66.98,Critical
MRG-2023-11974,2023-04-03,2023-04-08,North America,Canada,Corporate,Apparel,Accessories,7,129.83,0.1,817.93,63.14,47.5,High
MRG-2023-12844,2023-04-03,2023-04-04,North America,United States,Consumer,Electronics,Accessories,9,93.94,0.15,718.64,140.94,66.86,Low
MRG-2023-14546,2023-04-03,2023-04-09,APAC,Japan,Consumer,Electronics,Wearables,7,319.27,0.0,2234.89,242.13,30.68,Medium
MRG-2023-12537,2023-04-03,2023-04-10,North America,United States,Consumer,Home & Living,Decor,9,23.06,0.15,176.41,25.7,25.7,Low
MRG-2023-10011,2023-04-03,2023-04-08,North America,Mexico,Consumer,Apparel,Outerwear,11,161.32,0.1,1597.07,366.23,77.17,High
MRG-2023-13770,2023-04-03,2023-04-10,North America,Canada,Consumer,Electronics,Smart Home,9,433.9,0.05,3709.84,657.11,27.04,Medium
MRG-2023-11844,2023-04-03,2023-04-05,Europe,United Kingdom,Consumer,Home & Living,Kitchenware,3,120.5,0.0,361.5,106.03,18.64,Medium
MRG-2023-10518,2023-04-04,2023-04-12,Europe,United Kingdom,Consumer,Apparel,Footwear,6,145.2,0.3,609.84,-91.48,24.67,Low
MRG-2023-11425,2023-04-04,2023-04-11,Europe,France,Home Office,Home & Living,Bedding,10,39.83,0.3,278.81,-17.72,50.31,Medium
MRG-2023-10154,2023-04-04,2023-04-12,Europe,Spain,Corporate,Home & Living,Bedding,8,205.75,0.15,1399.1,204.52,48.11,Medium
MRG-2023-13763,2023-04-04,2023-04-07,North America,Canada,Consumer,Home & Living,Furniture,7,399.75,0.2,2238.6,146.05,54.44,High
MRG-2023-14934,2023-04-04,2023-04-10,APAC,Japan,Consumer,Electronics,Wearables,10,88.11,0.3,616.77,-92.52,22.65,Low
MRG-2023-15851,2023-04-04,2023-04-09,APAC,Australia,Consumer,Home & Living,Decor,11,139.01,0.1,1376.2,184.84,62.72,Medium
MRG-2023-12682,2023-04-04,2023-04-07,APAC,Japan,Consumer,Apparel,Outerwear,9,295.92,0.1,2396.95,212.73,33.84,Low
MRG-2023-10590,2023-04-04,2023-04-07,North America,Canada,Corporate,Home & Living,Kitchenware,5,152.55,0.0,762.75,211.9,31.88,High
MRG-2023-15591,2023-04-04,2023-04-11,North America,United States,Corporate,Apparel,Accessories,3,138.44,0.0,415.32,50.47,23.12,Medium
MRG-2023-12320,2023-04-05,2023-04-12,North America,Mexico,Consumer,Apparel,Activewear,5,293.87,0.15,1248.95,41.08,18.81,Low
MRG-2023-10338,2023-04-05,2023-04-09,APAC,India,Consumer,Home & Living,Decor,6,239.24,0.2,1148.35,169.13,22.22,Medium
MRG-2023-10463,2023-04-05,2023-04-13,North America,Mexico,Consumer,Home & Living,Decor,7,336.22,0.2,1882.83,77.91,31.96,Low
MRG-2023-12501,2023-04-05,2023-04-07,Europe,United Kingdom,Consumer,Electronics,Wearables,10,297.93,0.0,2979.3,660.24,73.57,Low
MRG-2023-14337,2023-04-06,2023-04-14,Europe,Germany,Corporate,Apparel,Activewear,11,33.63,0.0,369.93,126.5,48.06,Low
MRG-2023-12482,2023-04-06,2023-04-14,Europe,Spain,Corporate,Apparel,Accessories,8,435.4,0.05,3309.04,250.93,42.89,Medium
MRG-2023-11128,2023-04-06,2023-04-13,APAC,India,Consumer,Electronics,Audio,6,74.02,0.0,444.12,68.22,40.34,Medium
MRG-2023-12149,2023-04-06,2023-04-13,Europe,United Kingdom,Consumer,Home & Living,Bedding,4,322.79,0.0,1291.16,173.12,21.15,Medium
MRG-2023-15096,2023-04-06,2023-04-13,APAC,Singapore,Consumer,Electronics,Accessories,4,199.32,0.2,637.82,148.52,33.46,High
MRG-2023-13582,2023-04-07,2023-04-09,Europe,United Kingdom,Consumer,Apparel,Outerwear,9,89.34,0.15,683.45,50.43,18.43,Medium
MRG-2023-10193,2023-04-07,2023-04-11,North America,Mexico,Consumer,Home & Living,Kitchenware,10,319.73,0.0,3197.3,328.79,51.67,High
MRG-2023-11772,2023-04-07,2023-04-11,North America,Canada,Corporate,Home & Living,Kitchenware,10,224.32,0.15,1906.72,622.85,38.76,Low
MRG-2023-14151,2023-04-07,2023-04-13,North America,Mexico,Consumer,Home & Living,Kitchenware,8,245.16,0.05,1863.22,361.34,31.15,Low
MRG-2023-12543,2023-04-08,2023-04-11,North America,Canada,Corporate,Electronics,Wearables,2,220.72,0.0,441.44,129.23,14.95,Low
MRG-2023-12818,2023-04-08,2023-04-12,North America,Canada,Home Office,Apparel,Footwear,9,273.71,0.1,2217.05,443.9,62.02,Low
MRG-2023-11009,2023-04-08,2023-04-14,North America,Mexico,Consumer,Apparel,Footwear,5,42.99,0.0,214.95,55.4,39.31,Low
MRG-2023-10000,2023-04-08,2023-04-13,North America,Mexico,Corporate,Home & Living,Bedding,11,344.42,0.15,3220.33,4.08,46.1,Low
MRG-2023-14869,2023-04-08,2023-04-12,North America,Mexico,Corporate,Apparel,Footwear,5,33.37,0.15,141.82,33.91,24.21,Medium
MRG-2023-14417,2023-04-09,2023-04-10,North America,Canada,Consumer,Home & Living,Decor,11,277.43,0.0,3051.73,570.21,18.27,High
MRG-2023-13327,2023-04-09,2023-04-11,Europe,France,Corporate,Home & Living,Bedding,1,89.02,0.15,75.67,7.41,16.77,Low
MRG-2023-11512,2023-04-09,2023-04-16,APAC,Singapore,Consumer,Apparel,Accessories,1,264.03,0.1,237.63,-6.58,8.75,Medium
MRG-2023-11029,2023-04-09,2023-04-14,North America,Canada,Home Office,Electronics,Accessories,9,411.76,0.0,3705.84,1376.86,42.52,Medium
MRG-2023-10647,2023-04-09,2023-04-11,APAC,India,Consumer,Electronics,Smart Home,9,171.29,0.15,1310.37,149.84,25.59,Medium
MRG-2023-13101,2023-04-09,2023-04-11,Europe,France,Corporate,Electronics,Accessories,6,262.45,0.1,1417.23,21.07,28.96,Medium
MRG-2023-14696,2023-04-10,2023-04-16,Europe,Germany,Consumer,Electronics,Audio,1,50.82,0.2,40.66,1.2,19.2,Low
MRG-2023-14062,2023-04-10,2023-04-11,Europe,United Kingdom,Consumer,Home & Living,Kitchenware,11,225.96,0.1,2237.0,272.71,70.11,Medium
MRG-2023-14547,2023-04-10,2023-04-15,North America,Mexico,Consumer,Home & Living,Bedding,9,128.48,0.0,1156.32,119.06,44.67,High
MRG-2023-12767,2023-04-11,2023-04-15,North America,United States,Consumer,Home & Living,Kitchenware,4,27.43,0.0,109.72,44.21,31.77,Medium
MRG-2023-13650,2023-04-11,2023-04-12,Europe,France,Consumer,Apparel,Activewear,4,438.27,0.0,1753.08,341.41,21.73,Low
MRG-2023-13181,2023-04-11,2023-04-16,North America,United States,Consumer,Apparel,Accessories,5,255.59,0.0,1277.95,365.93,20.3,Low
MRG-2023-15565,2023-04-11,2023-04-19,APAC,India,Consumer,Apparel,Activewear,3,168.34,0.0,505.02,184.05,26.58,Medium
MRG-2023-14483,2023-04-11,2023-04-14,North America,Mexico,Corporate,Apparel,Activewear,8,385.28,0.05,2928.13,737.83,28.29,Medium
MRG-2023-13546,2023-04-11,2023-04-16,Europe,France,Consumer,Electronics,Smart Home,5,208.41,0.0,1042.05,155.82,37.12,High
MRG-2023-15204,2023-04-11,2023-04-13,Europe,France,Home Office,Electronics,Wearables,1,360.98,0.2,288.78,47.26,16.17,Medium
MRG-2023-10473,2023-04-11,2023-04-18,North America,Canada,Corporate,Electronics,Audio,6,373.38,0.0,2240.28,447.37,22.12,Critical
MRG-2023-13121,2023-04-11,2023-04-18,North America,United States,Consumer,Home & Living,Kitchenware,1,386.57,0.2,309.26,10.92,8.78,Low
MRG-2023-15164,2023-04-11,2023-04-13,North America,United States,Consumer,Electronics,Smart Home,2,57.9,0.3,81.06,-12.16,7.74,High
MRG-2023-15952,2023-04-11,2023-04-15,North America,Mexico,Corporate,Electronics,Smart Home,4,215.66,0.3,603.85,28.5,36.76,Low
MRG-2023-15877,2023-04-12,2023-04-14,North America,United States,Home Office,Home & Living,Furniture,11,340.27,0.05,3555.82,132.63,63.27,Low
MRG-2023-10709,2023-04-12,2023-04-19,Europe,Germany,Consumer,Electronics,Wearables,3,181.05,0.0,543.15,145.57,13.16,Low
MRG-2023-15822,2023-04-12,2023-04-20,APAC,Japan,Home Office,Apparel,Outerwear,7,147.16,0.0,1030.12,145.13,15.54,Medium
MRG-2023-13111,2023-04-12,2023-04-15,APAC,Japan,Corporate,Home & Living,Kitchenware,7,184.8,0.2,1034.88,166.02,49.27,Medium
MRG-2023-13703,2023-04-12,2023-04-19,APAC,Japan,Consumer,Apparel,Accessories,7,47.09,0.0,329.63,73.08,33.4,Low
MRG-2023-15678,2023-04-12,2023-04-17,Europe,Spain,Consumer,Home & Living,Kitchenware,3,324.13,0.15,826.53,43.52,23.38,Critical
MRG-2023-13942,2023-04-13,2023-04-15,APAC,India,Consumer,Apparel,Outerwear,5,10.28,0.15,43.69,4.18,36.42,Low
MRG-2023-14700,2023-04-13,2023-04-18,Europe,France,Corporate,Home & Living,Bedding,8,264.19,0.15,1796.49,192.3,46.11,Critical
MRG-2023-12959,2023-04-13,2023-04-14,North America,Canada,Consumer,Apparel,Footwear,2,435.76,0.0,871.52,234.49,14.44,Low
MRG-2023-13675,2023-04-13,2023-04-19,Europe,United Kingdom,Corporate,Apparel,Footwear,7,22.44,0.2,125.66,25.71,25.12,High
MRG-2023-10516,2023-04-14,2023-04-22,Europe,Germany,Consumer,Apparel,Outerwear,10,314.19,0.15,2670.61,-81.36,15.56,Medium
MRG-2023-14798,2023-04-14,2023-04-17,North America,Mexico,Consumer,Apparel,Accessories,4,410.32,0.0,1641.28,603.5,18.91,Critical
MRG-2023-10809,2023-04-14,2023-04-21,North America,Mexico,Home Office,Home & Living,Kitchenware,11,108.26,0.15,1012.23,170.86,48.86,Low
MRG-2023-13779,2023-04-14,2023-04-18,North America,Canada,Consumer,Electronics,Wearables,9,174.42,0.3,1098.85,69.32,47.27,High
MRG-2023-10187,2023-04-14,2023-04-21,North America,Mexico,Corporate,Electronics,Smart Home,4,129.96,0.0,519.84,114.79,18.87,High
MRG-2023-12394,2023-04-14,2023-04-20,Europe,United Kingdom,Corporate,Home & Living,Furniture,3,285.61,0.0,856.83,87.34,16.99,Low
MRG-2023-15303,2023-04-15,2023-04-23,APAC,Singapore,Consumer,Apparel,Accessories,7,66.8,0.0,467.6,74.48,16.59,High
MRG-2023-11351,2023-04-15,2023-04-23,North America,United States,Consumer,Home & Living,Bedding,7,247.1,0.0,1729.7,610.37,34.29,Medium
MRG-2023-13950,2023-04-16,2023-04-17,North America,Canada,Consumer,Electronics,Audio,3,447.48,0.1,1208.2,302.57,14.32,Medium
MRG-2023-14557,2023-04-16,2023-04-24,North America,Mexico,Consumer,Electronics,Smart Home,3,244.13,0.1,659.15,17.2,18.62,Medium
MRG-2023-11582,2023-04-16,2023-04-24,North America,Canada,Consumer,Apparel,Footwear,10,53.34,0.05,506.73,75.19,15.92,Low
MRG-2023-13029,2023-04-16,2023-04-21,APAC,Australia,Consumer,Home & Living,Decor,6,31.88,0.3,133.9,9.38,30.44,Low
MRG-2023-13791,2023-04-16,2023-04-21,Europe,Germany,Corporate,Apparel,Accessories,10,308.69,0.0,3086.9,577.47,73.08,Low
MRG-2023-11099,2023-04-17,2023-04-22,North America,Canada,Consumer,Home & Living,Kitchenware,6,403.55,0.05,2300.24,206.24,18.93,Low
MRG-2023-11220,2023-04-17,2023-04-22,Europe,Germany,Consumer,Apparel,Outerwear,8,411.1,0.2,2631.04,588.93,44.33,Medium
MRG-2023-15433,2023-04-17,2023-04-25,Europe,Germany,Consumer,Home & Living,Bedding,2,421.44,0.0,842.88,232.61,22.52,Critical
MRG-2023-12414,2023-04-17,2023-04-24,APAC,Japan,Corporate,Home & Living,Bedding,3,266.78,0.3,560.24,-61.66,7.45,Medium
MRG-2023-15610,2023-04-17,2023-04-25,APAC,Japan,Corporate,Apparel,Footwear,7,367.18,0.0,2570.26,329.2,15.5,Medium
MRG-2023-13159,2023-04-17,2023-04-25,North America,United States,Consumer,Electronics,Audio,4,129.36,0.2,413.95,-38.32,18.37,Low
MRG-2023-13408,2023-04-18,2023-04-23,North America,Mexico,Consumer,Electronics,Wearables,7,442.24,0.0,3095.68,358.65,24.55,Medium
MRG-2023-12011,2023-04-18,2023-04-21,North America,Mexico,Corporate,Apparel,Activewear,8,311.55,0.15,2118.54,308.44,42.77,High
MRG-2023-10887,2023-04-19,2023-04-23,Europe,United Kingdom,Corporate,Home & Living,Kitchenware,1,98.86,0.1,88.97,8.24,8.28,Medium
MRG-2023-13649,2023-04-19,2023-04-27,Europe,United Kingdom,Consumer,Home & Living,Decor,8,98.12,0.0,784.96,316.07,21.02,High
MRG-2023-13298,2023-04-20,2023-04-25,North America,United States,Corporate,Home & Living,Bedding,2,41.41,0.0,82.82,23.93,15.63,Critical
MRG-2023-13052,2023-04-20,2023-04-23,Europe,Germany,Consumer,Electronics,Accessories,10,63.88,0.05,606.86,150.1,63.4,Medium
MRG-2023-12986,2023-04-20,2023-04-24,North America,United States,Consumer,Apparel,Footwear,1,279.29,0.05,265.33,84.71,13.76,Medium
MRG-2023-11652,2023-04-20,2023-04-27,Europe,France,Home Office,Apparel,Outerwear,4,254.89,0.1,917.6,277.07,14.48,High
MRG-2023-11367,2023-04-20,2023-04-27,North America,United States,Home Office,Electronics,Accessories,9,300.37,0.0,2703.33,1067.19,37.59,Low
MRG-2023-13246,2023-04-21,2023-04-27,APAC,Japan,Consumer,Home & Living,Decor,3,59.6,0.0,178.8,19.2,19.16,Low
MRG-2023-13019,2023-04-21,2023-04-27,North America,United States,Consumer,Apparel,Outerwear,3,17.05,0.2,40.92,3.28,7.68,Low
MRG-2023-11840,2023-04-21,2023-04-22,North America,United States,Consumer,Electronics,Wearables,5,112.06,0.0,560.3,188.0,29.13,Low
MRG-2023-15320,2023-04-21,2023-04-28,APAC,Singapore,Corporate,Electronics,Wearables,1,196.78,0.2,157.42,14.21,14.99,High
MRG-2023-13171,2023-04-21,2023-04-29,Europe,Germany,Consumer,Apparel,Accessories,1,418.85,0.0,418.85,158.65,7.9,Low
MRG-2023-12626,2023-04-21,2023-04-23,Europe,United Kingdom,Home Office,Home & Living,Decor,4,333.11,0.3,932.71,-65.31,29.43,Low
MRG-2023-10056,2023-04-22,2023-04-27,APAC,Singapore,Consumer,Home & Living,Furniture,1,185.4,0.15,157.59,32.84,12.19,Medium
MRG-2023-12836,2023-04-22,2023-04-26,North America,United States,Consumer,Home & Living,Decor,7,197.7,0.2,1107.12,108.22,47.85,Medium
MRG-2023-11982,2023-04-22,2023-04-23,North America,Canada,Home Office,Apparel,Outerwear,3,185.88,0.0,557.64,174.46,22.83,Medium
MRG-2023-14970,2023-04-22,2023-04-25,APAC,India,Consumer,Apparel,Outerwear,9,137.81,0.2,992.23,52.93,63.86,Medium
MRG-2023-10152,2023-04-23,2023-04-30,North America,Canada,Consumer,Apparel,Accessories,9,162.51,0.3,1023.81,-153.57,67.5,High
MRG-2023-14496,2023-04-23,2023-04-30,North America,United States,Home Office,Apparel,Outerwear,3,360.97,0.0,1082.91,315.11,12.92,Low
MRG-2023-14050,2023-04-23,2023-05-01,North America,Mexico,Corporate,Apparel,Footwear,2,439.84,0.05,835.7,141.39,8.48,Low
MRG-2023-15363,2023-04-23,2023-04-26,North America,Mexico,Consumer,Electronics,Wearables,10,81.77,0.2,654.16,45.07,54.94,Low
MRG-2023-10763,2023-04-23,2023-04-30,North America,Canada,Home Office,Home & Living,Furniture,4,77.44,0.1,278.78,94.27,24.77,Low
MRG-2023-13598,2023-04-23,2023-04-25,North America,United States,Home Office,Home & Living,Decor,11,366.21,0.2,3222.65,356.38,24.54,Low
MRG-2023-14364,2023-04-23,2023-04-27,North America,United States,Consumer,Apparel,Footwear,4,134.62,0.1,484.63,63.39,22.98,High
MRG-2023-15746,2023-04-23,2023-04-27,North America,Canada,Home Office,Home & Living,Furniture,2,404.37,0.1,727.87,141.97,10.68,Low
MRG-2023-14522,2023-04-24,2023-05-02,Europe,Germany,Consumer,Electronics,Smart Home,10,80.66,0.0,806.6,212.09,65.56,High
MRG-2023-13096,2023-04-24,2023-05-01,APAC,Japan,Consumer,Home & Living,Decor,8,103.13,0.2,660.03,-3.72,52.04,Low
MRG-2023-13873,2023-04-24,2023-04-25,APAC,India,Consumer,Electronics,Audio,2,288.31,0.15,490.13,64.25,13.85,Medium
MRG-2023-13502,2023-04-24,2023-04-26,North America,Mexico,Home Office,Home & Living,Bedding,5,288.68,0.15,1226.89,311.24,17.01,Medium
MRG-2023-12983,2023-04-24,2023-04-26,Europe,Germany,Home Office,Apparel,Footwear,7,115.92,0.1,730.3,150.32,16.82,Low
MRG-2023-10114,2023-04-24,2023-05-02,Europe,Spain,Consumer,Electronics,Audio,7,19.73,0.0,138.11,51.06,26.25,Medium
MRG-2023-14326,2023-04-24,2023-04-27,Europe,France,Corporate,Home & Living,Kitchenware,10,150.95,0.1,1358.55,378.69,50.08,Medium
MRG-2023-12255,2023-04-25,2023-04-28,North America,Mexico,Consumer,Electronics,Audio,2,162.31,0.2,259.7,27.83,8.6,Medium
MRG-2023-15340,2023-04-25,2023-05-02,Europe,United Kingdom,Corporate,Apparel,Outerwear,3,389.29,0.0,1167.87,453.78,26.55,Medium
MRG-2023-12970,2023-04-25,2023-04-28,APAC,India,Consumer,Home & Living,Kitchenware,5,383.99,0.05,1823.95,338.53,26.79,Medium
MRG-2023-10051,2023-04-25,2023-04-26,North America,United States,Home Office,Apparel,Footwear,5,272.53,0.0,1362.65,112.4,34.28,Medium
MRG-2023-13735,2023-04-25,2023-05-03,Europe,Spain,Consumer,Apparel,Footwear,7,302.02,0.0,2114.14,772.81,26.67,Medium
MRG-2023-14405,2023-04-25,2023-04-29,Europe,Germany,Corporate,Apparel,Activewear,1,437.4,0.1,393.66,101.49,10.23,Low
MRG-2023-14783,2023-04-26,2023-05-04,Europe,United Kingdom,Consumer,Home & Living,Kitchenware,6,414.09,0.3,1739.18,-260.88,34.24,Low
MRG-2023-15167,2023-04-26,2023-04-27,North America,United States,Consumer,Apparel,Footwear,10,154.32,0.2,1234.56,-45.64,54.81,High
MRG-2023-11778,2023-04-26,2023-05-03,APAC,Australia,Corporate,Apparel,Footwear,1,167.8,0.05,159.41,41.27,17.27,Medium
MRG-2023-10756,2023-04-26,2023-04-28,North America,Mexico,Consumer,Apparel,Outerwear,2,130.13,0.0,260.26,39.4,14.51,Low
MRG-2023-11165,2023-04-26,2023-04-28,Europe,Spain,Consumer,Apparel,Outerwear,2,41.18,0.15,70.01,10.7,12.03,Medium
MRG-2023-12471,2023-04-26,2023-04-30,North America,United States,Home Office,Home & Living,Furniture,1,251.62,0.0,251.62,59.5,18.07,Low
MRG-2023-14252,2023-04-26,2023-04-27,Europe,Spain,Consumer,Home & Living,Bedding,1,301.31,0.05,286.24,42.91,8.87,Low
MRG-2023-15504,2023-04-26,2023-04-27,Europe,United Kingdom,Consumer,Electronics,Accessories,4,30.1,0.05,114.38,10.33,21.34,Medium
MRG-2023-14941,2023-04-27,2023-05-05,Europe,Spain,Home Office,Electronics,Accessories,5,62.9,0.2,251.6,19.21,19.37,Low
MRG-2023-14818,2023-04-27,2023-05-03,APAC,Australia,Corporate,Home & Living,Furniture,2,35.14,0.05,66.77,15.55,20.17,Medium
MRG-2023-14351,2023-04-27,2023-04-30,Europe,Germany,Consumer,Home & Living,Kitchenware,4,96.63,0.0,386.52,101.09,16.16,High
MRG-2023-14431,2023-04-27,2023-05-03,APAC,Singapore,Home Office,Home & Living,Decor,7,352.12,0.3,1725.39,-178.0,46.92,Medium
MRG-2023-14741,2023-04-27,2023-04-28,North America,Canada,Corporate,Electronics,Accessories,1,394.87,0.0,394.87,86.54,17.54,Medium
MRG-2023-12259,2023-04-28,2023-05-03,APAC,India,Home Office,Electronics,Wearables,7,416.93,0.0,2918.51,731.8,27.65,Medium
MRG-2023-15662,2023-04-28,2023-05-05,Europe,United Kingdom,Home Office,Home & Living,Decor,2,253.78,0.15,431.43,97.73,16.52,Medium
MRG-2023-12521,2023-04-28,2023-04-29,North America,Canada,Consumer,Home & Living,Bedding,4,256.57,0.2,821.02,127.05,28.23,Low
MRG-2023-15672,2023-04-28,2023-05-04,North America,Mexico,Home Office,Home & Living,Furniture,9,179.14,0.05,1531.65,376.38,57.82,Critical
MRG-2023-11495,2023-04-28,2023-05-05,North America,Canada,Consumer,Apparel,Footwear,11,408.75,0.05,4271.44,1512.55,53.8,Low
MRG-2023-10575,2023-04-29,2023-05-01,North America,United States,Consumer,Electronics,Smart Home,11,126.0,0.0,1386.0,491.88,16.54,High
MRG-2023-10307,2023-04-29,2023-05-01,North America,United States,Corporate,Home & Living,Furniture,7,269.74,0.0,1888.18,250.2,50.14,High
MRG-2023-13681,2023-04-29,2023-04-30,North America,Mexico,Consumer,Apparel,Outerwear,2,67.28,0.0,134.56,47.15,8.82,Critical
MRG-2023-11391,2023-04-29,2023-05-03,North America,United States,Corporate,Electronics,Smart Home,9,44.96,0.0,404.64,46.37,52.83,Medium
MRG-2023-11921,2023-04-29,2023-05-06,APAC,Singapore,Consumer,Home & Living,Bedding,6,418.39,0.3,1757.24,-263.59,21.53,Low
MRG-2023-11696,2023-04-30,2023-05-08,Europe,Spain,Corporate,Electronics,Smart Home,8,155.25,0.2,993.6,3.47,22.53,Low
MRG-2023-11870,2023-04-30,2023-05-08,North America,United States,Corporate,Electronics,Smart Home,11,241.98,0.0,2661.78,450.12,54.61,High
MRG-2023-13532,2023-04-30,2023-05-01,North America,Mexico,Corporate,Home & Living,Kitchenware,3,229.08,0.15,584.15,118.4,19.07,Medium
MRG-2023-14122,2023-04-30,2023-05-08,North America,Canada,Consumer,Electronics,Audio,5,243.78,0.2,975.12,204.31,27.07,Low
MRG-2023-10162,2023-04-30,2023-05-04,Europe,France,Home Office,Electronics,Accessories,6,376.11,0.0,2256.66,517.98,52.27,Low
MRG-2023-15959,2023-04-30,2023-05-08,North America,Mexico,Consumer,Apparel,Accessories,11,192.74,0.15,1802.12,160.35,35.31,Medium
MRG-2023-11954,2023-04-30,2023-05-07,North America,United States,Corporate,Apparel,Outerwear,8,217.64,0.1,1567.01,210.68,34.81,Medium
MRG-2023-14453,2023-04-30,2023-05-08,North America,Canada,Corporate,Apparel,Accessories,7,167.32,0.05,1112.68,178.96,24.47,Medium
MRG-2023-12876,2023-04-30,2023-05-04,Europe,Spain,Home Office,Apparel,Activewear,3,300.2,0.0,900.6,326.92,19.92,Medium
MRG-2023-12153,2023-04-30,2023-05-01,North America,Mexico,Corporate,Electronics,Accessories,6,174.85,0.0,1049.1,430.93,21.07,Medium
MRG-2023-11442,2023-04-30,2023-05-02,APAC,India,Corporate,Electronics,Audio,9,231.37,0.2,1665.86,299.44,27.37,Critical
MRG-2023-12154,2023-04-30,2023-05-03,North America,United States,Corporate,Electronics,Audio,2,425.3,0.0,850.6,150.59,12.8,Low
MRG-2023-15147,2023-05-01,2023-05-09,North America,Canada,Consumer,Apparel,Accessories,1,348.16,0.15,295.94,27.32,17.26,High
MRG-2023-10735,2023-05-01,2023-05-02,APAC,Singapore,Home Office,Apparel,Accessories,6,251.73,0.15,1283.82,319.3,40.29,High
MRG-2023-15922,2023-05-01,2023-05-07,Europe,France,Home Office,Apparel,Activewear,10,369.62,0.15,3141.77,481.57,14.75,Critical
MRG-2023-15563,2023-05-01,2023-05-07,North America,Mexico,Consumer,Electronics,Audio,3,227.81,0.1,615.09,196.13,30.87,Medium
MRG-2023-10407,2023-05-02,2023-05-08,North America,Canada,Home Office,Electronics,Wearables,1,208.26,0.0,208.26,77.31,8.67,Low
MRG-2023-12353,2023-05-02,2023-05-06,Europe,Germany,Home Office,Electronics,Accessories,5,349.64,0.0,1748.2,627.05,13.77,High
MRG-2023-12802,2023-05-02,2023-05-06,North America,Mexico,Corporate,Home & Living,Furniture,2,78.5,0.15,133.45,1.77,10.93,Medium
MRG-2023-12151,2023-05-02,2023-05-05,North America,United States,Consumer,Home & Living,Kitchenware,7,248.3,0.2,1390.48,-77.86,16.81,Low
MRG-2023-11191,2023-05-02,2023-05-03,North America,Canada,Home Office,Apparel,Outerwear,7,238.51,0.0,1669.57,203.54,16.1,Low
MRG-2023-11510,2023-05-02,2023-05-05,APAC,Australia,Corporate,Apparel,Outerwear,6,203.31,0.3,853.9,8.88,43.81,Low
MRG-2023-13708,2023-05-03,2023-05-08,North America,United States,Consumer,Home & Living,Bedding,9,331.54,0.15,2536.28,-140.8,46.88,High
MRG-2023-12197,2023-05-03,2023-05-09,APAC,Singapore,Corporate,Electronics,Accessories,8,354.08,0.0,2832.64,626.37,52.9,Critical
MRG-2023-11281,2023-05-03,2023-05-09,North America,Mexico,Consumer,Electronics,Audio,9,162.08,0.1,1312.85,333.95,45.27,Medium
MRG-2023-10907,2023-05-03,2023-05-07,Europe,France,Consumer,Apparel,Outerwear,3,411.48,0.0,1234.44,484.03,14.55,Critical
MRG-2023-11005,2023-05-03,2023-05-10,Europe,Spain,Consumer,Home & Living,Decor,5,75.8,0.0,379.0,85.98,32.65,Medium
MRG-2023-14939,2023-05-04,2023-05-09,Europe,United Kingdom,Consumer,Home & Living,Bedding,6,437.69,0.3,1838.3,-235.25,36.36,Medium
MRG-2023-14619,2023-05-04,2023-05-11,Europe,France,Corporate,Home & Living,Furniture,3,258.49,0.1,697.92,91.29,23.82,Medium
MRG-2023-15144,2023-05-04,2023-05-11,North America,Mexico,Consumer,Electronics,Accessories,6,292.82,0.0,1756.92,388.74,20.41,High
MRG-2023-12584,2023-05-04,2023-05-05,North America,United States,Corporate,Apparel,Footwear,11,43.12,0.2,379.46,15.82,24.69,Medium
MRG-2023-15939,2023-05-04,2023-05-06,Europe,United Kingdom,Home Office,Home & Living,Kitchenware,7,432.34,0.05,2875.06,860.03,27.48,Medium
MRG-2023-15077,2023-05-04,2023-05-08,Europe,Spain,Consumer,Electronics,Accessories,3,128.02,0.0,384.06,99.42,20.45,Medium
MRG-2023-12842,2023-05-04,2023-05-05,North America,Mexico,Consumer,Electronics,Smart Home,9,308.88,0.0,2779.92,1012.95,46.66,High
MRG-2023-13669,2023-05-04,2023-05-05,APAC,Japan,Consumer,Apparel,Accessories,8,24.76,0.2,158.46,16.41,56.8,Low
MRG-2023-11180,2023-05-04,2023-05-11,North America,United States,Corporate,Home & Living,Bedding,10,189.73,0.0,1897.3,704.99,34.73,Medium
MRG-2023-13244,2023-05-04,2023-05-12,Europe,France,Consumer,Apparel,Accessories,8,405.58,0.05,3082.41,138.7,48.53,Low
MRG-2023-14488,2023-05-05,2023-05-06,North America,United States,Home Office,Apparel,Accessories,1,88.22,0.0,88.22,27.75,11.25,Medium
MRG-2023-12334,2023-05-05,2023-05-12,Europe,Germany,Consumer,Electronics,Accessories,3,439.22,0.0,1317.66,258.92,10.05,Medium
MRG-2023-11372,2023-05-05,2023-05-10,North America,Canada,Consumer,Home & Living,Furniture,3,224.78,0.15,573.19,177.66,22.81,Medium
MRG-2023-14131,2023-05-05,2023-05-07,Europe,Germany,Consumer,Apparel,Activewear,11,182.67,0.0,2009.37,332.84,36.2,High
MRG-2023-12304,2023-05-05,2023-05-09,APAC,India,Consumer,Electronics,Smart Home,7,199.17,0.05,1324.48,320.79,40.51,High
MRG-2023-10124,2023-05-05,2023-05-12,North America,United States,Consumer,Home & Living,Bedding,7,23.55,0.0,164.85,24.72,23.03,High
MRG-2023-13641,2023-05-05,2023-05-08,Europe,United Kingdom,Consumer,Electronics,Accessories,4,52.84,0.1,190.22,45.83,27.41,Low
MRG-2023-12932,2023-05-05,2023-05-09,North America,Mexico,Consumer,Electronics,Smart Home,2,253.01,0.0,506.02,186.79,25.51,High
MRG-2023-13197,2023-05-05,2023-05-08,North America,Mexico,Corporate,Electronics,Wearables,5,352.13,0.05,1672.62,150.37,21.82,Medium
MRG-2023-12740,2023-05-05,2023-05-12,North America,United States,Consumer,Electronics,Smart Home,3,205.26,0.0,615.78,159.37,19.23,Low
MRG-2023-15509,2023-05-05,2023-05-10,North America,Canada,Home Office,Electronics,Audio,8,105.22,0.1,757.58,131.18,37.1,Low
MRG-2023-13373,2023-05-05,2023-05-11,Europe,Germany,Consumer,Home & Living,Bedding,2,407.28,0.15,692.38,211.73,14.89,Medium
MRG-2023-13625,2023-05-06,2023-05-11,North America,United States,Corporate,Apparel,Footwear,11,227.85,0.1,2255.72,701.09,80.83,Low
MRG-2023-14767,2023-05-06,2023-05-09,North America,Mexico,Consumer,Home & Living,Kitchenware,3,267.94,0.05,763.63,129.93,14.57,Low
MRG-2023-11801,2023-05-06,2023-05-13,North America,Canada,Consumer,Electronics,Accessories,11,446.57,0.2,3929.82,-208.73,42.84,Medium
MRG-2023-15726,2023-05-06,2023-05-13,North America,Canada,Consumer,Apparel,Accessories,8,314.64,0.3,1761.98,118.6,53.7,Medium
MRG-2023-13407,2023-05-06,2023-05-09,Europe,Spain,Consumer,Electronics,Wearables,11,160.64,0.0,1767.04,412.06,75.2,Medium
MRG-2023-13015,2023-05-06,2023-05-12,Europe,United Kingdom,Home Office,Apparel,Accessories,3,274.81,0.0,824.43,106.65,10.71,Medium
MRG-2023-11308,2023-05-07,2023-05-13,Europe,United Kingdom,Home Office,Apparel,Accessories,4,299.43,0.3,838.4,34.08,24.33,Low
MRG-2023-15763,2023-05-07,2023-05-10,APAC,Singapore,Consumer,Home & Living,Decor,9,303.67,0.3,1913.12,-286.97,33.04,Critical
MRG-2023-15455,2023-05-07,2023-05-11,Europe,Germany,Consumer,Home & Living,Furniture,5,227.89,0.2,911.56,145.19,30.96,Low
MRG-2023-12790,2023-05-07,2023-05-10,North America,Canada,Corporate,Electronics,Smart Home,11,345.11,0.0,3796.21,689.93,29.41,Low
MRG-2023-12077,2023-05-08,2023-05-14,Europe,Spain,Consumer,Home & Living,Furniture,2,215.12,0.0,430.24,97.39,22.09,Medium
MRG-2023-12181,2023-05-08,2023-05-14,Europe,United Kingdom,Corporate,Electronics,Audio,7,101.41,0.3,496.91,-43.17,13.56,Low
MRG-2023-11378,2023-05-08,2023-05-10,APAC,Australia,Consumer,Home & Living,Bedding,9,194.79,0.1,1577.8,446.92,22.94,Low
MRG-2023-15814,2023-05-08,2023-05-15,Europe,United Kingdom,Home Office,Electronics,Accessories,3,309.18,0.2,742.03,-61.16,21.31,Low
MRG-2023-14961,2023-05-09,2023-05-17,North America,Canada,Corporate,Home & Living,Decor,9,375.58,0.2,2704.18,-254.04,36.87,High
MRG-2023-11943,2023-05-09,2023-05-17,APAC,India,Home Office,Electronics,Wearables,8,250.68,0.0,2005.44,392.15,52.26,Medium
MRG-2023-14400,2023-05-10,2023-05-13,North America,Mexico,Corporate,Home & Living,Bedding,4,155.24,0.3,434.67,-36.57,24.49,Low
MRG-2023-15078,2023-05-10,2023-05-13,North America,Mexico,Consumer,Home & Living,Kitchenware,3,161.77,0.1,436.78,69.33,24.82,Low
MRG-2023-11169,2023-05-10,2023-05-18,North America,United States,Consumer,Apparel,Outerwear,5,190.78,0.0,953.9,281.2,23.89,High
MRG-2023-10571,2023-05-10,2023-05-18,Europe,France,Corporate,Home & Living,Bedding,10,276.03,0.15,2346.26,203.33,45.13,Medium
MRG-2023-11312,2023-05-10,2023-05-16,Europe,United Kingdom,Corporate,Home & Living,Decor,9,261.52,0.0,2353.68,757.89,54.59,Low
MRG-2023-14188,2023-05-10,2023-05-17,North America,Mexico,Consumer,Apparel,Activewear,2,60.07,0.0,120.14,13.9,17.76,Medium
MRG-2023-11347,2023-05-10,2023-05-14,North America,United States,Consumer,Electronics,Accessories,1,142.04,0.15,120.73,13.06,18.62,Medium
MRG-2023-10511,2023-05-11,2023-05-14,North America,United States,Consumer,Electronics,Accessories,6,432.24,0.2,2074.75,293.71,17.77,Low
MRG-2023-11647,2023-05-11,2023-05-16,North America,United States,Consumer,Apparel,Footwear,11,102.35,0.15,956.97,100.98,71.81,High
MRG-2023-10330,2023-05-11,2023-05-13,Europe,France,Consumer,Home & Living,Bedding,1,99.33,0.0,99.33,13.96,12.36,Low
MRG-2023-12225,2023-05-11,2023-05-18,Europe,Germany,Consumer,Apparel,Footwear,10,73.14,0.05,694.83,48.76,69.21,Medium
MRG-2023-14964,2023-05-11,2023-05-12,North America,Mexico,Consumer,Electronics,Wearables,11,437.0,0.15,4085.95,711.1,76.63,High
MRG-2023-13827,2023-05-11,2023-05-16,North America,Canada,Consumer,Apparel,Activewear,2,61.29,0.0,122.58,12.81,14.12,High
MRG-2023-13956,2023-05-11,2023-05-12,North America,Mexico,Corporate,Electronics,Smart Home,4,233.24,0.2,746.37,195.06,20.6,High
MRG-2023-15341,2023-05-12,2023-05-13,APAC,Australia,Consumer,Home & Living,Kitchenware,3,23.67,0.1,63.91,11.07,20.49,Low
MRG-2023-14703,2023-05-12,2023-05-18,North America,United States,Corporate,Apparel,Accessories,2,288.78,0.0,577.56,54.49,14.3,Medium
MRG-2023-12634,2023-05-12,2023-05-19,Europe,France,Home Office,Apparel,Footwear,6,119.91,0.1,647.51,17.18,38.55,Low
MRG-2023-13357,2023-05-12,2023-05-15,APAC,Australia,Consumer,Apparel,Accessories,7,354.99,0.1,2236.44,178.3,51.97,High
MRG-2023-12329,2023-05-12,2023-05-13,North America,Canada,Consumer,Electronics,Smart Home,3,279.92,0.05,797.77,244.62,14.33,Low
MRG-2023-15146,2023-05-12,2023-05-16,North America,Canada,Consumer,Electronics,Accessories,3,236.96,0.0,710.88,272.71,30.24,Critical
MRG-2023-14765,2023-05-12,2023-05-18,North America,Mexico,Consumer,Electronics,Wearables,4,257.96,0.05,980.25,313.75,21.91,Medium
MRG-2023-10866,2023-05-12,2023-05-17,North America,Canada,Consumer,Electronics,Wearables,1,12.45,0.0,12.45,3.62,15.24,Critical
MRG-2023-13927,2023-05-12,2023-05-19,Europe,Germany,Consumer,Home & Living,Decor,10,29.57,0.0,295.7,57.74,45.27,Medium
MRG-2023-14692,2023-05-13,2023-05-14,APAC,Singapore,Corporate,Apparel,Outerwear,11,70.41,0.3,542.16,52.48,27.76,Critical
MRG-2023-13475,2023-05-13,2023-05-14,Europe,France,Consumer,Apparel,Activewear,8,205.86,0.3,1152.82,34.73,34.36,Low
MRG-2023-13540,2023-05-13,2023-05-17,North America,Canada,Consumer,Electronics,Audio,4,223.88,0.0,895.52,135.58,27.23,Medium
MRG-2023-13777,2023-05-13,2023-05-16,North America,Mexico,Consumer,Home & Living,Decor,4,57.46,0.05,218.35,46.66,19.56,Low
MRG-2023-12444,2023-05-13,2023-05-15,North America,Canada,Consumer,Home & Living,Kitchenware,5,20.77,0.0,103.85,17.88,17.16,Low
MRG-2023-15788,2023-05-13,2023-05-15,APAC,Singapore,Consumer,Apparel,Activewear,11,207.97,0.05,2173.29,184.89,34.02,Medium
MRG-2023-14898,2023-05-13,2023-05-16,APAC,Singapore,Consumer,Apparel,Footwear,5,351.59,0.1,1582.15,301.6,21.97,Low
MRG-2023-10946,2023-05-13,2023-05-16,North America,Mexico,Corporate,Apparel,Activewear,10,109.56,0.0,1095.6,404.25,17.23,High
MRG-2023-15085,2023-05-13,2023-05-16,APAC,Japan,Consumer,Apparel,Accessories,4,417.1,0.1,1501.56,240.5,30.03,Medium
MRG-2023-11684,2023-05-13,2023-05-17,APAC,Australia,Corporate,Electronics,Accessories,11,342.16,0.0,3763.76,858.71,47.49,Medium
MRG-2023-12013,2023-05-14,2023-05-18,North America,Mexico,Home Office,Electronics,Accessories,4,15.48,0.2,49.54,5.25,14.96,High
MRG-2023-15997,2023-05-14,2023-05-22,APAC,India,Consumer,Electronics,Accessories,5,319.93,0.0,1599.65,622.24,25.56,Medium
MRG-2023-12880,2023-05-14,2023-05-19,Europe,Germany,Consumer,Apparel,Outerwear,6,449.9,0.0,2699.4,293.39,29.22,Medium
MRG-2023-14844,2023-05-14,2023-05-22,North America,United States,Consumer,Electronics,Audio,2,54.74,0.0,109.48,17.95,18.08,Medium
MRG-2023-11996,2023-05-14,2023-05-17,Europe,France,Consumer,Electronics,Smart Home,11,239.06,0.0,2629.66,572.98,40.22,Medium
MRG-2023-13070,2023-05-15,2023-05-21,North America,Mexico,Consumer,Apparel,Footwear,5,244.27,0.3,854.94,-54.63,20.5,High
MRG-2023-14148,2023-05-15,2023-05-17,APAC,Singapore,Consumer,Apparel,Accessories,4,61.94,0.0,247.76,68.38,10.47,Medium
MRG-2023-14808,2023-05-15,2023-05-21,North America,Canada,Corporate,Apparel,Activewear,2,267.11,0.1,480.8,13.18,15.62,Low
MRG-2023-10034,2023-05-15,2023-05-21,Europe,United Kingdom,Consumer,Apparel,Accessories,10,138.55,0.3,969.85,16.47,72.51,Medium
MRG-2023-12040,2023-05-15,2023-05-22,APAC,Japan,Corporate,Electronics,Wearables,10,212.38,0.0,2123.8,714.32,27.63,Medium
MRG-2023-11200,2023-05-16,2023-05-20,Europe,Germany,Consumer,Home & Living,Furniture,1,23.91,0.05,22.71,5.19,12.46,Medium
MRG-2023-14207,2023-05-16,2023-05-17,APAC,India,Consumer,Electronics,Smart Home,9,215.6,0.1,1746.36,334.29,53.05,High
MRG-2023-15574,2023-05-16,2023-05-17,North America,Mexico,Consumer,Apparel,Footwear,2,121.25,0.05,230.38,15.71,14.56,Low
MRG-2023-11016,2023-05-16,2023-05-20,APAC,India,Consumer,Electronics,Audio,8,97.6,0.0,780.8,115.55,33.39,Medium
MRG-2023-10405,2023-05-17,2023-05-23,Europe,Germany,Home Office,Apparel,Footwear,2,264.03,0.0,528.06,115.59,18.85,Medium
MRG-2023-15555,2023-05-17,2023-05-18,North America,Canada,Consumer,Home & Living,Furniture,6,264.21,0.0,1585.26,443.62,30.78,Medium
MRG-2023-13709,2023-05-18,2023-05-23,North America,United States,Consumer,Home & Living,Decor,8,208.61,0.3,1168.22,-65.99,54.76,Medium
MRG-2023-12582,2023-05-18,2023-05-21,North America,United States,Consumer,Apparel,Accessories,6,116.45,0.0,698.7,176.96,34.97,High
MRG-2023-15268,2023-05-18,2023-05-24,North America,Mexico,Consumer,Electronics,Accessories,8,314.54,0.0,2516.32,957.03,55.84,Medium
MRG-2023-11678,2023-05-19,2023-05-23,North America,Canada,Corporate,Apparel,Activewear,10,415.25,0.15,3529.62,314.0,27.58,High
MRG-2023-13990,2023-05-19,2023-05-27,North America,Mexico,Consumer,Apparel,Accessories,9,27.78,0.3,175.01,-11.08,40.09,Medium
MRG-2023-10981,2023-05-19,2023-05-26,Europe,France,Consumer,Apparel,Accessories,9,199.87,0.3,1259.18,-188.88,29.86,Critical
MRG-2023-15844,2023-05-19,2023-05-22,Europe,Germany,Consumer,Apparel,Outerwear,5,309.26,0.0,1546.3,155.81,29.88,Medium
MRG-2023-14947,2023-05-19,2023-05-27,APAC,Australia,Consumer,Apparel,Outerwear,4,141.12,0.15,479.81,37.84,11.38,Medium
MRG-2023-14276,2023-05-19,2023-05-27,APAC,Singapore,Consumer,Home & Living,Kitchenware,11,285.53,0.05,2983.79,1033.28,30.7,Critical
MRG-2023-14070,2023-05-19,2023-05-23,APAC,India,Corporate,Apparel,Footwear,8,198.74,0.3,1112.94,17.58,36.51,Medium
MRG-2023-14075,2023-05-19,2023-05-27,Europe,France,Consumer,Electronics,Accessories,10,416.5,0.1,3748.5,729.58,43.29,Low
MRG-2023-13049,2023-05-20,2023-05-26,Europe,Germany,Consumer,Home & Living,Kitchenware,11,372.76,0.05,3895.34,1408.18,43.73,Low
MRG-2023-12336,2023-05-20,2023-05-22,Europe,France,Consumer,Electronics,Smart Home,8,77.25,0.2,494.4,40.4,41.45,Medium
MRG-2023-15069,2023-05-20,2023-05-21,North America,Canada,Consumer,Home & Living,Decor,6,304.87,0.05,1737.76,587.58,39.77,Low
MRG-2023-12326,2023-05-20,2023-05-27,APAC,Australia,Consumer,Electronics,Accessories,2,366.66,0.0,733.32,286.35,12.78,Medium
MRG-2023-11293,2023-05-20,2023-05-27,Europe,France,Consumer,Electronics,Wearables,1,416.03,0.15,353.63,56.94,7.3,Medium
MRG-2023-15377,2023-05-20,2023-05-26,Europe,Spain,Consumer,Apparel,Activewear,1,82.36,0.0,82.36,13.83,15.55,High
MRG-2023-12352,2023-05-20,2023-05-24,North America,Mexico,Corporate,Apparel,Accessories,10,164.88,0.0,1648.8,145.86,64.24,Low
MRG-2023-13813,2023-05-21,2023-05-25,North America,Canada,Consumer,Apparel,Outerwear,5,417.16,0.3,1460.06,40.95,21.14,High
MRG-2023-15743,2023-05-21,2023-05-28,APAC,India,Consumer,Electronics,Accessories,10,72.72,0.0,727.2,77.3,50.85,Medium
MRG-2023-15998,2023-05-21,2023-05-25,APAC,India,Corporate,Home & Living,Bedding,11,65.54,0.05,684.89,159.84,52.94,High
MRG-2023-11034,2023-05-21,2023-05-24,Europe,United Kingdom,Consumer,Home & Living,Bedding,4,121.06,0.3,338.97,78.77,20.79,Low
MRG-2023-14459,2023-05-21,2023-05-26,Europe,France,Corporate,Home & Living,Kitchenware,6,411.92,0.15,2100.79,70.01,19.35,Low
MRG-2023-13581,2023-05-21,2023-05-25,APAC,Singapore,Consumer,Electronics,Smart Home,11,418.73,0.2,3684.82,209.55,35.16,Low
MRG-2023-15031,2023-05-21,2023-05-27,Europe,Spain,Consumer,Home & Living,Bedding,2,388.62,0.1,699.52,161.94,6.34,Low
MRG-2023-13282,2023-05-21,2023-05-24,Europe,France,Home Office,Home & Living,Kitchenware,10,375.02,0.1,3375.18,820.07,62.42,High
MRG-2023-12448,2023-05-21,2023-05-24,North America,Mexico,Home Office,Apparel,Footwear,11,196.07,0.15,1833.25,4.24,80.67,Low
MRG-2023-15762,2023-05-21,2023-05-26,North America,United States,Home Office,Electronics,Smart Home,5,134.39,0.3,470.37,-47.69,17.22,Low
MRG-2023-13125,2023-05-22,2023-05-28,North America,Mexico,Corporate,Electronics,Accessories,9,430.94,0.1,3490.61,233.33,28.94,High
MRG-2023-13103,2023-05-22,2023-05-28,Europe,France,Consumer,Apparel,Outerwear,9,268.96,0.1,2178.58,199.1,43.43,High
MRG-2023-14848,2023-05-22,2023-05-29,North America,United States,Consumer,Home & Living,Bedding,6,375.17,0.3,1575.71,-192.43,32.43,Low
MRG-2023-12357,2023-05-22,2023-05-29,Europe,Germany,Consumer,Apparel,Accessories,7,138.37,0.2,774.87,92.94,23.32,High
MRG-2023-10585,2023-05-22,2023-05-29,Europe,United Kingdom,Consumer,Home & Living,Kitchenware,3,51.44,0.2,123.46,38.29,24.91,High
MRG-2023-12632,2023-05-22,2023-05-28,Europe,France,Home Office,Electronics,Audio,6,111.2,0.2,533.76,65.9,29.38,Low
MRG-2023-14249,2023-05-23,2023-05-29,North America,Canada,Consumer,Home & Living,Kitchenware,1,382.74,0.0,382.74,46.21,16.13,Medium
MRG-2023-10538,2023-05-23,2023-05-31,Europe,Germany,Corporate,Electronics,Smart Home,3,222.8,0.2,534.72,5.86,12.92,Low
MRG-2023-14686,2023-05-23,2023-05-30,Europe,Germany,Consumer,Apparel,Activewear,11,283.37,0.15,2649.51,686.19,31.8,Medium
MRG-2023-12342,2023-05-23,2023-05-24,North America,United States,Consumer,Apparel,Accessories,7,329.07,0.0,2303.49,353.15,34.09,Medium
MRG-2023-12526,2023-05-24,2023-06-01,North America,Canada,Consumer,Apparel,Footwear,10,186.57,0.0,1865.7,246.74,29.2,Critical
MRG-2023-14269,2023-05-24,2023-05-26,North America,Canada,Consumer,Electronics,Wearables,8,87.18,0.0,697.44,67.12,49.25,Medium
MRG-2023-15655,2023-05-24,2023-06-01,North America,Mexico,Corporate,Apparel,Activewear,3,371.5,0.1,1003.05,85.48,14.95,Medium
MRG-2023-12053,2023-05-24,2023-06-01,APAC,India,Corporate,Apparel,Outerwear,9,126.33,0.15,966.42,232.45,49.86,High
MRG-2023-14766,2023-05-24,2023-05-31,APAC,Australia,Consumer,Electronics,Accessories,11,414.3,0.3,3190.11,-369.87,49.89,High
MRG-2023-15988,2023-05-24,2023-05-29,North America,United States,Home Office,Apparel,Outerwear,7,219.88,0.0,1539.16,472.42,24.59,Critical
MRG-2023-11454,2023-05-24,2023-05-30,North America,Canada,Corporate,Apparel,Outerwear,11,93.48,0.05,976.87,321.17,52.63,Medium
MRG-2023-12803,2023-05-24,2023-06-01,Europe,Spain,Consumer,Electronics,Smart Home,4,157.09,0.0,628.36,162.51,33.43,Low
MRG-2023-10791,2023-05-25,2023-06-02,North America,United States,Consumer,Home & Living,Decor,2,324.76,0.05,617.04,171.4,11.74,Medium
MRG-2023-15887,2023-05-25,2023-05-30,Europe,Germany,Consumer,Apparel,Accessories,3,276.62,0.0,829.86,200.97,13.02,Medium
MRG-2023-10864,2023-05-25,2023-06-01,North America,United States,Corporate,Electronics,Accessories,3,355.57,0.0,1066.71,197.29,21.54,High
MRG-2023-15449,2023-05-26,2023-06-03,Europe,France,Home Office,Home & Living,Kitchenware,7,57.62,0.0,403.34,53.75,16.65,High
MRG-2023-10286,2023-05-26,2023-05-28,North America,Canada,Consumer,Home & Living,Kitchenware,6,435.1,0.0,2610.6,649.97,19.96,Medium
MRG-2023-10120,2023-05-27,2023-06-02,North America,Canada,Home Office,Apparel,Accessories,1,319.96,0.1,287.96,96.14,19.02,Critical
MRG-2023-13394,2023-05-27,2023-05-30,North America,United States,Home Office,Apparel,Footwear,7,377.32,0.0,2641.24,760.87,16.77,Low
MRG-2023-10297,2023-05-27,2023-05-28,Europe,United Kingdom,Home Office,Electronics,Smart Home,6,299.28,0.0,1795.68,389.46,26.0,High
MRG-2023-15893,2023-05-27,2023-06-01,APAC,Singapore,Corporate,Electronics,Smart Home,10,133.91,0.05,1272.14,350.11,33.02,Medium
MRG-2023-10527,2023-05-27,2023-05-31,North America,United States,Consumer,Apparel,Activewear,4,107.98,0.05,410.32,60.9,26.8,High
MRG-2023-14401,2023-05-27,2023-05-28,Europe,Germany,Consumer,Apparel,Outerwear,11,50.12,0.0,551.32,110.88,62.81,Low
MRG-2023-13367,2023-05-27,2023-06-03,North America,Canada,Consumer,Apparel,Footwear,7,78.07,0.0,546.49,92.89,24.29,High
MRG-2023-15006,2023-05-28,2023-05-30,North America,Canada,Corporate,Apparel,Footwear,7,400.82,0.15,2384.88,652.95,58.3,High
MRG-2023-13705,2023-05-28,2023-05-30,North America,Canada,Home Office,Home & Living,Bedding,10,20.51,0.0,205.1,75.96,28.14,Low
MRG-2023-11360,2023-05-28,2023-05-30,North America,United States,Consumer,Home & Living,Decor,2,229.42,0.0,458.84,131.01,20.5,High
MRG-2023-12393,2023-05-28,2023-05-29,Europe,United Kingdom,Consumer,Home & Living,Kitchenware,10,239.94,0.15,2039.49,603.2,73.68,Critical
MRG-2023-12541,2023-05-28,2023-06-02,North America,Mexico,Home Office,Electronics,Audio,11,379.45,0.0,4173.95,1342.48,60.08,Low
MRG-2023-14813,2023-05-28,2023-05-29,North America,United States,Consumer,Home & Living,Decor,8,36.26,0.15,246.57,21.08,48.04,Medium
MRG-2023-15174,2023-05-29,2023-06-05,North America,Mexico,Home Office,Apparel,Footwear,8,282.76,0.0,2262.08,726.82,49.85,High
MRG-2023-14471,2023-05-29,2023-05-30,North America,Canada,Corporate,Apparel,Footwear,1,169.47,0.3,118.63,3.03,16.26,Medium
MRG-2023-10811,2023-05-29,2023-06-03,North America,Canada,Corporate,Apparel,Activewear,11,278.88,0.05,2914.3,726.48,44.31,Low
MRG-2023-13313,2023-05-29,2023-06-02,Europe,Spain,Consumer,Home & Living,Decor,8,57.49,0.2,367.94,30.22,26.69,Critical
MRG-2023-10714,2023-05-29,2023-06-04,Europe,Spain,Consumer,Electronics,Smart Home,10,261.7,0.0,2617.0,931.83,58.93,Low
MRG-2023-13153,2023-05-30,2023-06-04,Europe,United Kingdom,Consumer,Apparel,Outerwear,5,349.71,0.0,1748.55,356.96,45.11,Medium
MRG-2023-11666,2023-05-30,2023-06-06,Europe,Germany,Consumer,Apparel,Activewear,8,225.73,0.0,1805.84,440.09,41.73,Low
MRG-2023-14736,2023-05-30,2023-06-01,Europe,France,Corporate,Electronics,Smart Home,9,389.68,0.1,3156.41,46.05,22.88,Medium
MRG-2023-14708,2023-05-30,2023-06-01,North America,United States,Consumer,Electronics,Audio,9,148.62,0.0,1337.58,230.53,58.64,Low
MRG-2023-11052,2023-05-31,2023-06-04,Europe,Spain,Consumer,Electronics,Audio,7,277.12,0.3,1357.89,197.69,19.99,Medium
MRG-2023-13513,2023-05-31,2023-06-01,North America,Canada,Consumer,Home & Living,Decor,2,226.03,0.3,316.44,30.49,11.11,Low
MRG-2023-13469,2023-05-31,2023-06-06,APAC,India,Home Office,Electronics,Wearables,10,159.8,0.15,1358.3,335.12,55.82,Low
MRG-2023-11383,2023-05-31,2023-06-02,North America,Mexico,Consumer,Home & Living,Furniture,10,288.11,0.3,2016.77,-229.88,65.03,Medium
MRG-2023-12631,2023-05-31,2023-06-07,North America,Mexico,Consumer,Home & Living,Decor,7,109.88,0.3,538.41,45.66,30.73,Medium
MRG-2023-11934,2023-05-31,2023-06-03,North America,Canada,Corporate,Electronics,Audio,2,154.17,0.2,246.67,33.38,21.76,Low
MRG-2023-13309,2023-05-31,2023-06-04,APAC,Japan,Consumer,Home & Living,Kitchenware,5,386.96,0.05,1838.06,497.6,26.51,Medium
MRG-2023-13585,2023-05-31,2023-06-05,APAC,Singapore,Consumer,Apparel,Footwear,1,148.45,0.1,133.6,34.89,7.48,High
MRG-2023-13588,2023-05-31,2023-06-06,North America,Canada,Corporate,Apparel,Activewear,7,126.97,0.0,888.79,276.67,23.25,High
MRG-2023-14758,2023-06-01,2023-06-02,APAC,Singapore,Consumer,Home & Living,Furniture,9,175.19,0.05,1497.87,534.89,47.41,Low
MRG-2023-15824,2023-06-01,2023-06-05,North America,Canada,Corporate,Electronics,Accessories,2,75.43,0.0,150.86,13.52,15.87,Low
MRG-2023-12039,2023-06-01,2023-06-03,Europe,Spain,Consumer,Electronics,Audio,4,147.52,0.0,590.08,138.63,20.66,High
MRG-2023-12125,2023-06-01,2023-06-05,Europe,Germany,Consumer,Apparel,Footwear,3,326.1,0.1,880.47,121.67,30.58,Low
MRG-2023-10984,2023-06-01,2023-06-05,North America,Canada,Consumer,Apparel,Accessories,4,234.23,0.1,843.23,48.01,21.55,Medium
MRG-2023-15636,2023-06-01,2023-06-02,North America,Mexico,Consumer,Home & Living,Kitchenware,11,161.42,0.0,1775.62,307.69,26.2,High
MRG-2023-10294,2023-06-01,2023-06-09,APAC,India,Consumer,Home & Living,Kitchenware,7,425.48,0.1,2680.52,299.19,48.14,Medium
MRG-2023-14134,2023-06-01,2023-06-06,North America,Mexico,Consumer,Home & Living,Kitchenware,2,356.0,0.2,569.6,-22.66,18.81,Medium
MRG-2023-13200,2023-06-02,2023-06-06,North America,Mexico,Consumer,Electronics,Smart Home,2,241.22,0.05,458.32,70.93,15.12,High
MRG-2023-11070,2023-06-02,2023-06-05,North America,Canada,Corporate,Apparel,Activewear,11,228.34,0.0,2511.74,613.61,44.79,Medium
MRG-2023-11695,2023-06-02,2023-06-06,North America,Mexico,Consumer,Electronics,Smart Home,8,396.41,0.0,3171.28,1241.84,47.72,High
MRG-2023-13783,2023-06-02,2023-06-10,APAC,Australia,Consumer,Home & Living,Decor,3,68.04,0.1,183.71,21.08,11.0,Low
MRG-2023-11646,2023-06-02,2023-06-03,APAC,Japan,Consumer,Apparel,Accessories,9,309.38,0.3,1949.09,331.15,65.32,High
MRG-2023-15220,2023-06-02,2023-06-10,North America,Mexico,Home Office,Electronics,Wearables,3,198.71,0.2,476.9,106.46,21.72,Low
MRG-2023-12838,2023-06-02,2023-06-08,North America,Canada,Consumer,Electronics,Accessories,9,72.7,0.0,654.3,263.96,64.62,High
MRG-2023-10570,2023-06-02,2023-06-04,APAC,Japan,Home Office,Electronics,Audio,5,163.91,0.0,819.55,328.69,33.15,Low
MRG-2023-12882,2023-06-03,2023-06-10,APAC,Singapore,Consumer,Apparel,Footwear,2,137.18,0.0,274.36,93.24,12.63,Low
MRG-2023-10747,2023-06-03,2023-06-07,North America,Canada,Consumer,Electronics,Wearables,11,295.05,0.15,2758.72,295.32,45.09,High
MRG-2023-13731,2023-06-03,2023-06-07,APAC,India,Home Office,Apparel,Footwear,1,365.14,0.0,365.14,58.83,7.75,High
MRG-2023-11757,2023-06-04,2023-06-06,APAC,Australia,Corporate,Home & Living,Kitchenware,5,19.6,0.15,83.3,19.8,30.29,High
MRG-2023-15745,2023-06-04,2023-06-11,North America,Mexico,Corporate,Apparel,Outerwear,9,403.18,0.15,3084.33,36.64,53.61,Medium
MRG-2023-12494,2023-06-04,2023-06-05,North America,Canada,Corporate,Electronics,Audio,5,393.26,0.0,1966.3,622.74,16.61,Low
MRG-2023-10395,2023-06-04,2023-06-07,North America,United States,Home Office,Home & Living,Kitchenware,2,133.42,0.15,226.81,-9.7,12.4,Low
MRG-2023-15427,2023-06-04,2023-06-10,APAC,India,Consumer,Home & Living,Furniture,10,284.82,0.0,2848.2,871.05,41.34,Low
MRG-2023-11885,2023-06-04,2023-06-07,North America,United States,Corporate,Home & Living,Kitchenware,4,55.82,0.2,178.62,36.16,34.11,Medium
MRG-2023-14727,2023-06-05,2023-06-10,North America,Canada,Consumer,Apparel,Footwear,9,398.87,0.1,3230.85,56.26,42.04,Medium
MRG-2023-13569,2023-06-05,2023-06-08,North America,United States,Corporate,Apparel,Activewear,9,344.27,0.0,3098.43,913.94,41.8,Medium
MRG-2023-12877,2023-06-05,2023-06-13,North America,United States,Corporate,Electronics,Accessories,7,201.19,0.0,1408.33,536.25,23.8,Medium
MRG-2023-13460,2023-06-05,2023-06-13,APAC,Australia,Consumer,Apparel,Footwear,10,356.33,0.0,3563.3,1383.16,46.72,High
MRG-2023-14092,2023-06-05,2023-06-09,APAC,Australia,Home Office,Apparel,Activewear,11,73.64,0.0,810.04,76.24,32.07,Medium
MRG-2023-15109,2023-06-05,2023-06-08,North America,United States,Consumer,Electronics,Wearables,9,310.21,0.3,1954.32,252.17,23.38,Medium
MRG-2023-10931,2023-06-05,2023-06-11,Europe,France,Corporate,Home & Living,Decor,6,85.78,0.05,488.95,124.02,34.13,Medium
MRG-2023-11833,2023-06-06,2023-06-09,North America,Mexico,Home Office,Electronics,Wearables,2,246.62,0.0,493.24,82.97,20.22,Medium
MRG-2023-11412,2023-06-06,2023-06-07,APAC,Australia,Home Office,Apparel,Accessories,1,125.06,0.2,100.05,15.19,15.61,High
MRG-2023-15275,2023-06-06,2023-06-09,North America,United States,Consumer,Electronics,Audio,10,379.7,0.3,2657.9,188.69,34.16,High
MRG-2023-14682,2023-06-07,2023-06-11,Europe,Spain,Consumer,Electronics,Accessories,10,233.77,0.2,1870.16,178.46,65.01,High
MRG-2023-11526,2023-06-07,2023-06-11,North America,United States,Consumer,Home & Living,Furniture,2,34.45,0.15,58.57,17.95,12.13,Medium
MRG-2023-15501,2023-06-08,2023-06-12,North America,United States,Corporate,Home & Living,Furniture,2,440.42,0.3,616.59,19.83,8.44,Low
MRG-2023-10976,2023-06-08,2023-06-12,North America,United States,Corporate,Apparel,Footwear,9,35.3,0.0,317.7,31.29,54.87,Medium
MRG-2023-15606,2023-06-08,2023-06-10,Europe,Spain,Corporate,Apparel,Outerwear,5,341.45,0.05,1621.89,213.3,41.25,Low
MRG-2023-11590,2023-06-08,2023-06-11,North America,Canada,Consumer,Home & Living,Bedding,6,163.2,0.0,979.2,191.48,42.31,High
MRG-2023-14128,2023-06-09,2023-06-13,North America,Mexico,Corporate,Apparel,Outerwear,1,227.95,0.15,193.76,33.19,10.14,Low
MRG-2023-11137,2023-06-09,2023-06-15,North America,Mexico,Home Office,Electronics,Accessories,5,132.54,0.05,629.57,157.73,31.4,Medium
MRG-2023-13124,2023-06-09,2023-06-12,Europe,United Kingdom,Home Office,Apparel,Footwear,7,410.36,0.1,2585.27,634.13,42.76,Medium
MRG-2023-13363,2023-06-09,2023-06-14,North America,Canada,Consumer,Apparel,Accessories,1,329.75,0.0,329.75,96.53,11.03,Medium
MRG-2023-14123,2023-06-09,2023-06-16,Europe,Germany,Consumer,Home & Living,Bedding,6,179.45,0.15,915.2,74.51,39.09,Medium
MRG-2023-13673,2023-06-09,2023-06-15,Europe,United Kingdom,Consumer,Electronics,Wearables,1,92.68,0.3,64.88,-9.73,8.56,Medium
MRG-2023-10332,2023-06-09,2023-06-14,APAC,Singapore,Corporate,Home & Living,Bedding,1,327.54,0.0,327.54,56.35,16.25,Medium
MRG-2023-10681,2023-06-10,2023-06-15,North America,Canada,Consumer,Electronics,Wearables,3,335.68,0.15,855.98,20.75,9.91,Low
MRG-2023-10939,2023-06-10,2023-06-12,APAC,Australia,Consumer,Apparel,Activewear,5,266.35,0.1,1198.58,129.94,24.69,Low
MRG-2023-11670,2023-06-10,2023-06-16,North America,Mexico,Consumer,Apparel,Activewear,9,114.54,0.0,1030.86,257.57,67.8,Critical
MRG-2023-14984,2023-06-10,2023-06-12,North America,United States,Consumer,Electronics,Accessories,1,345.62,0.2,276.5,47.26,14.12,Medium
MRG-2023-15982,2023-06-10,2023-06-12,Europe,United Kingdom,Consumer,Apparel,Outerwear,8,190.04,0.2,1216.26,134.82,41.28,Low
MRG-2023-14247,2023-06-10,2023-06-16,North America,Canada,Consumer,Electronics,Wearables,11,332.79,0.0,3660.69,772.53,55.36,High
MRG-2023-10023,2023-06-10,2023-06-12,North America,United States,Consumer,Apparel,Accessories,8,85.19,0.0,681.52,66.89,44.56,Low
MRG-2023-11838,2023-06-11,2023-06-14,North America,Mexico,Consumer,Home & Living,Bedding,11,187.57,0.2,1650.62,-1.75,41.05,High
MRG-2023-14764,2023-06-11,2023-06-17,North America,Canada,Corporate,Home & Living,Kitchenware,6,103.39,0.0,620.34,123.83,14.3,Medium
MRG-2023-10694,2023-06-11,2023-06-18,APAC,India,Corporate,Home & Living,Bedding,11,426.64,0.2,3754.43,724.27,71.22,Low
MRG-2023-15461,2023-06-11,2023-06-14,APAC,Singapore,Corporate,Electronics,Audio,6,388.87,0.3,1633.25,5.88,44.08,High
MRG-2023-15266,2023-06-11,2023-06-17,Europe,France,Consumer,Apparel,Activewear,1,20.93,0.0,20.93,6.2,7.64,Medium
MRG-2023-10033,2023-06-11,2023-06-18,Europe,Spain,Consumer,Electronics,Wearables,8,325.25,0.3,1821.4,416.24,55.47,Medium
MRG-2023-12065,2023-06-11,2023-06-19,North America,United States,Consumer,Electronics,Accessories,7,301.14,0.05,2002.58,659.14,13.51,High
MRG-2023-15943,2023-06-11,2023-06-19,Europe,Spain,Corporate,Electronics,Accessories,9,422.56,0.1,3422.74,876.84,52.01,Medium
MRG-2023-12497,2023-06-12,2023-06-18,North America,Canada,Consumer,Home & Living,Decor,7,215.48,0.0,1508.36,613.68,30.5,Medium
MRG-2023-12111,2023-06-12,2023-06-14,Europe,Spain,Consumer,Electronics,Smart Home,6,90.44,0.2,434.11,-4.75,26.06,Low
MRG-2023-12809,2023-06-12,2023-06-19,North America,Canada,Consumer,Home & Living,Decor,10,330.23,0.15,2806.95,807.93,47.09,High
MRG-2023-13466,2023-06-13,2023-06-20,North America,Mexico,Consumer,Home & Living,Furniture,4,409.22,0.15,1391.35,157.4,19.22,Low
MRG-2023-15209,2023-06-13,2023-06-14,North America,United States,Corporate,Electronics,Audio,5,351.7,0.2,1406.8,227.83,19.99,High
MRG-2023-13925,2023-06-13,2023-06-17,Europe,Germany,Corporate,Home & Living,Decor,4,306.98,0.0,1227.92,269.46,33.64,High
MRG-2023-14835,2023-06-14,2023-06-20,North America,Mexico,Consumer,Home & Living,Furniture,9,395.75,0.15,3027.49,480.85,41.82,Medium
MRG-2023-11912,2023-06-14,2023-06-18,North America,Canada,Consumer,Electronics,Audio,1,436.57,0.1,392.91,43.69,11.21,Medium
MRG-2023-15141,2023-06-14,2023-06-20,North America,Canada,Home Office,Home & Living,Kitchenware,10,335.71,0.0,3357.1,1385.39,37.25,Low
MRG-2023-10356,2023-06-15,2023-06-20,North America,United States,Corporate,Apparel,Accessories,10,138.41,0.1,1245.69,247.76,62.96,Medium
MRG-2023-12615,2023-06-15,2023-06-23,North America,United States,Consumer,Home & Living,Kitchenware,2,82.65,0.15,140.5,11.68,22.02,High
MRG-2023-12056,2023-06-15,2023-06-17,North America,Canada,Home Office,Apparel,Footwear,3,11.63,0.15,29.66,6.89,16.4,Low
MRG-2023-14285,2023-06-15,2023-06-17,North America,Mexico,Home Office,Apparel,Footwear,4,142.11,0.0,568.44,236.37,24.04,Low
MRG-2023-15735,2023-06-15,2023-06-19,North America,Canada,Corporate,Electronics,Accessories,1,166.21,0.0,166.21,37.37,10.24,Low
MRG-2023-12783,2023-06-15,2023-06-21,North America,United States,Consumer,Electronics,Wearables,9,184.92,0.1,1497.85,115.77,28.22,High
MRG-2023-10762,2023-06-16,2023-06-17,North America,Canada,Corporate,Electronics,Wearables,7,42.95,0.3,210.45,24.55,46.41,Critical
MRG-2023-15855,2023-06-16,2023-06-24,North America,Mexico,Consumer,Electronics,Audio,1,267.82,0.0,267.82,50.03,12.74,Low
MRG-2023-15779,2023-06-16,2023-06-21,Europe,United Kingdom,Consumer,Apparel,Outerwear,9,309.74,0.15,2369.51,506.22,18.33,High
MRG-2023-11555,2023-06-16,2023-06-20,North America,Mexico,Corporate,Home & Living,Furniture,8,174.32,0.2,1115.65,-31.51,55.1,Medium
MRG-2023-15870,2023-06-16,2023-06-19,North America,United States,Consumer,Electronics,Smart Home,5,52.24,0.0,261.2,78.9,26.02,Medium
MRG-2023-11193,2023-06-16,2023-06-22,Europe,United Kingdom,Corporate,Apparel,Outerwear,3,211.03,0.3,443.16,68.31,27.88,High
MRG-2023-11234,2023-06-16,2023-06-21,Europe,Spain,Home Office,Home & Living,Bedding,3,146.73,0.0,440.19,124.74,31.42,High
MRG-2023-15579,2023-06-16,2023-06-23,APAC,Australia,Corporate,Electronics,Audio,8,143.76,0.0,1150.08,173.61,27.12,Low
MRG-2023-14334,2023-06-16,2023-06-22,Europe,United Kingdom,Consumer,Electronics,Smart Home,8,380.45,0.05,2891.42,493.83,42.62,Medium
MRG-2023-13321,2023-06-17,2023-06-22,North America,Canada,Corporate,Electronics,Smart Home,2,348.01,0.1,626.42,183.66,13.35,Medium
MRG-2023-11925,2023-06-17,2023-06-22,Europe,United Kingdom,Home Office,Apparel,Activewear,1,410.78,0.0,410.78,68.07,9.84,High
MRG-2023-14425,2023-06-17,2023-06-19,Europe,Germany,Consumer,Electronics,Accessories,10,428.54,0.15,3642.59,986.57,34.4,Medium
MRG-2023-12661,2023-06-17,2023-06-25,APAC,Singapore,Corporate,Apparel,Footwear,2,135.34,0.15,230.08,-7.54,24.02,Medium
MRG-2023-11145,2023-06-17,2023-06-25,North America,Mexico,Consumer,Apparel,Activewear,2,65.07,0.05,123.63,9.62,10.68,High
MRG-2023-12609,2023-06-17,2023-06-19,North America,Canada,Corporate,Home & Living,Bedding,11,338.89,0.2,2982.23,64.94,24.68,Medium
MRG-2023-10175,2023-06-17,2023-06-22,North America,Mexico,Consumer,Home & Living,Kitchenware,8,173.18,0.1,1246.9,304.05,12.26,Low
MRG-2023-10773,2023-06-17,2023-06-24,Europe,United Kingdom,Consumer,Electronics,Smart Home,6,113.59,0.0,681.54,124.69,15.24,Medium
MRG-2023-11223,2023-06-17,2023-06-24,Europe,Germany,Corporate,Electronics,Wearables,6,313.09,0.15,1596.76,182.44,27.72,Medium
MRG-2023-13448,2023-06-18,2023-06-19,North America,Mexico,Consumer,Electronics,Smart Home,9,389.84,0.0,3508.56,1470.68,30.7,High
MRG-2023-11304,2023-06-18,2023-06-25,North America,Canada,Home Office,Electronics,Wearables,2,141.51,0.1,254.72,47.32,19.56,Low
MRG-2023-14713,2023-06-18,2023-06-19,North America,Canada,Consumer,Home & Living,Kitchenware,3,155.14,0.2,372.34,10.81,24.31,High
MRG-2023-10814,2023-06-18,2023-06-22,Europe,Germany,Corporate,Home & Living,Kitchenware,8,368.94,0.3,2066.06,11.37,21.3,Low
MRG-2023-13065,2023-06-18,2023-06-19,North America,United States,Consumer,Electronics,Audio,4,41.44,0.0,165.76,46.7,17.2,Medium
MRG-2023-13566,2023-06-18,2023-06-20,APAC,India,Corporate,Electronics,Audio,6,224.17,0.15,1143.27,13.82,16.85,Medium
MRG-2023-14853,2023-06-18,2023-06-20,APAC,Japan,Consumer,Home & Living,Decor,9,271.79,0.1,2201.5,532.22,54.51,Low
MRG-2023-13861,2023-06-18,2023-06-19,Europe,France,Consumer,Apparel,Accessories,11,64.74,0.15,605.32,40.33,27.9,High
MRG-2023-14745,2023-06-18,2023-06-22,Europe,Spain,Corporate,Electronics,Wearables,4,70.28,0.0,281.12,86.16,22.49,Low
MRG-2023-13958,2023-06-18,2023-06-19,North America,United States,Consumer,Home & Living,Decor,2,292.51,0.05,555.77,33.39,10.14,High
MRG-2023-14156,2023-06-19,2023-06-27,APAC,Japan,Consumer,Apparel,Outerwear,3,78.07,0.1,210.79,50.49,22.77,Medium
MRG-2023-12343,2023-06-19,2023-06-24,APAC,India,Consumer,Home & Living,Decor,6,127.02,0.3,533.48,100.85,27.17,Medium
MRG-2023-14838,2023-06-19,2023-06-25,North America,Canada,Corporate,Home & Living,Decor,8,103.06,0.15,700.81,167.27,37.16,Medium
MRG-2023-12913,2023-06-20,2023-06-24,Europe,Spain,Corporate,Apparel,Outerwear,1,308.05,0.0,308.05,75.6,16.49,High
MRG-2023-11795,2023-06-20,2023-06-21,Europe,Spain,Corporate,Electronics,Wearables,6,18.16,0.1,98.06,7.15,47.29,High
MRG-2023-15710,2023-06-20,2023-06-22,Europe,Spain,Consumer,Apparel,Accessories,4,30.01,0.1,108.04,32.28,28.29,Low
MRG-2023-10860,2023-06-20,2023-06-28,Europe,France,Home Office,Apparel,Outerwear,10,297.74,0.3,2084.18,-57.95,25.48,Medium
MRG-2023-10499,2023-06-20,2023-06-26,North America,United States,Corporate,Electronics,Audio,4,37.9,0.15,128.86,-4.24,39.86,High
MRG-2023-12425,2023-06-20,2023-06-24,North America,Canada,Consumer,Home & Living,Decor,9,288.98,0.15,2210.7,341.05,27.37,Medium
MRG-2023-14093,2023-06-20,2023-06-28,North America,Mexico,Corporate,Home & Living,Furniture,3,116.35,0.0,349.05,87.66,29.83,Medium
MRG-2023-12449,2023-06-21,2023-06-25,Europe,Germany,Consumer,Apparel,Accessories,6,176.66,0.0,1059.96,218.81,20.45,Low
MRG-2023-14870,2023-06-21,2023-06-25,North America,United States,Consumer,Home & Living,Bedding,7,163.27,0.1,1028.6,277.57,40.47,Low
MRG-2023-10373,2023-06-21,2023-06-22,North America,United States,Consumer,Apparel,Outerwear,5,204.62,0.05,971.94,230.06,31.74,High
MRG-2023-13789,2023-06-21,2023-06-25,Europe,United Kingdom,Consumer,Apparel,Footwear,1,123.7,0.05,117.52,8.71,7.18,Low
MRG-2023-10355,2023-06-21,2023-06-29,North America,Canada,Consumer,Home & Living,Bedding,2,86.74,0.0,173.48,19.83,15.55,Medium
MRG-2023-11659,2023-06-21,2023-06-23,North America,Mexico,Corporate,Home & Living,Decor,1,161.94,0.2,129.55,13.91,10.2,Low
MRG-2023-13020,2023-06-21,2023-06-26,Europe,United Kingdom,Consumer,Electronics,Wearables,6,290.44,0.3,1219.85,50.91,43.38,High
MRG-2023-12549,2023-06-22,2023-06-28,APAC,Australia,Consumer,Apparel,Activewear,5,386.04,0.0,1930.2,778.11,25.45,High
MRG-2023-11724,2023-06-22,2023-06-25,North America,Mexico,Home Office,Apparel,Footwear,11,287.22,0.2,2527.54,372.66,75.53,Medium
MRG-2023-10291,2023-06-22,2023-06-26,Europe,Spain,Consumer,Electronics,Wearables,10,153.39,0.0,1533.9,381.12,48.2,Low
MRG-2023-13639,2023-06-22,2023-06-24,APAC,India,Consumer,Apparel,Footwear,6,209.66,0.15,1069.27,23.71,33.98,High
MRG-2023-12628,2023-06-22,2023-06-26,Europe,Spain,Corporate,Apparel,Accessories,7,185.1,0.3,906.99,110.05,18.42,Medium
MRG-2023-11922,2023-06-22,2023-06-30,North America,Canada,Consumer,Apparel,Activewear,9,356.45,0.05,3047.65,920.91,34.27,Low
MRG-2023-13140,2023-06-22,2023-06-28,APAC,Japan,Corporate,Apparel,Accessories,10,301.11,0.0,3011.1,640.44,46.5,Medium
MRG-2023-15418,2023-06-22,2023-06-27,APAC,India,Consumer,Home & Living,Furniture,1,446.26,0.0,446.26,114.39,16.06,Medium
MRG-2023-10340,2023-06-22,2023-06-24,North America,Canada,Consumer,Electronics,Accessories,4,237.27,0.3,664.36,42.62,21.44,Medium
MRG-2023-10125,2023-06-22,2023-06-24,APAC,India,Consumer,Electronics,Audio,11,94.24,0.0,1036.64,283.33,52.62,Low
MRG-2023-11779,2023-06-23,2023-06-28,APAC,Australia,Corporate,Electronics,Wearables,5,319.87,0.0,1599.35,520.37,33.87,Medium
MRG-2023-15183,2023-06-23,2023-06-29,Europe,Spain,Consumer,Apparel,Activewear,11,230.64,0.3,1775.93,-189.07,51.29,High
MRG-2023-12859,2023-06-23,2023-06-26,APAC,India,Corporate,Home & Living,Decor,8,69.98,0.1,503.86,66.35,25.32,Medium
MRG-2023-10492,2023-06-23,2023-06-25,Europe,United Kingdom,Consumer,Electronics,Wearables,2,100.79,0.3,141.11,-21.17,21.91,Medium
MRG-2023-10628,2023-06-23,2023-06-25,North America,Canada,Consumer,Home & Living,Kitchenware,4,92.8,0.2,296.96,15.42,14.55,Low
MRG-2023-11272,2023-06-23,2023-06-29,North America,Mexico,Consumer,Home & Living,Furniture,9,79.84,0.1,646.7,156.37,36.93,High
MRG-2023-13055,2023-06-23,2023-06-26,Europe,Spain,Corporate,Home & Living,Kitchenware,5,336.58,0.2,1346.32,-4.91,37.2,Low
MRG-2023-13835,2023-06-23,2023-06-29,Europe,United Kingdom,Corporate,Apparel,Outerwear,3,338.92,0.0,1016.76,225.21,6.94,Low
MRG-2023-11931,2023-06-24,2023-07-01,Europe,Spain,Consumer,Apparel,Outerwear,2,357.22,0.0,714.44,89.73,17.5,High
MRG-2023-15430,2023-06-24,2023-07-01,North America,Mexico,Corporate,Apparel,Outerwear,9,417.9,0.2,3008.88,280.72,17.94,Medium
MRG-2023-11864,2023-06-24,2023-06-25,North America,Canada,Consumer,Apparel,Footwear,7,19.19,0.0,134.33,44.26,21.73,Low
MRG-2023-13726,2023-06-24,2023-06-28,Europe,United Kingdom,Consumer,Electronics,Wearables,11,331.88,0.3,2555.48,-314.79,26.12,Medium
MRG-2023-14989,2023-06-25,2023-07-03,North America,United States,Consumer,Home & Living,Furniture,6,368.1,0.2,1766.88,-18.38,47.8,Medium
MRG-2023-13447,2023-06-25,2023-07-02,North America,Mexico,Consumer,Apparel,Accessories,9,423.49,0.15,3239.7,492.72,46.82,Critical
MRG-2023-11657,2023-06-25,2023-06-28,Europe,United Kingdom,Consumer,Apparel,Accessories,1,215.31,0.2,172.25,45.68,13.92,Medium
MRG-2023-15967,2023-06-25,2023-06-28,Europe,Germany,Consumer,Apparel,Outerwear,7,220.78,0.0,1545.46,527.78,26.03,Low
MRG-2023-10565,2023-06-25,2023-07-03,North America,United States,Consumer,Home & Living,Kitchenware,6,349.66,0.3,1468.57,-220.29,16.05,Medium
MRG-2023-15798,2023-06-26,2023-07-02,North America,Canada,Consumer,Electronics,Accessories,4,110.29,0.1,397.04,87.0,35.86,High
MRG-2023-11573,2023-06-26,2023-06-29,Europe,Germany,Consumer,Home & Living,Decor,6,109.46,0.0,656.76,172.57,26.12,Medium
MRG-2023-11437,2023-06-27,2023-06-28,North America,Mexico,Consumer,Apparel,Accessories,8,365.45,0.0,2923.6,1127.47,21.22,Medium
MRG-2023-12879,2023-06-27,2023-07-04,North America,United States,Corporate,Electronics,Audio,8,252.71,0.0,2021.68,326.16,24.36,Medium
MRG-2023-10749,2023-06-27,2023-07-02,North America,Mexico,Corporate,Home & Living,Bedding,10,421.75,0.15,3584.88,676.69,53.19,Low
MRG-2023-15510,2023-06-27,2023-07-05,North America,United States,Corporate,Home & Living,Kitchenware,8,219.48,0.0,1755.84,550.65,38.27,Medium
MRG-2023-14958,2023-06-28,2023-07-03,North America,United States,Corporate,Home & Living,Bedding,11,288.57,0.3,2221.99,2.99,44.42,Low
MRG-2023-11822,2023-06-28,2023-06-29,North America,United States,Consumer,Home & Living,Bedding,4,396.89,0.0,1587.56,283.74,17.27,Medium
MRG-2023-10741,2023-06-28,2023-06-30,APAC,Japan,Corporate,Home & Living,Decor,3,338.97,0.15,864.37,23.85,7.61,High
MRG-2023-12574,2023-06-28,2023-06-29,North America,United States,Consumer,Apparel,Accessories,4,8.26,0.0,33.04,4.46,15.02,Medium
MRG-2023-14426,2023-06-28,2023-07-05,North America,Canada,Home Office,Electronics,Smart Home,5,262.66,0.3,919.31,-124.88,12.02,Low
MRG-2023-12240,2023-06-28,2023-07-05,North America,Canada,Consumer,Electronics,Wearables,3,373.19,0.0,1119.57,466.09,26.52,High
MRG-2023-14257,2023-06-28,2023-06-30,North America,Mexico,Consumer,Home & Living,Furniture,2,296.78,0.05,563.88,63.65,18.09,Medium
MRG-2023-14052,2023-06-29,2023-07-06,North America,United States,Home Office,Electronics,Accessories,8,13.75,0.0,110.0,35.31,49.17,High
MRG-2023-12358,2023-06-29,2023-07-06,Europe,Spain,Consumer,Electronics,Smart Home,8,155.31,0.05,1180.36,207.51,28.59,Medium
MRG-2023-11901,2023-06-29,2023-07-05,North America,Mexico,Consumer,Apparel,Accessories,6,142.77,0.2,685.3,25.82,43.35,High
MRG-2023-10274,2023-06-30,2023-07-01,North America,Canada,Consumer,Electronics,Audio,1,33.16,0.2,26.53,-1.36,10.15,Low
MRG-2023-15718,2023-06-30,2023-07-01,North America,United States,Corporate,Apparel,Accessories,6,362.48,0.3,1522.42,-144.62,19.8,High
MRG-2023-13498,2023-07-01,2023-07-08,Europe,Spain,Consumer,Home & Living,Bedding,10,176.7,0.1,1590.3,503.38,74.12,High
MRG-2023-12277,2023-07-01,2023-07-04,Europe,Germany,Home Office,Apparel,Accessories,8,225.78,0.3,1264.37,-189.66,37.08,Medium
MRG-2023-13640,2023-07-01,2023-07-04,North America,Mexico,Consumer,Apparel,Accessories,4,362.9,0.2,1161.28,-1.11,25.1,Low
MRG-2023-11804,2023-07-01,2023-07-06,North America,United States,Corporate,Apparel,Accessories,11,25.2,0.0,277.2,79.33,74.38,Medium
MRG-2023-14690,2023-07-01,2023-07-06,APAC,Japan,Consumer,Electronics,Audio,5,407.52,0.05,1935.72,621.01,25.95,Medium
MRG-2023-15117,2023-07-01,2023-07-09,APAC,Japan,Consumer,Apparel,Accessories,11,102.13,0.15,954.92,65.66,51.15,High
MRG-2023-10967,2023-07-01,2023-07-02,Europe,Germany,Home Office,Electronics,Accessories,2,106.5,0.0,213.0,23.17,10.02,Low
MRG-2023-13648,2023-07-02,2023-07-10,North America,Canada,Home Office,Electronics,Accessories,2,408.05,0.3,571.27,32.32,10.82,Low
MRG-2023-14475,2023-07-02,2023-07-06,APAC,Japan,Corporate,Apparel,Activewear,5,152.47,0.0,762.35,223.44,17.29,Critical
MRG-2023-14021,2023-07-02,2023-07-09,Europe,Spain,Corporate,Electronics,Wearables,6,433.93,0.2,2082.86,248.44,42.47,High
MRG-2023-11862,2023-07-03,2023-07-04,APAC,Singapore,Corporate,Electronics,Smart Home,5,429.35,0.0,2146.75,600.29,32.27,High
MRG-2023-12720,2023-07-03,2023-07-05,Europe,Spain,Consumer,Apparel,Accessories,9,121.72,0.2,876.38,81.58,45.79,High
MRG-2023-15102,2023-07-04,2023-07-06,APAC,India,Consumer,Home & Living,Decor,3,67.48,0.0,202.44,44.43,26.45,Low
MRG-2023-14676,2023-07-05,2023-07-08,North America,Mexico,Consumer,Electronics,Wearables,5,240.29,0.0,1201.45,416.75,13.26,High
MRG-2023-11622,2023-07-05,2023-07-07,APAC,Australia,Corporate,Home & Living,Kitchenware,4,239.99,0.0,959.96,109.13,25.07,Low
MRG-2023-12489,2023-07-05,2023-07-09,Europe,Spain,Home Office,Apparel,Outerwear,4,97.28,0.15,330.75,60.19,30.76,Low
MRG-2023-11108,2023-07-05,2023-07-13,Europe,United Kingdom,Consumer,Electronics,Accessories,4,187.55,0.0,750.2,292.51,20.22,High
MRG-2023-15764,2023-07-05,2023-07-09,North America,United States,Consumer,Electronics,Audio,11,443.06,0.3,3411.56,-506.11,22.16,Medium
MRG-2023-10969,2023-07-06,2023-07-07,North America,Canada,Consumer,Electronics,Smart Home,6,69.58,0.15,354.86,10.85,35.09,Low
MRG-2023-12508,2023-07-06,2023-07-09,North America,United States,Home Office,Electronics,Audio,11,387.94,0.3,2987.14,-448.07,22.56,Medium
MRG-2023-13119,2023-07-06,2023-07-12,North America,Canada,Consumer,Electronics,Smart Home,3,214.44,0.15,546.82,-21.35,30.18,Low
MRG-2023-15112,2023-07-06,2023-07-14,APAC,Singapore,Consumer,Electronics,Audio,5,101.72,0.1,457.74,87.47,14.97,Medium
MRG-2023-14507,2023-07-06,2023-07-10,APAC,Japan,Consumer,Home & Living,Bedding,4,152.51,0.1,549.04,45.1,26.1,Medium
MRG-2023-14907,2023-07-07,2023-07-09,APAC,Australia,Consumer,Home & Living,Kitchenware,4,114.68,0.0,458.72,65.37,23.35,High
MRG-2023-13180,2023-07-07,2023-07-09,North America,Mexico,Consumer,Apparel,Activewear,5,213.95,0.1,962.77,54.55,18.8,Medium
MRG-2023-14132,2023-07-07,2023-07-14,APAC,India,Corporate,Electronics,Audio,11,139.76,0.15,1306.76,66.86,52.16,High
MRG-2023-12478,2023-07-07,2023-07-14,North America,Mexico,Consumer,Apparel,Accessories,9,338.64,0.0,3047.76,823.52,47.5,High
MRG-2023-12191,2023-07-08,2023-07-10,APAC,India,Consumer,Apparel,Accessories,9,284.07,0.15,2173.14,515.63,39.52,High
MRG-2023-12717,2023-07-08,2023-07-14,Europe,France,Consumer,Home & Living,Kitchenware,6,134.57,0.05,767.05,186.55,23.86,Low
MRG-2023-13202,2023-07-08,2023-07-10,North America,United States,Corporate,Electronics,Accessories,11,189.78,0.0,2087.58,292.43,28.19,Low
MRG-2023-11207,2023-07-08,2023-07-11,North America,Canada,Consumer,Home & Living,Kitchenware,7,405.75,0.3,1988.17,267.03,55.87,Medium
MRG-2023-12483,2023-07-08,2023-07-12,North America,Mexico,Home Office,Electronics,Wearables,1,302.75,0.05,287.61,77.81,10.94,High
MRG-2023-13972,2023-07-09,2023-07-11,Europe,Spain,Corporate,Electronics,Smart Home,5,273.27,0.2,1093.08,163.62,22.31,Low
MRG-2023-14834,2023-07-09,2023-07-11,North America,Canada,Consumer,Home & Living,Bedding,3,442.51,0.0,1327.53,160.07,18.25,Low
MRG-2023-10964,2023-07-09,2023-07-17,Europe,France,Consumer,Home & Living,Bedding,3,307.73,0.3,646.23,-96.93,14.03,Medium
MRG-2023-12156,2023-07-09,2023-07-17,Europe,Spain,Corporate,Home & Living,Furniture,1,141.19,0.0,141.19,45.33,14.74,Low
MRG-2023-10994,2023-07-10,2023-07-14,Europe,United Kingdom,Consumer,Apparel,Activewear,4,113.4,0.0,453.6,167.27,14.92,Medium
MRG-2023-11311,2023-07-10,2023-07-11,Europe,Spain,Consumer,Home & Living,Kitchenware,11,344.07,0.0,3784.77,711.86,30.0,Medium
MRG-2023-13849,2023-07-10,2023-07-12,APAC,Australia,Corporate,Electronics,Smart Home,8,197.65,0.15,1344.02,374.31,50.65,Medium
MRG-2023-14927,2023-07-10,2023-07-14,North America,United States,Consumer,Apparel,Activewear,2,243.81,0.05,463.24,100.29,13.38,Medium
MRG-2023-14794,2023-07-10,2023-07-18,APAC,Australia,Home Office,Apparel,Accessories,3,82.33,0.0,246.99,19.77,12.76,Medium
MRG-2023-11728,2023-07-11,2023-07-14,North America,Mexico,Corporate,Apparel,Outerwear,8,71.02,0.1,511.34,24.75,16.18,Critical
MRG-2023-12733,2023-07-11,2023-07-19,North America,Mexico,Consumer,Home & Living,Decor,7,158.23,0.1,996.85,85.41,51.15,Medium
MRG-2023-14977,2023-07-11,2023-07-12,North America,Mexico,Consumer,Apparel,Footwear,11,183.78,0.2,1617.26,251.48,70.36,Medium
MRG-2023-13733,2023-07-11,2023-07-14,North America,Mexico,Consumer,Apparel,Accessories,6,87.1,0.2,418.08,5.7,22.3,Low
MRG-2023-12586,2023-07-11,2023-07-15,Europe,Germany,Corporate,Apparel,Accessories,5,224.5,0.0,1122.5,138.71,45.42,High
MRG-2023-12382,2023-07-11,2023-07-19,North America,Mexico,Home Office,Electronics,Audio,7,443.3,0.1,2792.79,12.37,38.48,Medium
MRG-2023-13780,2023-07-11,2023-07-16,North America,Canada,Consumer,Apparel,Outerwear,7,64.64,0.0,452.48,150.76,48.91,Medium
MRG-2023-14144,2023-07-11,2023-07-16,North America,United States,Consumer,Electronics,Smart Home,2,343.3,0.3,480.62,105.78,11.4,Medium
MRG-2023-10133,2023-07-11,2023-07-16,North America,Canada,Corporate,Apparel,Accessories,5,353.74,0.05,1680.26,471.8,29.44,Low
MRG-2023-15079,2023-07-12,2023-07-16,North America,Canada,Consumer,Electronics,Accessories,2,313.47,0.0,626.94,92.46,8.83,Low
MRG-2023-13126,2023-07-12,2023-07-19,North America,Canada,Home Office,Home & Living,Kitchenware,5,443.59,0.0,2217.95,788.92,26.49,High
MRG-2023-15884,2023-07-12,2023-07-14,North America,United States,Consumer,Electronics,Audio,5,257.81,0.0,1289.05,150.07,32.7,Critical
MRG-2023-13690,2023-07-12,2023-07-13,North America,United States,Home Office,Apparel,Accessories,5,89.18,0.0,445.9,179.78,37.66,High
MRG-2023-13485,2023-07-13,2023-07-18,North America,Mexico,Consumer,Apparel,Footwear,7,133.58,0.0,935.06,119.89,36.66,Low
MRG-2023-14942,2023-07-13,2023-07-20,APAC,India,Consumer,Apparel,Outerwear,7,397.88,0.0,2785.16,622.48,39.29,Low
MRG-2023-15285,2023-07-13,2023-07-16,North America,Mexico,Consumer,Electronics,Wearables,7,62.65,0.0,438.55,55.76,32.09,High
MRG-2023-14718,2023-07-14,2023-07-22,North America,United States,Consumer,Electronics,Audio,6,370.94,0.0,2225.64,631.44,21.88,Medium
MRG-2023-15231,2023-07-14,2023-07-17,APAC,Singapore,Home Office,Apparel,Activewear,2,310.17,0.0,620.34,256.88,11.68,Low
MRG-2023-11531,2023-07-14,2023-07-18,North America,United States,Consumer,Electronics,Smart Home,5,275.52,0.0,1377.6,273.83,35.36,Medium
MRG-2023-14356,2023-07-14,2023-07-22,North America,Canada,Consumer,Apparel,Footwear,9,214.23,0.1,1735.26,182.83,21.07,Low
MRG-2023-13913,2023-07-14,2023-07-17,Europe,United Kingdom,Consumer,Electronics,Audio,2,287.29,0.05,545.85,49.74,16.96,Low
MRG-2023-15643,2023-07-14,2023-07-20,North America,United States,Consumer,Electronics,Accessories,11,230.23,0.0,2532.53,781.75,49.14,Medium
MRG-2023-14124,2023-07-15,2023-07-23,North America,Mexico,Consumer,Apparel,Outerwear,1,138.04,0.0,138.04,26.42,4.39,Medium
MRG-2023-12907,2023-07-15,2023-07-18,North America,United States,Consumer,Home & Living,Kitchenware,8,61.86,0.3,346.42,-14.7,45.61,Medium
MRG-2023-15447,2023-07-15,2023-07-16,APAC,Australia,Consumer,Home & Living,Furniture,11,69.32,0.0,762.52,88.18,41.73,Medium
MRG-2023-14969,2023-07-15,2023-07-23,North America,Canada,Consumer,Electronics,Smart Home,4,316.5,0.2,1012.8,-18.43,27.71,Low
MRG-2023-12796,2023-07-15,2023-07-22,Europe,France,Consumer,Apparel,Outerwear,2,403.93,0.05,767.47,130.65,17.21,Critical
MRG-2023-14408,2023-07-15,2023-07-22,North America,Mexico,Home Office,Home & Living,Decor,11,51.26,0.0,563.86,192.56,63.46,High
MRG-2023-15659,2023-07-15,2023-07-18,North America,United States,Consumer,Apparel,Activewear,1,178.87,0.15,152.04,6.54,19.8,Low
MRG-2023-12610,2023-07-16,2023-07-22,North America,Canada,Consumer,Home & Living,Furniture,8,102.11,0.15,694.35,226.05,63.33,Medium
MRG-2023-15019,2023-07-16,2023-07-23,Europe,France,Corporate,Apparel,Footwear,10,262.78,0.0,2627.8,264.77,13.3,Medium
MRG-2023-12662,2023-07-16,2023-07-19,North America,Canada,Home Office,Home & Living,Furniture,11,89.22,0.15,834.21,24.6,44.46,Low
MRG-2023-11543,2023-07-16,2023-07-22,Europe,France,Consumer,Electronics,Smart Home,4,159.02,0.05,604.28,222.29,24.65,Medium
MRG-2023-15307,2023-07-16,2023-07-17,APAC,Singapore,Corporate,Home & Living,Bedding,2,448.39,0.1,807.1,250.24,9.9,High
MRG-2023-12469,2023-07-16,2023-07-17,Europe,Spain,Home Office,Home & Living,Decor,8,307.06,0.05,2333.66,272.55,37.62,Medium
MRG-2023-12611,2023-07-16,2023-07-23,Europe,Spain,Home Office,Home & Living,Decor,5,225.97,0.15,960.37,-70.52,12.88,Medium
MRG-2023-10732,2023-07-16,2023-07-22,North America,Canada,Corporate,Apparel,Footwear,11,159.47,0.0,1754.17,611.53,78.95,Medium
MRG-2023-15439,2023-07-16,2023-07-21,Europe,Spain,Corporate,Apparel,Outerwear,9,108.97,0.1,882.66,74.22,50.67,Medium
MRG-2023-14820,2023-07-16,2023-07-21,Europe,France,Home Office,Electronics,Smart Home,4,137.7,0.1,495.72,33.66,34.56,Low
MRG-2023-14826,2023-07-17,2023-07-20,Europe,Spain,Consumer,Apparel,Accessories,10,241.25,0.2,1930.0,562.71,44.49,High
MRG-2023-15733,2023-07-17,2023-07-20,Europe,Spain,Consumer,Electronics,Accessories,4,407.69,0.0,1630.76,224.84,31.39,High
MRG-2023-14836,2023-07-17,2023-07-19,Europe,Spain,Consumer,Electronics,Wearables,2,233.01,0.0,466.02,88.94,10.26,Critical
MRG-2023-13113,2023-07-17,2023-07-25,North America,United States,Consumer,Home & Living,Decor,8,78.21,0.3,437.98,-21.94,11.15,Low
MRG-2023-11300,2023-07-17,2023-07-18,Europe,Spain,Consumer,Apparel,Footwear,5,83.18,0.2,332.72,79.34,14.43,Medium
MRG-2023-15641,2023-07-17,2023-07-23,APAC,Australia,Consumer,Electronics,Accessories,9,96.47,0.15,738.0,52.35,67.2,Medium
MRG-2023-12302,2023-07-18,2023-07-21,Europe,Germany,Corporate,Home & Living,Kitchenware,9,409.37,0.1,3315.9,498.82,26.88,High
MRG-2023-12480,2023-07-18,2023-07-19,North America,Mexico,Consumer,Home & Living,Furniture,9,46.43,0.3,292.51,-4.39,60.82,Low
MRG-2023-11013,2023-07-18,2023-07-23,North America,Mexico,Consumer,Home & Living,Bedding,3,155.9,0.1,420.93,102.08,31.44,Low
MRG-2023-12924,2023-07-18,2023-07-26,APAC,Singapore,Consumer,Home & Living,Decor,2,289.73,0.3,405.62,37.0,8.45,High
MRG-2023-13022,2023-07-19,2023-07-22,APAC,Japan,Consumer,Home & Living,Decor,1,219.48,0.0,219.48,66.81,10.08,Low
MRG-2023-15182,2023-07-19,2023-07-24,APAC,India,Consumer,Electronics,Wearables,8,117.52,0.0,940.16,166.8,22.38,Medium
MRG-2023-10743,2023-07-19,2023-07-24,Europe,Spain,Corporate,Electronics,Accessories,4,295.14,0.1,1062.5,267.75,25.15,Medium
MRG-2023-12705,2023-07-19,2023-07-26,North America,Canada,Consumer,Apparel,Outerwear,11,410.02,0.15,3833.69,340.5,18.59,High
MRG-2023-12516,2023-07-20,2023-07-22,Europe,Spain,Corporate,Home & Living,Furniture,8,185.11,0.0,1480.88,146.43,37.73,Low
MRG-2023-14032,2023-07-20,2023-07-22,North America,United States,Home Office,Apparel,Accessories,4,159.64,0.15,542.78,70.44,10.87,Medium
MRG-2023-12390,2023-07-20,2023-07-25,Europe,Spain,Consumer,Apparel,Accessories,9,113.83,0.05,973.25,175.27,31.16,High
MRG-2023-11984,2023-07-21,2023-07-23,North America,United States,Consumer,Electronics,Smart Home,8,207.0,0.0,1656.0,330.75,34.72,Low
MRG-2023-14320,2023-07-21,2023-07-27,Europe,France,Corporate,Home & Living,Bedding,8,230.27,0.0,1842.16,249.05,50.67,Low
MRG-2023-14551,2023-07-21,2023-07-26,North America,United States,Consumer,Electronics,Smart Home,9,284.54,0.15,2176.73,365.1,66.3,Medium
MRG-2023-14236,2023-07-21,2023-07-28,Europe,France,Corporate,Home & Living,Bedding,5,330.44,0.0,1652.2,227.31,16.08,Low
MRG-2023-11440,2023-07-22,2023-07-27,North America,Mexico,Consumer,Home & Living,Furniture,8,78.17,0.0,625.36,241.76,46.86,Critical
MRG-2023-10420,2023-07-22,2023-07-28,North America,Canada,Corporate,Apparel,Accessories,10,40.57,0.05,385.41,35.21,65.62,Low
MRG-2023-12031,2023-07-22,2023-07-26,Europe,Germany,Consumer,Home & Living,Furniture,6,415.85,0.2,1996.08,226.48,45.67,Critical
MRG-2023-11039,2023-07-22,2023-07-26,North America,Mexico,Consumer,Electronics,Accessories,3,299.74,0.2,719.38,157.69,20.2,Critical
MRG-2023-14218,2023-07-22,2023-07-28,North America,Mexico,Corporate,Home & Living,Kitchenware,11,353.26,0.0,3885.86,1457.66,71.41,Medium
MRG-2023-13077,2023-07-22,2023-07-24,North America,Canada,Consumer,Apparel,Accessories,7,383.45,0.0,2684.15,943.47,31.98,Low
MRG-2023-11147,2023-07-22,2023-07-25,APAC,Singapore,Consumer,Apparel,Outerwear,11,376.97,0.2,3317.34,-245.19,62.71,Medium
MRG-2023-15442,2023-07-22,2023-07-24,Europe,United Kingdom,Corporate,Electronics,Smart Home,9,268.82,0.0,2419.38,671.31,45.39,Medium
MRG-2023-13870,2023-07-22,2023-07-29,North America,Canada,Corporate,Apparel,Outerwear,3,118.03,0.0,354.09,59.25,7.27,Medium
MRG-2023-14646,2023-07-22,2023-07-29,Europe,France,Consumer,Home & Living,Bedding,10,287.19,0.2,2297.52,-75.38,23.64,Medium
MRG-2023-12289,2023-07-23,2023-07-24,Europe,United Kingdom,Consumer,Home & Living,Bedding,9,436.14,0.05,3729.0,1243.05,68.0,Medium
MRG-2023-12722,2023-07-23,2023-07-28,APAC,Japan,Corporate,Electronics,Smart Home,3,405.21,0.15,1033.29,250.83,20.8,Low
MRG-2023-10181,2023-07-24,2023-07-30,Europe,Germany,Consumer,Apparel,Accessories,5,324.8,0.0,1624.0,387.51,37.74,Medium
MRG-2023-14587,2023-07-24,2023-07-28,Europe,Germany,Consumer,Home & Living,Furniture,1,223.28,0.15,189.79,11.68,10.91,Critical
MRG-2023-13734,2023-07-24,2023-07-29,North America,United States,Consumer,Apparel,Activewear,7,228.06,0.15,1356.96,323.49,34.41,Low
MRG-2023-13971,2023-07-24,2023-07-25,North America,Mexico,Corporate,Apparel,Accessories,5,318.97,0.0,1594.85,276.22,21.94,Medium
MRG-2023-15720,2023-07-24,2023-08-01,Europe,Spain,Consumer,Apparel,Accessories,11,206.45,0.0,2270.95,565.28,34.56,Low
MRG-2023-14665,2023-07-25,2023-07-27,North America,United States,Corporate,Home & Living,Bedding,11,201.11,0.1,1990.99,576.37,50.17,High
MRG-2023-10290,2023-07-25,2023-07-27,Europe,Germany,Consumer,Home & Living,Bedding,4,371.22,0.0,1484.88,171.05,30.86,Medium
MRG-2023-10146,2023-07-25,2023-07-29,Europe,France,Corporate,Apparel,Activewear,2,113.35,0.0,226.7,57.08,18.33,Low
MRG-2023-11444,2023-07-25,2023-07-26,North America,Mexico,Home Office,Apparel,Outerwear,4,60.43,0.1,217.55,20.53,31.02,Medium
MRG-2023-10850,2023-07-25,2023-07-29,North America,United States,Corporate,Apparel,Accessories,2,236.41,0.0,472.82,73.79,13.67,High
MRG-2023-12052,2023-07-25,2023-07-30,North America,Mexico,Corporate,Apparel,Activewear,4,271.66,0.0,1086.64,240.72,30.41,Medium
MRG-2023-15048,2023-07-26,2023-07-30,North America,Canada,Corporate,Electronics,Smart Home,4,222.62,0.05,845.96,208.42,20.55,Low
MRG-2023-10067,2023-07-26,2023-08-02,Europe,United Kingdom,Consumer,Home & Living,Kitchenware,6,79.93,0.1,431.62,100.53,27.44,High
MRG-2023-14530,2023-07-26,2023-07-29,North America,Mexico,Consumer,Home & Living,Furniture,9,364.94,0.0,3284.46,1071.27,37.81,High
MRG-2023-10899,2023-07-26,2023-08-03,Europe,Germany,Consumer,Electronics,Wearables,1,378.39,0.05,359.47,79.24,15.62,Critical
MRG-2023-11071,2023-07-26,2023-08-02,Europe,United Kingdom,Consumer,Home & Living,Kitchenware,1,168.22,0.0,168.22,36.17,8.02,Medium
MRG-2023-12095,2023-07-27,2023-08-04,Europe,United Kingdom,Home Office,Apparel,Activewear,8,411.8,0.2,2635.52,106.79,38.6,Medium
MRG-2023-12322,2023-07-27,2023-07-30,Europe,Germany,Consumer,Home & Living,Bedding,11,337.91,0.05,3531.16,1096.1,67.95,Medium
MRG-2023-10090,2023-07-27,2023-08-03,North America,Canada,Consumer,Electronics,Wearables,2,303.03,0.0,606.06,185.08,9.89,Low
MRG-2023-14324,2023-07-27,2023-07-29,APAC,Singapore,Corporate,Apparel,Activewear,3,394.02,0.1,1063.85,199.42,22.15,High
MRG-2023-10885,2023-07-27,2023-08-03,North America,Canada,Corporate,Home & Living,Kitchenware,4,27.72,0.0,110.88,12.22,16.3,Low
MRG-2023-13809,2023-07-27,2023-07-29,North America,Canada,Consumer,Electronics,Wearables,6,106.24,0.1,573.7,114.25,28.01,Low
MRG-2023-12404,2023-07-28,2023-08-03,Europe,France,Consumer,Home & Living,Bedding,10,299.74,0.0,2997.4,935.0,36.53,Low
MRG-2023-15799,2023-07-28,2023-08-01,Europe,United Kingdom,Consumer,Apparel,Footwear,5,301.59,0.3,1055.57,13.38,24.57,Medium
MRG-2023-11530,2023-07-28,2023-08-05,North America,Canada,Consumer,Electronics,Accessories,6,112.79,0.0,676.74,80.17,35.12,Medium
MRG-2023-11580,2023-07-28,2023-08-01,Europe,France,Home Office,Home & Living,Bedding,1,25.1,0.2,20.08,2.92,9.03,Medium
MRG-2023-11283,2023-07-29,2023-08-06,APAC,Australia,Consumer,Apparel,Activewear,10,244.58,0.05,2323.51,552.36,32.11,Medium
MRG-2023-12365,2023-07-29,2023-08-04,APAC,Japan,Corporate,Apparel,Outerwear,2,404.39,0.0,808.78,92.04,18.66,Low
MRG-2023-10942,2023-07-29,2023-08-05,North America,Mexico,Consumer,Apparel,Outerwear,2,328.29,0.0,656.58,194.35,15.57,Medium
MRG-2023-13538,2023-07-29,2023-07-30,Europe,Germany,Consumer,Home & Living,Kitchenware,4,375.76,0.0,1503.04,475.52,28.32,Critical
MRG-2023-15371,2023-07-29,2023-08-03,APAC,Japan,Corporate,Apparel,Accessories,10,60.33,0.2,482.64,73.93,55.42,High
MRG-2023-11397,2023-07-29,2023-08-01,North America,United States,Consumer,Electronics,Wearables,10,208.87,0.05,1984.26,278.75,38.63,Low
MRG-2023-10593,2023-07-30,2023-08-03,Europe,Spain,Consumer,Electronics,Wearables,5,14.62,0.1,65.79,18.38,33.64,Medium
MRG-2023-10475,2023-07-30,2023-08-06,Europe,Germany,Corporate,Apparel,Footwear,11,50.71,0.1,502.03,120.82,72.72,Low
MRG-2023-15397,2023-07-30,2023-08-05,North America,United States,Home Office,Electronics,Accessories,8,434.41,0.1,3127.75,947.56,15.16,Medium
MRG-2023-12862,2023-07-30,2023-08-03,Europe,Spain,Home Office,Home & Living,Kitchenware,9,308.52,0.0,2776.68,1040.41,57.8,Low
MRG-2023-15783,2023-07-30,2023-08-04,Europe,Spain,Home Office,Electronics,Smart Home,4,48.38,0.3,135.46,11.51,30.0,Medium
MRG-2023-14171,2023-07-30,2023-08-01,North America,Canada,Consumer,Home & Living,Furniture,8,83.4,0.0,667.2,99.94,62.45,Low
MRG-2023-13910,2023-07-31,2023-08-02,North America,Mexico,Consumer,Home & Living,Kitchenware,1,73.1,0.2,58.48,6.45,7.64,Low
MRG-2023-13758,2023-07-31,2023-08-07,Europe,France,Consumer,Home & Living,Bedding,7,201.35,0.2,1127.56,-8.93,13.7,High
MRG-2023-10185,2023-07-31,2023-08-02,North America,Canada,Corporate,Apparel,Outerwear,4,230.86,0.3,646.41,28.93,32.79,Critical
MRG-2023-10455,2023-07-31,2023-08-06,North America,Mexico,Consumer,Electronics,Smart Home,8,257.65,0.05,1958.14,179.95,25.75,Low
MRG-2023-13579,2023-07-31,2023-08-05,North America,United States,Consumer,Apparel,Outerwear,2,283.7,0.0,567.4,180.99,14.6,High
MRG-2023-13876,2023-08-01,2023-08-03,North America,Mexico,Corporate,Home & Living,Furniture,5,386.17,0.3,1351.59,238.46,16.78,Low
MRG-2023-11540,2023-08-01,2023-08-04,North America,Mexico,Consumer,Apparel,Activewear,8,224.48,0.0,1795.84,280.02,40.92,Medium
MRG-2023-13970,2023-08-01,2023-08-02,Europe,France,Consumer,Home & Living,Kitchenware,1,220.31,0.1,198.28,42.23,17.98,Low
MRG-2023-15390,2023-08-02,2023-08-04,North America,United States,Corporate,Apparel,Outerwear,11,157.45,0.05,1645.35,378.94,42.25,Medium
MRG-2023-10281,2023-08-02,2023-08-04,Europe,Germany,Consumer,Apparel,Accessories,3,165.0,0.0,495.0,93.81,25.98,Critical
MRG-2023-12281,2023-08-02,2023-08-05,Europe,Germany,Consumer,Electronics,Audio,8,150.67,0.1,1084.82,214.36,59.47,Low
MRG-2023-11774,2023-08-02,2023-08-08,North America,Canada,Consumer,Apparel,Outerwear,7,321.03,0.3,1573.05,95.07,17.83,High
MRG-2023-12219,2023-08-02,2023-08-09,North America,Canada,Consumer,Apparel,Outerwear,4,43.83,0.0,175.32,68.55,12.89,Medium
MRG-2023-10225,2023-08-02,2023-08-09,North America,United States,Home Office,Home & Living,Bedding,10,138.56,0.0,1385.6,541.12,45.44,Medium
MRG-2023-10381,2023-08-02,2023-08-09,North America,United States,Home Office,Home & Living,Furniture,6,326.3,0.0,1957.8,544.03,39.55,Low
MRG-2023-14493,2023-08-03,2023-08-08,North America,Mexico,Consumer,Apparel,Footwear,9,273.26,0.3,1721.54,-144.91,70.37,Medium
MRG-2023-12606,2023-08-03,2023-08-06,Europe,Germany,Consumer,Apparel,Accessories,1,51.44,0.0,51.44,15.56,8.98,High
MRG-2023-11604,2023-08-03,2023-08-08,North America,Canada,Consumer,Home & Living,Decor,11,288.62,0.15,2698.6,581.15,61.7,Low
MRG-2023-15118,2023-08-03,2023-08-11,North America,United States,Consumer,Apparel,Accessories,6,416.81,0.1,2250.77,509.94,30.73,Medium
MRG-2023-15797,2023-08-03,2023-08-10,North America,United States,Home Office,Home & Living,Bedding,10,195.14,0.0,1951.4,572.7,40.65,Medium
MRG-2023-10904,2023-08-03,2023-08-11,North America,United States,Corporate,Home & Living,Bedding,2,231.63,0.3,324.28,-13.24,21.25,High
MRG-2023-11097,2023-08-03,2023-08-06,Europe,Spain,Home Office,Home & Living,Decor,9,347.77,0.2,2503.94,117.7,45.91,Medium
MRG-2023-15652,2023-08-03,2023-08-11,North America,Canada,Corporate,Home & Living,Furniture,5,298.78,0.15,1269.82,2.87,23.82,Low
MRG-2023-11093,2023-08-03,2023-08-09,Europe,France,Consumer,Electronics,Accessories,5,194.68,0.05,924.73,349.75,21.44,Medium
MRG-2023-14847,2023-08-04,2023-08-12,North America,Canada,Consumer,Electronics,Wearables,4,133.53,0.15,454.0,48.19,15.9,Low
MRG-2023-12323,2023-08-04,2023-08-05,North America,United States,Home Office,Electronics,Audio,3,23.71,0.3,49.79,2.15,15.47,High
MRG-2023-11784,2023-08-04,2023-08-11,APAC,Australia,Corporate,Home & Living,Bedding,2,211.47,0.3,296.06,-21.72,13.29,High
MRG-2023-15101,2023-08-04,2023-08-05,APAC,Japan,Consumer,Apparel,Activewear,3,15.11,0.3,31.73,-1.13,16.62,Low
MRG-2023-15846,2023-08-04,2023-08-07,North America,United States,Consumer,Electronics,Audio,2,206.9,0.05,393.11,19.73,14.41,Low
MRG-2023-13930,2023-08-04,2023-08-06,North America,Mexico,Corporate,Electronics,Smart Home,8,114.59,0.0,916.72,137.62,56.83,Medium
MRG-2023-14173,2023-08-04,2023-08-05,Europe,Germany,Home Office,Apparel,Accessories,6,349.27,0.0,2095.62,190.08,50.62,High
MRG-2023-13885,2023-08-04,2023-08-10,North America,United States,Consumer,Apparel,Activewear,9,137.49,0.0,1237.41,298.04,17.19,Low
MRG-2023-13771,2023-08-04,2023-08-11,North America,Canada,Consumer,Apparel,Footwear,9,304.43,0.0,2739.87,827.84,26.86,Medium
MRG-2023-14322,2023-08-04,2023-08-07,Europe,Spain,Consumer,Electronics,Accessories,7,176.05,0.05,1170.73,395.56,56.84,Medium
MRG-2023-15918,2023-08-06,2023-08-12,North America,Canada,Corporate,Apparel,Outerwear,9,250.06,0.1,2025.49,329.59,44.97,High
MRG-2023-14393,2023-08-06,2023-08-09,Europe,Spain,Consumer,Apparel,Activewear,9,387.64,0.0,3488.76,771.3,13.85,Medium
MRG-2023-15648,2023-08-06,2023-08-14,Europe,Germany,Home Office,Electronics,Wearables,7,380.13,0.15,2261.77,502.11,17.09,Low
MRG-2023-14661,2023-08-06,2023-08-13,Europe,Spain,Consumer,Apparel,Accessories,9,366.48,0.0,3298.32,1313.84,61.03,Low
MRG-2023-10481,2023-08-06,2023-08-13,Europe,Spain,Corporate,Home & Living,Decor,3,171.27,0.1,462.43,-17.1,21.58,Low
MRG-2023-13359,2023-08-06,2023-08-08,Europe,Spain,Consumer,Apparel,Outerwear,2,89.48,0.1,161.06,34.83,13.07,Low
MRG-2023-14892,2023-08-06,2023-08-13,North America,Canada,Corporate,Electronics,Wearables,7,426.6,0.0,2986.2,1055.03,32.48,Medium
MRG-2023-14722,2023-08-06,2023-08-10,Europe,Germany,Consumer,Home & Living,Furniture,9,129.78,0.3,817.61,-94.86,41.7,Critical
MRG-2023-15782,2023-08-06,2023-08-10,North America,Mexico,Corporate,Apparel,Accessories,4,282.17,0.0,1128.68,445.44,29.84,Medium
MRG-2023-14048,2023-08-07,2023-08-10,Europe,Germany,Consumer,Home & Living,Decor,5,98.26,0.15,417.61,71.72,15.37,High
MRG-2023-11279,2023-08-07,2023-08-12,Europe,Spain,Home Office,Apparel,Activewear,2,28.15,0.15,47.85,5.15,8.33,Low
MRG-2023-12144,2023-08-07,2023-08-11,Europe,Spain,Consumer,Apparel,Footwear,8,220.63,0.15,1500.28,379.19,33.07,Low
MRG-2023-14725,2023-08-07,2023-08-14,Europe,Germany,Home Office,Home & Living,Furniture,7,132.29,0.0,926.03,169.18,33.71,Low
MRG-2023-15244,2023-08-07,2023-08-14,North America,Mexico,Consumer,Home & Living,Decor,11,170.79,0.2,1502.95,171.15,26.76,High
MRG-2023-13516,2023-08-08,2023-08-13,APAC,Japan,Home Office,Apparel,Accessories,1,440.44,0.0,440.44,115.4,7.71,Low
MRG-2023-15619,2023-08-08,2023-08-12,North America,Mexico,Consumer,Apparel,Outerwear,7,180.37,0.05,1199.46,144.11,21.94,Low
MRG-2023-15613,2023-08-08,2023-08-10,North America,United States,Consumer,Electronics,Accessories,7,203.88,0.2,1141.73,-80.8,29.06,Medium
MRG-2023-12837,2023-08-08,2023-08-15,APAC,India,Home Office,Home & Living,Bedding,7,126.01,0.1,793.86,201.69,33.81,High
MRG-2023-14598,2023-08-08,2023-08-12,North America,Canada,Home Office,Home & Living,Furniture,7,336.45,0.2,1884.12,-60.5,44.45,Medium
MRG-2023-12341,2023-08-08,2023-08-09,North America,Mexico,Consumer,Electronics,Wearables,10,423.73,0.0,4237.3,1742.7,62.39,Medium
MRG-2023-15901,2023-08-08,2023-08-13,APAC,India,Corporate,Electronics,Accessories,1,423.66,0.15,360.11,59.1,8.31,Low
MRG-2023-11423,2023-08-08,2023-08-13,North America,Mexico,Consumer,Home & Living,Kitchenware,5,291.96,0.0,1459.8,559.15,35.04,Low
MRG-2023-13454,2023-08-08,2023-08-14,North America,Mexico,Corporate,Electronics,Smart Home,9,270.51,0.2,1947.67,225.03,38.28,Medium
MRG-2023-15394,2023-08-08,2023-08-09,APAC,Singapore,Consumer,Electronics,Accessories,8,429.99,0.0,3439.92,525.0,37.74,Low
MRG-2023-10344,2023-08-09,2023-08-14,APAC,India,Consumer,Electronics,Audio,2,315.1,0.3,441.14,12.48,11.33,Low
MRG-2023-14423,2023-08-09,2023-08-12,North America,United States,Corporate,Home & Living,Bedding,1,361.92,0.2,289.54,40.26,16.63,High
MRG-2023-15597,2023-08-09,2023-08-17,North America,Mexico,Corporate,Apparel,Accessories,11,414.75,0.2,3649.8,682.43,32.18,Low
MRG-2023-14392,2023-08-09,2023-08-16,Europe,Germany,Home Office,Electronics,Smart Home,3,202.74,0.1,547.4,69.43,13.16,High
MRG-2023-14097,2023-08-09,2023-08-16,North America,Canada,Corporate,Apparel,Activewear,11,446.4,0.0,4910.4,537.96,60.89,Medium
MRG-2023-10748,2023-08-09,2023-08-10,APAC,Japan,Consumer,Home & Living,Kitchenware,9,123.05,0.2,885.96,-61.63,43.08,Low
MRG-2023-15878,2023-08-09,2023-08-10,North America,Canada,Consumer,Home & Living,Decor,9,362.23,0.15,2771.06,110.57,59.36,Low
MRG-2023-15912,2023-08-09,2023-08-13,North America,Mexico,Home Office,Electronics,Accessories,6,146.63,0.15,747.81,-12.05,45.62,Low
MRG-2023-12187,2023-08-09,2023-08-12,North America,Canada,Corporate,Home & Living,Decor,1,35.34,0.0,35.34,3.33,17.89,Low
MRG-2023-11100,2023-08-09,2023-08-10,Europe,United Kingdom,Corporate,Home & Living,Furniture,6,96.39,0.0,578.34,232.73,43.63,Low
MRG-2023-10859,2023-08-10,2023-08-11,North America,Mexico,Corporate,Apparel,Accessories,4,390.77,0.0,1563.08,522.74,17.99,Low
MRG-2023-12822,2023-08-10,2023-08-15,Europe,France,Consumer,Home & Living,Kitchenware,6,233.1,0.05,1328.67,434.31,31.42,Medium
MRG-2023-15234,2023-08-10,2023-08-11,APAC,Australia,Corporate,Apparel,Footwear,5,207.22,0.0,1036.1,334.52,22.87,High
MRG-2023-11089,2023-08-10,2023-08-16,Europe,United Kingdom,Consumer,Apparel,Outerwear,8,87.7,0.0,701.6,189.45,33.91,Medium
MRG-2023-15867,2023-08-10,2023-08-15,APAC,Australia,Consumer,Home & Living,Bedding,6,277.74,0.0,1666.44,340.99,19.3,Medium
MRG-2023-14416,2023-08-10,2023-08-12,APAC,Singapore,Consumer,Home & Living,Furniture,8,174.39,0.05,1325.36,268.12,38.66,High
MRG-2023-11012,2023-08-10,2023-08-12,APAC,India,Consumer,Home & Living,Kitchenware,7,268.87,0.0,1882.09,523.6,31.97,Medium
MRG-2023-14204,2023-08-10,2023-08-13,APAC,Australia,Corporate,Apparel,Accessories,2,353.08,0.1,635.54,83.37,11.56,Low
MRG-2023-11310,2023-08-11,2023-08-17,APAC,Singapore,Consumer,Electronics,Accessories,1,400.57,0.3,280.4,6.34,13.69,Medium
MRG-2023-12801,2023-08-11,2023-08-17,Europe,United Kingdom,Consumer,Apparel,Accessories,3,303.38,0.05,864.63,81.15,22.59,High
MRG-2023-11898,2023-08-11,2023-08-17,Europe,United Kingdom,Consumer,Apparel,Footwear,8,124.81,0.2,798.78,53.17,55.17,High
MRG-2023-14114,2023-08-12,2023-08-15,North America,United States,Consumer,Electronics,Accessories,1,93.75,0.0,93.75,33.92,16.45,Low
MRG-2023-14666,2023-08-12,2023-08-20,Europe,France,Consumer,Home & Living,Kitchenware,3,383.81,0.3,806.0,-42.62,16.3,Low
MRG-2023-13120,2023-08-12,2023-08-19,North America,Canada,Home Office,Electronics,Wearables,4,334.19,0.0,1336.76,275.37,35.19,Medium
MRG-2023-10923,2023-08-12,2023-08-18,North America,United States,Home Office,Apparel,Outerwear,11,202.79,0.05,2119.16,727.66,50.82,High
MRG-2023-11957,2023-08-12,2023-08-18,North America,United States,Corporate,Electronics,Accessories,3,187.12,0.3,392.95,38.06,16.6,Medium
MRG-2023-12308,2023-08-12,2023-08-17,North America,Canada,Consumer,Home & Living,Decor,8,159.24,0.0,1273.92,302.75,57.43,Low
MRG-2023-12769,2023-08-12,2023-08-16,North America,Canada,Corporate,Apparel,Accessories,2,56.41,0.2,90.26,-2.77,11.81,High
MRG-2023-10337,2023-08-12,2023-08-13,North America,United States,Consumer,Electronics,Audio,6,323.1,0.3,1357.02,-158.77,20.97,Medium
MRG-2023-13868,2023-08-12,2023-08-17,Europe,United Kingdom,Corporate,Electronics,Smart Home,1,162.46,0.3,113.72,-7.12,11.74,Medium
MRG-2023-11785,2023-08-12,2023-08-17,North America,United States,Consumer,Electronics,Audio,8,205.84,0.0,1646.72,380.6,36.29,Medium
MRG-2023-10199,2023-08-12,2023-08-18,North America,United States,Corporate,Electronics,Audio,7,25.47,0.0,178.29,58.42,17.28,Low
MRG-2023-11477,2023-08-13,2023-08-18,North America,Mexico,Corporate,Home & Living,Kitchenware,9,302.23,0.0,2720.07,850.39,22.51,Medium
MRG-2023-10634,2023-08-13,2023-08-19,APAC,Japan,Corporate,Electronics,Audio,8,43.02,0.1,309.74,67.12,49.91,Critical
MRG-2023-10863,2023-08-13,2023-08-14,APAC,Singapore,Corporate,Home & Living,Kitchenware,9,308.89,0.0,2780.01,694.39,58.01,Medium
MRG-2023-11431,2023-08-13,2023-08-16,APAC,Australia,Consumer,Electronics,Accessories,10,34.23,0.0,342.3,63.96,62.4,High
MRG-2023-12646,2023-08-13,2023-08-15,Europe,Germany,Corporate,Apparel,Accessories,3,197.39,0.3,414.52,-53.76,27.92,Medium
MRG-2023-14303,2023-08-14,2023-08-18,North America,United States,Corporate,Electronics,Smart Home,10,133.27,0.0,1332.7,117.19,55.37,Low
MRG-2023-10642,2023-08-14,2023-08-18,North America,United States,Consumer,Apparel,Activewear,1,107.11,0.3,74.98,-8.29,18.13,Low
MRG-2023-13684,2023-08-14,2023-08-18,North America,Mexico,Consumer,Home & Living,Bedding,7,308.11,0.0,2156.77,695.53,39.39,High
MRG-2023-13787,2023-08-14,2023-08-17,North America,United States,Consumer,Electronics,Smart Home,8,367.02,0.1,2642.54,311.76,55.78,Medium
MRG-2023-11242,2023-08-14,2023-08-18,Europe,France,Consumer,Electronics,Audio,4,172.58,0.05,655.8,114.99,30.68,Low
MRG-2023-15470,2023-08-15,2023-08-18,APAC,Japan,Consumer,Apparel,Outerwear,5,415.08,0.3,1452.78,161.83,14.23,Low
MRG-2023-12375,2023-08-15,2023-08-17,APAC,Singapore,Consumer,Electronics,Accessories,6,140.05,0.15,714.25,163.05,44.37,High
MRG-2023-12800,2023-08-15,2023-08-19,APAC,Singapore,Consumer,Home & Living,Furniture,3,93.85,0.2,225.24,-4.48,31.66,Medium
MRG-2023-14193,2023-08-15,2023-08-21,Europe,France,Corporate,Home & Living,Furniture,1,318.81,0.3,223.17,4.28,13.82,Medium
MRG-2023-13548,2023-08-15,2023-08-17,Europe,Spain,Consumer,Home & Living,Kitchenware,6,366.92,0.15,1871.29,-7.3,23.91,Medium
MRG-2023-12194,2023-08-15,2023-08-21,Europe,Germany,Consumer,Electronics,Smart Home,9,50.34,0.3,317.14,22.98,43.89,High
MRG-2023-14469,2023-08-15,2023-08-19,APAC,Australia,Consumer,Apparel,Footwear,8,433.68,0.0,3469.44,600.24,41.2,Low
MRG-2023-14971,2023-08-15,2023-08-21,North America,United States,Consumer,Apparel,Outerwear,7,215.91,0.0,1511.37,190.86,56.65,Medium
MRG-2023-12704,2023-08-15,2023-08-22,APAC,Australia,Corporate,Electronics,Wearables,4,127.43,0.0,509.72,211.32,23.71,Critical
MRG-2023-14153,2023-08-15,2023-08-21,North America,Mexico,Home Office,Electronics,Accessories,5,27.36,0.1,123.12,6.08,40.51,Medium
MRG-2023-10945,2023-08-16,2023-08-20,Europe,Spain,Consumer,Electronics,Smart Home,6,448.07,0.0,2688.42,729.93,28.12,High
MRG-2023-10557,2023-08-16,2023-08-22,APAC,Australia,Consumer,Apparel,Footwear,5,199.83,0.2,799.32,181.53,16.34,Low
MRG-2023-10753,2023-08-16,2023-08-24,North America,Canada,Home Office,Apparel,Activewear,6,209.94,0.15,1070.69,188.99,38.08,Low
MRG-2023-12667,2023-08-16,2023-08-17,North America,United States,Consumer,Electronics,Wearables,7,424.89,0.2,2379.38,310.03,13.6,Medium
MRG-2023-13071,2023-08-17,2023-08-19,North America,Canada,Consumer,Electronics,Accessories,1,222.0,0.3,155.4,-17.69,9.45,High
MRG-2023-11853,2023-08-17,2023-08-24,APAC,Australia,Consumer,Electronics,Smart Home,6,155.76,0.15,794.38,82.97,49.21,High
MRG-2023-12032,2023-08-17,2023-08-21,North America,Mexico,Consumer,Apparel,Outerwear,5,245.44,0.0,1227.2,461.42,24.14,Medium
MRG-2023-10972,2023-08-18,2023-08-20,Europe,Spain,Consumer,Apparel,Outerwear,10,37.16,0.0,371.6,148.5,27.18,Medium
MRG-2023-12062,2023-08-18,2023-08-25,North America,Mexico,Consumer,Apparel,Outerwear,4,225.13,0.0,900.52,365.98,29.54,High
MRG-2023-11393,2023-08-19,2023-08-27,North America,Mexico,Corporate,Electronics,Wearables,7,362.32,0.3,1775.37,245.59,39.36,Critical
MRG-2023-12268,2023-08-19,2023-08-23,North America,Canada,Consumer,Apparel,Activewear,3,139.09,0.1,375.54,-2.74,23.54,Low
MRG-2023-10261,2023-08-19,2023-08-20,North America,United States,Corporate,Electronics,Audio,6,43.14,0.0,258.84,86.79,47.12,Medium
MRG-2023-10145,2023-08-19,2023-08-22,North America,Mexico,Corporate,Electronics,Smart Home,7,353.13,0.0,2471.91,986.52,36.6,High
MRG-2023-14760,2023-08-19,2023-08-22,North America,United States,Consumer,Electronics,Wearables,3,296.51,0.2,711.62,34.05,13.77,Low
MRG-2023-10703,2023-08-19,2023-08-21,APAC,India,Consumer,Electronics,Audio,2,36.77,0.0,73.54,12.5,15.28,Low
MRG-2023-13759,2023-08-20,2023-08-28,North America,Canada,Consumer,Apparel,Outerwear,3,170.39,0.3,357.82,20.77,23.03,Medium
MRG-2023-12215,2023-08-20,2023-08-22,North America,United States,Consumer,Electronics,Smart Home,9,238.74,0.0,2148.66,461.71,17.14,Low
MRG-2023-15299,2023-08-20,2023-08-24,APAC,Singapore,Consumer,Electronics,Wearables,8,342.72,0.05,2604.67,878.15,26.33,Medium
MRG-2023-11048,2023-08-20,2023-08-27,North America,United States,Consumer,Electronics,Accessories,10,179.78,0.05,1707.91,117.51,60.24,Medium
MRG-2023-12967,2023-08-21,2023-08-23,North America,Mexico,Corporate,Apparel,Activewear,11,251.24,0.15,2349.09,158.59,20.22,Medium
MRG-2023-14074,2023-08-21,2023-08-24,Europe,Spain,Consumer,Apparel,Footwear,3,372.55,0.0,1117.65,129.04,23.7,Low
MRG-2023-15181,2023-08-21,2023-08-29,APAC,Singapore,Consumer,Home & Living,Furniture,4,314.53,0.1,1132.31,329.06,26.88,Medium
MRG-2023-14663,2023-08-21,2023-08-28,North America,United States,Consumer,Home & Living,Bedding,3,295.94,0.15,754.65,208.73,25.01,Medium
MRG-2023-15232,2023-08-22,2023-08-23,APAC,Singapore,Corporate,Home & Living,Bedding,9,286.84,0.05,2452.48,626.35,51.21,Low
MRG-2023-12825,2023-08-22,2023-08-29,North America,United States,Consumer,Apparel,Activewear,1,213.3,0.0,213.3,60.01,14.17,High
MRG-2023-12468,2023-08-22,2023-08-27,Europe,France,Consumer,Electronics,Wearables,6,312.93,0.15,1595.94,427.56,35.86,Low
MRG-2023-13093,2023-08-22,2023-08-30,APAC,India,Consumer,Electronics,Audio,10,63.35,0.0,633.5,99.38,71.1,Medium
MRG-2023-15916,2023-08-23,2023-08-28,Europe,Spain,Home Office,Electronics,Audio,11,116.66,0.2,1026.61,87.94,46.47,Critical
MRG-2023-10415,2023-08-23,2023-08-24,North America,Mexico,Consumer,Apparel,Activewear,9,297.73,0.0,2679.57,495.53,63.82,Low
MRG-2023-12044,2023-08-23,2023-08-25,North America,Mexico,Corporate,Home & Living,Decor,8,209.79,0.1,1510.49,106.58,25.08,High
MRG-2023-15935,2023-08-23,2023-08-27,North America,Canada,Consumer,Home & Living,Decor,2,58.03,0.3,81.24,1.66,18.05,High
MRG-2023-15950,2023-08-23,2023-08-26,North America,Canada,Corporate,Home & Living,Furniture,1,176.78,0.0,176.78,25.01,11.32,Medium
MRG-2023-14293,2023-08-23,2023-08-29,North America,Canada,Home Office,Home & Living,Bedding,4,292.43,0.2,935.78,164.56,13.73,Medium
MRG-2023-12764,2023-08-24,2023-08-27,North America,Mexico,Consumer,Electronics,Smart Home,5,108.71,0.0,543.55,173.11,8.5,Medium
MRG-2023-12602,2023-08-24,2023-08-26,APAC,India,Consumer,Electronics,Smart Home,7,377.08,0.1,2375.6,-62.61,40.78,High
MRG-2023-12096,2023-08-24,2023-08-30,Europe,Spain,Consumer,Apparel,Outerwear,1,159.24,0.3,111.47,20.56,13.47,Medium
MRG-2023-11339,2023-08-24,2023-08-28,North America,Canada,Consumer,Apparel,Outerwear,3,403.35,0.1,1089.05,108.88,12.43,Medium
MRG-2023-11850,2023-08-24,2023-08-30,North America,Mexico,Consumer,Electronics,Wearables,7,224.48,0.0,1571.36,187.9,22.2,High
MRG-2023-13169,2023-08-25,2023-08-27,North America,Canada,Corporate,Home & Living,Bedding,1,240.59,0.2,192.47,32.08,10.59,Medium
MRG-2023-11357,2023-08-25,2023-08-27,North America,Mexico,Consumer,Home & Living,Bedding,8,233.61,0.05,1775.44,78.84,55.04,Low
MRG-2023-15622,2023-08-25,2023-08-31,North America,Mexico,Consumer,Home & Living,Decor,9,304.81,0.0,2743.29,421.59,46.61,Low
MRG-2023-14065,2023-08-25,2023-08-26,Europe,Spain,Consumer,Apparel,Accessories,1,344.07,0.0,344.07,119.49,7.2,Low
MRG-2023-15482,2023-08-25,2023-08-30,Europe,Germany,Corporate,Apparel,Activewear,1,235.48,0.0,235.48,72.25,4.75,Low
MRG-2023-14440,2023-08-25,2023-08-26,Europe,United Kingdom,Consumer,Home & Living,Furniture,3,59.98,0.3,125.96,8.3,7.13,Medium
MRG-2023-15386,2023-08-25,2023-08-31,Europe,United Kingdom,Consumer,Electronics,Smart Home,7,416.77,0.0,2917.39,362.27,41.67,Low
MRG-2023-12643,2023-08-25,2023-08-26,North America,Canada,Consumer,Apparel,Footwear,11,362.11,0.0,3983.21,866.78,56.98,Medium
MRG-2023-15245,2023-08-25,2023-08-29,North America,Mexico,Consumer,Apparel,Footwear,11,40.31,0.05,421.24,30.22,46.35,Medium
MRG-2023-12835,2023-08-25,2023-08-26,North America,Canada,Consumer,Electronics,Accessories,5,145.81,0.05,692.6,164.42,12.02,High
MRG-2023-11703,2023-08-25,2023-08-27,Europe,France,Consumer,Apparel,Outerwear,4,449.65,0.0,1798.6,327.58,28.95,Medium
MRG-2023-12927,2023-08-26,2023-08-28,North America,Mexico,Consumer,Home & Living,Decor,6,314.66,0.0,1887.96,594.38,38.55,Medium
MRG-2023-12594,2023-08-27,2023-09-02,North America,Mexico,Corporate,Electronics,Wearables,8,252.14,0.0,2017.12,268.44,48.22,Medium
MRG-2023-15153,2023-08-27,2023-09-02,Europe,Germany,Consumer,Apparel,Activewear,1,83.5,0.0,83.5,16.27,12.6,High
MRG-2023-10974,2023-08-27,2023-08-28,Europe,United Kingdom,Consumer,Electronics,Audio,6,293.3,0.2,1407.84,-88.07,37.33,Low
MRG-2023-15305,2023-08-27,2023-08-29,Europe,Germany,Home Office,Apparel,Footwear,2,392.96,0.1,707.33,26.22,16.53,Low
MRG-2023-10401,2023-08-27,2023-08-30,Europe,France,Consumer,Home & Living,Bedding,6,205.4,0.1,1109.16,209.71,47.2,Low
MRG-2023-10810,2023-08-27,2023-08-29,APAC,India,Corporate,Electronics,Wearables,9,132.85,0.05,1135.87,305.71,43.16,Low
MRG-2023-14078,2023-08-28,2023-09-01,APAC,Japan,Consumer,Apparel,Footwear,4,381.74,0.2,1221.57,-89.11,36.44,Low
MRG-2023-11256,2023-08-28,2023-08-29,North America,Canada,Corporate,Home & Living,Kitchenware,9,358.92,0.0,3230.28,346.85,50.43,Medium
MRG-2023-13710,2023-08-28,2023-08-29,North America,Canada,Home Office,Electronics,Wearables,7,133.67,0.15,795.34,41.28,33.05,High
MRG-2023-13387,2023-08-28,2023-09-05,North America,Canada,Consumer,Home & Living,Kitchenware,1,386.6,0.05,367.27,104.94,10.98,Medium
MRG-2023-14591,2023-08-28,2023-09-05,APAC,Singapore,Home Office,Apparel,Activewear,4,443.2,0.1,1595.52,196.88,22.08,Low
MRG-2023-13261,2023-08-28,2023-09-02,North America,Canada,Home Office,Home & Living,Kitchenware,10,95.86,0.0,958.6,227.89,34.53,Low
MRG-2023-15038,2023-08-28,2023-09-02,Europe,Germany,Consumer,Home & Living,Decor,9,273.08,0.1,2211.95,542.13,45.05,Low
MRG-2023-15429,2023-08-30,2023-09-01,APAC,Australia,Consumer,Electronics,Audio,8,115.74,0.15,787.03,217.27,41.08,High
MRG-2023-12101,2023-08-30,2023-09-04,North America,United States,Consumer,Apparel,Outerwear,10,98.12,0.15,834.02,120.36,39.07,Critical
MRG-2023-12528,2023-08-30,2023-09-07,North America,Mexico,Consumer,Home & Living,Bedding,9,114.84,0.1,930.2,193.83,21.97,Low
MRG-2023-10336,2023-08-30,2023-09-05,North America,Mexico,Consumer,Apparel,Accessories,6,171.82,0.2,824.74,0.94,46.33,Medium
MRG-2023-10242,2023-08-30,2023-09-04,North America,Canada,Corporate,Electronics,Smart Home,11,178.35,0.1,1765.66,6.64,83.78,Medium
MRG-2023-10347,2023-08-30,2023-09-02,North America,Mexico,Consumer,Apparel,Activewear,8,208.31,0.0,1666.48,325.77,45.7,Low
MRG-2023-12506,2023-08-30,2023-09-01,North America,Mexico,Home Office,Apparel,Footwear,11,277.08,0.0,3047.88,1205.48,36.99,High
MRG-2023-14181,2023-08-31,2023-09-06,Europe,United Kingdom,Consumer,Home & Living,Bedding,3,357.66,0.2,858.38,-12.92,19.99,Medium
MRG-2023-15088,2023-08-31,2023-09-06,North America,United States,Consumer,Home & Living,Bedding,2,300.19,0.05,570.36,41.2,13.86,Low
MRG-2023-14466,2023-08-31,2023-09-02,Europe,Spain,Consumer,Home & Living,Bedding,4,237.0,0.15,805.8,120.14,26.52,Medium
MRG-2023-12980,2023-08-31,2023-09-06,Europe,Germany,Home Office,Electronics,Accessories,5,294.71,0.0,1473.55,323.45,35.95,Low
MRG-2023-15070,2023-09-01,2023-09-03,North America,Mexico,Corporate,Electronics,Audio,7,360.23,0.0,2521.61,785.73,19.42,Low
MRG-2023-10784,2023-09-01,2023-09-04,North America,Canada,Corporate,Home & Living,Kitchenware,11,409.61,0.05,4280.42,1208.88,69.26,Low
MRG-2023-13371,2023-09-01,2023-09-05,Europe,France,Consumer,Electronics,Wearables,1,250.94,0.0,250.94,38.82,17.11,Critical
MRG-2023-10679,2023-09-01,2023-09-06,North America,Mexico,Corporate,Apparel,Activewear,9,148.73,0.1,1204.71,207.5,65.03,Low
MRG-2023-11937,2023-09-01,2023-09-02,North America,Canada,Home Office,Electronics,Audio,10,240.45,0.3,1683.15,117.77,44.39,High
MRG-2023-15624,2023-09-01,2023-09-08,Europe,Spain,Consumer,Electronics,Smart Home,2,31.46,0.3,44.04,3.0,18.57,Medium
MRG-2023-14871,2023-09-02,2023-09-03,North America,Mexico,Corporate,Electronics,Accessories,11,65.62,0.0,721.82,164.68,51.19,Low
MRG-2023-10736,2023-09-03,2023-09-10,Europe,France,Consumer,Apparel,Footwear,4,206.07,0.0,824.28,182.67,14.67,Medium
MRG-2023-12132,2023-09-03,2023-09-07,APAC,India,Consumer,Apparel,Outerwear,11,342.19,0.1,3387.68,266.37,47.22,High
MRG-2023-10920,2023-09-03,2023-09-06,North America,Mexico,Consumer,Home & Living,Kitchenware,8,277.06,0.0,2216.48,282.0,21.79,Medium
MRG-2023-13009,2023-09-03,2023-09-06,North America,United States,Consumer,Apparel,Footwear,1,357.03,0.0,357.03,91.69,7.77,Low
MRG-2023-11979,2023-09-04,2023-09-12,North America,United States,Corporate,Electronics,Audio,5,300.66,0.0,1503.3,537.78,27.72,Medium
MRG-2023-15594,2023-09-04,2023-09-11,North America,United States,Consumer,Electronics,Wearables,11,50.39,0.3,388.0,-25.01,64.92,Low
MRG-2023-10877,2023-09-04,2023-09-06,Europe,Spain,Consumer,Electronics,Smart Home,9,74.28,0.0,668.52,197.58,43.55,Medium
MRG-2023-12258,2023-09-04,2023-09-09,North America,Canada,Consumer,Apparel,Activewear,3,243.38,0.2,584.11,24.48,25.58,Low
MRG-2023-15468,2023-09-04,2023-09-11,Europe,Spain,Home Office,Electronics,Audio,10,80.79,0.1,727.11,106.96,38.87,Medium
MRG-2023-14809,2023-09-04,2023-09-09,North America,Mexico,Consumer,Electronics,Wearables,6,36.04,0.3,151.37,-0.35,37.09,Medium
MRG-2023-13412,2023-09-04,2023-09-10,APAC,Australia,Consumer,Home & Living,Bedding,4,287.72,0.0,1150.88,146.41,36.85,Medium
MRG-2023-15258,2023-09-04,2023-09-10,North America,Canada,Consumer,Electronics,Audio,9,116.29,0.3,732.63,61.09,65.5,Low
MRG-2023-13331,2023-09-04,2023-09-08,North America,Canada,Consumer,Apparel,Footwear,9,79.89,0.15,611.16,113.72,14.29,High
MRG-2023-13628,2023-09-04,2023-09-12,APAC,Australia,Consumer,Electronics,Wearables,7,446.83,0.0,3127.81,445.1,35.43,Medium
MRG-2023-15976,2023-09-04,2023-09-08,North America,United States,Consumer,Apparel,Activewear,1,196.59,0.0,196.59,42.1,19.74,High
MRG-2023-10127,2023-09-05,2023-09-08,Europe,Germany,Corporate,Apparel,Accessories,2,109.06,0.05,207.21,61.03,16.72,Medium
MRG-2023-14359,2023-09-05,2023-09-10,APAC,Singapore,Consumer,Apparel,Footwear,7,116.39,0.15,692.52,162.04,39.36,Medium
MRG-2023-13271,2023-09-05,2023-09-09,Europe,France,Home Office,Home & Living,Bedding,1,201.06,0.1,180.95,3.89,18.79,High
MRG-2023-14777,2023-09-05,2023-09-06,North America,United States,Home Office,Apparel,Outerwear,4,171.5,0.15,583.1,68.08,29.31,Medium
MRG-2023-11983,2023-09-05,2023-09-13,North America,Canada,Consumer,Electronics,Wearables,3,304.42,0.3,639.28,5.09,26.87,Medium
MRG-2023-14802,2023-09-05,2023-09-12,Europe,Germany,Consumer,Apparel,Footwear,3,244.13,0.2,585.91,144.29,14.88,Medium
MRG-2023-12687,2023-09-05,2023-09-12,Europe,Germany,Consumer,Electronics,Accessories,2,120.09,0.0,240.18,53.0,14.82,Low
MRG-2023-12163,2023-09-06,2023-09-10,APAC,Singapore,Home Office,Apparel,Footwear,7,426.55,0.05,2836.56,821.84,44.92,Low
MRG-2023-11215,2023-09-06,2023-09-13,North America,Mexico,Consumer,Apparel,Activewear,9,409.71,0.3,2581.17,200.58,59.73,High
MRG-2023-14621,2023-09-06,2023-09-09,North America,Mexico,Consumer,Home & Living,Decor,2,399.88,0.2,639.81,63.99,15.61,Medium
MRG-2023-11616,2023-09-06,2023-09-08,North America,Canada,Consumer,Apparel,Outerwear,1,152.57,0.0,152.57,34.52,4.08,Low
MRG-2023-12564,2023-09-07,2023-09-13,APAC,Japan,Consumer,Apparel,Footwear,2,297.68,0.3,416.75,48.07,9.8,Medium
MRG-2023-15734,2023-09-07,2023-09-11,Europe,Germany,Consumer,Apparel,Footwear,9,389.91,0.2,2807.35,-245.94,42.41,Medium
MRG-2023-13084,2023-09-07,2023-09-08,North America,Mexico,Consumer,Home & Living,Furniture,7,33.86,0.2,189.62,7.47,13.11,Medium
MRG-2023-15260,2023-09-07,2023-09-15,North America,Canada,Home Office,Home & Living,Furniture,10,122.32,0.15,1039.72,94.16,60.5,Low
MRG-2023-11104,2023-09-07,2023-09-11,Europe,France,Consumer,Electronics,Accessories,8,316.36,0.05,2404.34,374.9,21.2,Medium
MRG-2023-14812,2023-09-08,2023-09-16,North America,Mexico,Home Office,Home & Living,Kitchenware,1,404.26,0.2,323.41,55.14,17.05,Low
MRG-2023-10862,2023-09-08,2023-09-11,North America,United States,Consumer,Home & Living,Decor,2,401.95,0.05,763.7,164.78,5.31,Medium
MRG-2023-12645,2023-09-08,2023-09-12,North America,United States,Corporate,Apparel,Accessories,10,39.59,0.0,395.9,62.03,49.89,High
MRG-2023-11683,2023-09-08,2023-09-09,North America,Canada,Corporate,Apparel,Accessories,8,433.48,0.2,2774.27,429.99,23.89,Medium
MRG-2023-11940,2023-09-08,2023-09-12,APAC,Singapore,Corporate,Home & Living,Kitchenware,3,375.98,0.0,1127.94,201.28,21.88,Medium
MRG-2023-10385,2023-09-08,2023-09-11,North America,United States,Home Office,Apparel,Activewear,2,262.52,0.0,525.04,143.28,10.15,High
MRG-2023-13423,2023-09-09,2023-09-10,Europe,United Kingdom,Consumer,Apparel,Accessories,11,101.7,0.05,1062.77,118.09,17.4,Medium
MRG-2023-13744,2023-09-09,2023-09-11,North America,Canada,Consumer,Apparel,Accessories,9,176.82,0.0,1591.38,144.5,32.87,Medium
MRG-2023-12307,2023-09-09,2023-09-13,North America,Canada,Corporate,Home & Living,Kitchenware,2,313.89,0.3,439.45,34.98,23.9,Low
MRG-2023-14485,2023-09-09,2023-09-10,Europe,France,Consumer,Apparel,Footwear,11,36.69,0.0,403.59,73.34,65.05,Low
MRG-2023-13075,2023-09-09,2023-09-10,Europe,Germany,Consumer,Home & Living,Decor,7,448.97,0.05,2985.65,351.29,41.61,Medium
MRG-2023-14651,2023-09-10,2023-09-18,APAC,Japan,Consumer,Electronics,Wearables,5,424.17,0.0,2120.85,822.46,21.84,Medium
MRG-2023-11118,2023-09-10,2023-09-17,Europe,United Kingdom,Consumer,Apparel,Accessories,3,78.91,0.0,236.73,89.96,18.03,High
MRG-2023-11808,2023-09-10,2023-09-14,Europe,Spain,Consumer,Apparel,Outerwear,2,230.52,0.0,461.04,47.03,23.91,Medium
MRG-2023-14288,2023-09-10,2023-09-16,North America,Mexico,Corporate,Home & Living,Decor,2,186.97,0.3,261.76,-13.07,20.85,High
MRG-2023-10500,2023-09-10,2023-09-13,North America,United States,Corporate,Apparel,Activewear,7,71.15,0.15,423.34,34.25,22.63,Low
MRG-2023-11880,2023-09-10,2023-09-16,North America,Mexico,Home Office,Apparel,Outerwear,5,193.61,0.3,677.63,58.13,10.98,High
MRG-2023-11793,2023-09-10,2023-09-15,North America,United States,Corporate,Home & Living,Furniture,7,41.61,0.0,291.27,119.74,49.85,Medium
MRG-2023-14336,2023-09-11,2023-09-13,North America,Canada,Home Office,Home & Living,Decor,11,183.04,0.15,1711.42,414.65,49.06,Medium
MRG-2023-15971,2023-09-11,2023-09-12,APAC,Japan,Consumer,Home & Living,Decor,6,23.12,0.0,138.72,34.08,20.08,Medium
MRG-2023-11203,2023-09-11,2023-09-14,Europe,Spain,Consumer,Electronics,Smart Home,10,272.38,0.0,2723.8,884.86,54.07,Medium
MRG-2023-10304,2023-09-11,2023-09-19,Europe,France,Home Office,Home & Living,Decor,7,8.28,0.1,52.16,12.23,37.94,Medium
MRG-2023-15580,2023-09-11,2023-09-17,North America,Canada,Consumer,Electronics,Audio,7,419.07,0.0,2933.49,917.33,33.35,Critical
MRG-2023-15529,2023-09-11,2023-09-16,North America,Mexico,Home Office,Electronics,Smart Home,9,213.79,0.05,1827.9,527.85,37.97,Medium
MRG-2023-10170,2023-09-12,2023-09-20,Europe,Spain,Corporate,Electronics,Audio,7,192.43,0.15,1144.96,-23.42,20.08,Medium
MRG-2023-12776,2023-09-12,2023-09-17,North America,Canada,Consumer,Apparel,Accessories,11,70.18,0.15,656.18,-36.76,47.06,Low
MRG-2023-13664,2023-09-12,2023-09-18,North America,United States,Consumer,Electronics,Accessories,10,16.79,0.0,167.9,67.98,25.11,Medium
MRG-2023-10621,2023-09-12,2023-09-19,Europe,Germany,Corporate,Apparel,Activewear,4,329.91,0.2,1055.71,112.03,34.94,Low
MRG-2023-10894,2023-09-12,2023-09-15,North America,Mexico,Consumer,Electronics,Accessories,10,402.14,0.0,4021.4,493.7,63.98,Low
MRG-2023-12109,2023-09-12,2023-09-15,Europe,France,Home Office,Home & Living,Kitchenware,11,335.74,0.0,3693.14,1353.12,52.88,Low
MRG-2023-10219,2023-09-12,2023-09-17,North America,Canada,Consumer,Apparel,Footwear,4,74.74,0.3,209.27,10.68,32.31,Medium
MRG-2023-13239,2023-09-13,2023-09-14,North America,Canada,Consumer,Apparel,Activewear,10,88.27,0.2,706.16,120.46,63.66,Medium
MRG-2023-14600,2023-09-13,2023-09-15,Europe,Germany,Consumer,Apparel,Outerwear,8,139.61,0.1,1005.19,261.34,50.3,Medium
MRG-2023-12612,2023-09-14,2023-09-15,Europe,Germany,Corporate,Home & Living,Kitchenware,3,49.62,0.0,148.86,18.38,17.54,Low
MRG-2023-12206,2023-09-14,2023-09-15,Europe,Spain,Consumer,Electronics,Audio,1,222.56,0.0,222.56,91.43,16.63,Low
MRG-2023-10583,2023-09-14,2023-09-19,North America,Canada,Corporate,Apparel,Footwear,2,386.51,0.0,773.02,143.68,21.65,Low
MRG-2023-14374,2023-09-14,2023-09-22,North America,Canada,Consumer,Apparel,Footwear,5,78.57,0.1,353.57,90.49,14.69,Medium
MRG-2023-14174,2023-09-14,2023-09-20,North America,Canada,Home Office,Apparel,Accessories,1,174.75,0.0,174.75,28.55,17.31,Low
MRG-2023-12917,2023-09-14,2023-09-16,Europe,Germany,Home Office,Home & Living,Furniture,7,357.2,0.1,2250.36,8.51,38.0,Medium
MRG-2023-10096,2023-09-14,2023-09-17,Europe,United Kingdom,Consumer,Home & Living,Furniture,3,76.05,0.0,228.15,66.32,22.08,Critical
MRG-2023-12960,2023-09-15,2023-09-20,APAC,Australia,Consumer,Apparel,Accessories,3,17.57,0.1,47.44,3.96,30.53,Medium
MRG-2023-10389,2023-09-15,2023-09-20,North America,United States,Consumer,Home & Living,Decor,5,210.96,0.3,738.36,-14.6,24.12,High
MRG-2023-10764,2023-09-15,2023-09-17,Europe,France,Corporate,Home & Living,Decor,10,154.21,0.1,1387.89,248.08,45.02,High
MRG-2023-10891,2023-09-15,2023-09-23,North America,Mexico,Corporate,Apparel,Accessories,9,147.59,0.3,929.82,93.69,60.11,Critical
MRG-2023-11926,2023-09-15,2023-09-21,APAC,Singapore,Consumer,Electronics,Accessories,4,111.33,0.0,445.32,71.31,22.47,High
MRG-2023-12312,2023-09-16,2023-09-24,APAC,Australia,Consumer,Electronics,Smart Home,8,219.17,0.0,1753.36,541.27,64.2,High
MRG-2023-13795,2023-09-16,2023-09-20,APAC,Japan,Consumer,Home & Living,Bedding,11,79.26,0.0,871.86,326.31,82.08,Critical
MRG-2023-11654,2023-09-16,2023-09-24,Europe,Germany,Corporate,Home & Living,Kitchenware,2,95.51,0.0,191.02,69.29,21.55,Medium
MRG-2023-14774,2023-09-16,2023-09-23,APAC,Australia,Consumer,Electronics,Wearables,7,309.84,0.0,2168.88,540.39,32.73,Low
MRG-2023-12408,2023-09-16,2023-09-22,APAC,Australia,Home Office,Electronics,Smart Home,5,393.98,0.2,1575.92,373.75,28.67,Low
MRG-2023-15413,2023-09-16,2023-09-21,North America,United States,Corporate,Home & Living,Kitchenware,8,222.39,0.0,1779.12,545.13,39.14,Medium
MRG-2023-10335,2023-09-16,2023-09-18,North America,Canada,Corporate,Home & Living,Decor,8,44.0,0.15,299.2,48.42,43.69,Medium
MRG-2023-14311,2023-09-17,2023-09-19,Europe,Germany,Consumer,Home & Living,Furniture,3,347.94,0.15,887.25,195.62,16.47,Critical
MRG-2023-15005,2023-09-17,2023-09-24,North America,Canada,Consumer,Home & Living,Kitchenware,8,283.07,0.2,1811.65,548.65,34.07,Medium
MRG-2023-11121,2023-09-17,2023-09-22,North America,United States,Consumer,Apparel,Outerwear,2,357.34,0.1,643.21,84.93,22.08,Low
MRG-2023-10431,2023-09-18,2023-09-24,North America,United States,Consumer,Home & Living,Kitchenware,1,115.71,0.05,109.92,14.82,9.05,Low
MRG-2023-12707,2023-09-19,2023-09-26,North America,Canada,Consumer,Home & Living,Bedding,7,423.72,0.0,2966.04,450.96,9.48,Low
MRG-2023-12649,2023-09-19,2023-09-25,North America,Canada,Corporate,Home & Living,Bedding,7,90.43,0.0,633.01,252.27,26.56,Low
MRG-2023-12430,2023-09-19,2023-09-25,Europe,Spain,Consumer,Apparel,Footwear,5,149.37,0.3,522.79,64.38,28.95,Low
MRG-2023-11366,2023-09-19,2023-09-27,APAC,Australia,Consumer,Apparel,Footwear,7,141.48,0.0,990.36,357.82,45.62,Medium
MRG-2023-13896,2023-09-19,2023-09-26,Europe,Spain,Home Office,Home & Living,Furniture,5,412.98,0.0,2064.9,677.13,20.9,Medium
MRG-2023-14278,2023-09-20,2023-09-26,Europe,Spain,Consumer,Electronics,Wearables,8,349.48,0.0,2795.84,1051.31,34.03,Low
MRG-2023-11558,2023-09-20,2023-09-27,Europe,Germany,Consumer,Apparel,Footwear,11,227.34,0.0,2500.74,553.52,76.52,High
MRG-2023-12601,2023-09-20,2023-09-26,North America,Mexico,Consumer,Apparel,Outerwear,5,252.17,0.0,1260.85,281.44,33.89,Medium
MRG-2023-11517,2023-09-20,2023-09-25,North America,Canada,Consumer,Apparel,Footwear,2,427.16,0.0,854.32,85.95,23.66,Low
MRG-2023-15588,2023-09-20,2023-09-22,North America,Canada,Home Office,Apparel,Outerwear,1,419.55,0.1,377.6,18.0,12.87,Medium
MRG-2023-10319,2023-09-21,2023-09-26,Europe,Spain,Consumer,Home & Living,Bedding,11,396.22,0.2,3486.74,33.05,28.93,Low
MRG-2023-14384,2023-09-21,2023-09-23,North America,Canada,Consumer,Electronics,Smart Home,9,375.3,0.0,3377.7,923.67,19.14,Low
MRG-2023-11525,2023-09-21,2023-09-29,Europe,United Kingdom,Consumer,Electronics,Accessories,7,284.24,0.0,1989.68,251.46,45.79,Low
MRG-2023-13612,2023-09-21,2023-09-25,APAC,India,Corporate,Apparel,Outerwear,10,27.24,0.1,245.16,65.42,16.93,High
MRG-2023-15728,2023-09-21,2023-09-29,APAC,Singapore,Consumer,Home & Living,Bedding,2,411.08,0.0,822.16,280.07,21.04,Medium
MRG-2023-10017,2023-09-21,2023-09-23,Europe,France,Consumer,Electronics,Audio,4,229.33,0.3,642.12,-15.41,12.15,High
MRG-2023-11028,2023-09-21,2023-09-27,Europe,Spain,Consumer,Apparel,Accessories,2,116.99,0.15,198.88,5.17,15.95,Medium
MRG-2023-12536,2023-09-22,2023-09-23,North America,United States,Home Office,Home & Living,Furniture,11,258.36,0.2,2273.57,288.27,70.94,Medium
MRG-2023-11232,2023-09-22,2023-09-27,Europe,France,Consumer,Apparel,Activewear,7,108.47,0.0,759.29,202.36,27.05,Medium
MRG-2023-12327,2023-09-22,2023-09-27,APAC,Singapore,Consumer,Electronics,Audio,5,268.22,0.15,1139.93,0.94,24.19,Medium
MRG-2023-10229,2023-09-22,2023-09-26,Europe,United Kingdom,Consumer,Home & Living,Furniture,5,324.75,0.0,1623.75,549.47,34.38,High
MRG-2023-10461,2023-09-22,2023-09-23,Europe,France,Corporate,Home & Living,Furniture,7,89.3,0.0,625.1,109.89,22.12,Critical
MRG-2023-14575,2023-09-22,2023-09-25,APAC,India,Corporate,Electronics,Smart Home,10,398.37,0.15,3386.14,500.97,52.72,Low
MRG-2023-15902,2023-09-22,2023-09-29,North America,United States,Corporate,Electronics,Audio,10,316.54,0.0,3165.4,403.03,32.82,Medium
MRG-2023-10603,2023-09-22,2023-09-27,Europe,United Kingdom,Consumer,Electronics,Accessories,3,226.38,0.15,577.27,74.39,21.0,Low
MRG-2023-10959,2023-09-23,2023-09-26,APAC,Australia,Home Office,Home & Living,Decor,2,410.69,0.2,657.1,60.77,20.92,Medium
MRG-2023-14891,2023-09-23,2023-10-01,APAC,Australia,Consumer,Apparel,Activewear,5,397.44,0.0,1987.2,261.95,21.39,Low
MRG-2023-12553,2023-09-23,2023-09-27,Europe,France,Home Office,Electronics,Wearables,11,271.09,0.0,2981.99,334.53,24.5,Medium
MRG-2023-10397,2023-09-23,2023-09-28,Europe,United Kingdom,Consumer,Apparel,Accessories,1,79.94,0.3,55.96,-6.96,14.56,Low
MRG-2023-13481,2023-09-24,2023-09-30,Europe,France,Consumer,Electronics,Smart Home,2,179.62,0.0,359.24,143.75,13.45,Low
MRG-2023-11261,2023-09-24,2023-09-29,North America,Mexico,Corporate,Electronics,Audio,5,285.47,0.0,1427.35,562.57,41.99,High
MRG-2023-10944,2023-09-24,2023-09-28,Europe,France,Consumer,Electronics,Smart Home,9,140.6,0.0,1265.4,336.07,11.58,Medium
MRG-2023-14305,2023-09-25,2023-09-28,APAC,Singapore,Consumer,Home & Living,Kitchenware,6,273.16,0.0,1638.96,147.27,35.06,Medium
MRG-2023-11817,2023-09-25,2023-10-01,North America,Mexico,Consumer,Home & Living,Bedding,6,50.35,0.1,271.89,72.62,19.11,Medium
MRG-2023-14568,2023-09-25,2023-09-26,North America,Mexico,Consumer,Home & Living,Decor,8,346.81,0.2,2219.58,49.05,23.8,Critical
MRG-2023-10849,2023-09-25,2023-09-28,North America,United States,Corporate,Home & Living,Bedding,5,173.28,0.0,866.4,288.59,31.63,Medium
MRG-2023-12196,2023-09-25,2023-09-26,North America,United States,Consumer,Home & Living,Furniture,4,31.9,0.0,127.6,39.07,24.61,Medium
MRG-2023-12324,2023-09-25,2023-09-27,North America,Canada,Consumer,Apparel,Activewear,8,130.23,0.15,885.56,151.59,49.81,Medium
MRG-2023-11094,2023-09-25,2023-09-29,Europe,United Kingdom,Corporate,Apparel,Activewear,1,215.86,0.05,205.07,60.42,17.94,Low
MRG-2023-14309,2023-09-26,2023-09-30,North America,United States,Consumer,Home & Living,Decor,6,26.67,0.1,144.02,34.56,31.34,Medium
MRG-2023-11362,2023-09-26,2023-09-29,North America,Canada,Corporate,Home & Living,Bedding,3,155.24,0.0,465.72,47.22,15.75,Critical
MRG-2023-12872,2023-09-26,2023-09-29,APAC,India,Consumer,Home & Living,Furniture,10,44.62,0.0,446.2,172.0,34.93,High
MRG-2023-13825,2023-09-26,2023-10-02,APAC,India,Corporate,Home & Living,Bedding,10,280.71,0.0,2807.1,1137.49,34.3,Medium
MRG-2023-12348,2023-09-26,2023-10-02,North America,Canada,Consumer,Electronics,Audio,6,302.71,0.1,1634.63,366.78,30.24,Low
MRG-2023-12572,2023-09-27,2023-10-03,Europe,United Kingdom,Corporate,Home & Living,Furniture,10,391.03,0.2,3128.24,347.0,45.51,High
MRG-2023-10439,2023-09-27,2023-10-01,APAC,India,Consumer,Apparel,Activewear,6,129.41,0.2,621.17,55.78,28.13,Low
MRG-2023-14180,2023-09-27,2023-09-30,North America,United States,Corporate,Electronics,Wearables,1,184.38,0.05,175.16,50.94,14.59,Low
MRG-2023-15729,2023-09-27,2023-09-29,North America,Canada,Consumer,Home & Living,Kitchenware,3,134.27,0.3,281.97,-21.4,10.53,Low
MRG-2023-10044,2023-09-27,2023-10-04,APAC,Japan,Consumer,Home & Living,Decor,10,32.56,0.0,325.6,63.04,37.55,Low
MRG-2023-12296,2023-09-27,2023-09-30,Europe,Spain,Consumer,Electronics,Wearables,8,145.48,0.0,1163.84,444.24,38.61,Medium
MRG-2023-15311,2023-09-27,2023-10-05,Europe,France,Corporate,Home & Living,Bedding,5,96.22,0.0,481.1,124.1,23.28,Medium
MRG-2023-15656,2023-09-27,2023-09-28,North America,Mexico,Corporate,Apparel,Accessories,1,109.76,0.2,87.81,-9.54,10.18,Low
MRG-2023-11887,2023-09-28,2023-10-03,Europe,France,Consumer,Home & Living,Decor,2,384.54,0.15,653.72,-13.1,23.18,Low
MRG-2023-14079,2023-09-28,2023-10-03,Europe,United Kingdom,Consumer,Home & Living,Decor,8,383.19,0.3,2145.86,-118.1,57.22,Low
MRG-2023-13449,2023-09-28,2023-10-03,North America,Mexico,Consumer,Apparel,Activewear,2,208.26,0.15,354.04,98.94,21.44,Medium
MRG-2023-13473,2023-09-28,2023-10-01,North America,Mexico,Consumer,Electronics,Accessories,10,326.16,0.0,3261.6,1046.2,43.78,Low
MRG-2023-10916,2023-09-28,2023-10-02,North America,United States,Corporate,Apparel,Accessories,11,417.0,0.0,4587.0,616.92,37.0,Medium
MRG-2023-13240,2023-09-28,2023-10-02,North America,United States,Consumer,Apparel,Outerwear,8,59.65,0.0,477.2,177.44,23.02,Low
MRG-2023-15869,2023-09-28,2023-10-03,North America,Canada,Corporate,Electronics,Wearables,10,58.06,0.0,580.6,146.24,19.63,Low
MRG-2023-12933,2023-09-28,2023-10-01,North America,Mexico,Consumer,Electronics,Smart Home,8,159.68,0.1,1149.7,261.34,26.48,Low
MRG-2023-10745,2023-09-28,2023-10-04,Europe,United Kingdom,Home Office,Electronics,Wearables,6,428.26,0.05,2441.08,567.71,23.77,High
MRG-2023-13218,2023-09-28,2023-10-01,Europe,France,Consumer,Home & Living,Kitchenware,4,320.8,0.2,1026.56,289.02,29.46,Low
MRG-2023-15218,2023-09-28,2023-09-29,Europe,Spain,Consumer,Home & Living,Kitchenware,7,118.43,0.2,663.21,11.83,42.59,Medium
MRG-2023-12958,2023-09-28,2023-10-01,Europe,United Kingdom,Consumer,Home & Living,Decor,8,282.17,0.0,2257.36,379.35,40.19,High
MRG-2023-12172,2023-09-28,2023-10-03,Europe,France,Consumer,Apparel,Footwear,6,449.61,0.0,2697.66,805.92,12.04,Medium
MRG-2023-15562,2023-09-29,2023-10-04,North America,United States,Consumer,Apparel,Outerwear,4,142.95,0.0,571.8,236.25,30.21,Low
MRG-2023-14881,2023-09-29,2023-09-30,North America,Mexico,Consumer,Electronics,Accessories,2,393.09,0.2,628.94,85.27,10.48,Low
MRG-2023-10382,2023-09-29,2023-10-02,North America,Canada,Consumer,Home & Living,Decor,2,352.01,0.15,598.42,153.68,12.8,High
MRG-2023-13986,2023-09-29,2023-10-06,APAC,India,Consumer,Apparel,Activewear,5,333.08,0.05,1582.13,199.85,21.25,Medium
MRG-2023-14923,2023-09-30,2023-10-07,APAC,Australia,Consumer,Apparel,Accessories,1,325.55,0.0,325.55,130.36,9.51,Low
MRG-2023-12604,2023-09-30,2023-10-03,North America,Mexico,Home Office,Home & Living,Furniture,1,19.85,0.0,19.85,7.7,14.05,Medium
MRG-2023-15508,2023-09-30,2023-10-01,North America,Canada,Consumer,Apparel,Accessories,4,135.62,0.3,379.74,88.49,16.36,Low
MRG-2023-15742,2023-10-01,2023-10-08,Europe,Spain,Consumer,Apparel,Accessories,4,117.64,0.3,329.39,5.03,35.71,High
MRG-2023-15706,2023-10-01,2023-10-09,North America,Mexico,Consumer,Apparel,Activewear,2,436.86,0.0,873.72,268.91,11.07,Medium
MRG-2023-13920,2023-10-01,2023-10-09,Europe,France,Consumer,Electronics,Wearables,8,402.44,0.0,3219.52,1104.79,20.16,High
MRG-2023-12607,2023-10-01,2023-10-07,North America,United States,Corporate,Apparel,Footwear,9,169.32,0.0,1523.88,634.87,39.05,Low
MRG-2023-10025,2023-10-01,2023-10-08,Europe,Spain,Consumer,Apparel,Outerwear,8,380.86,0.0,3046.88,1178.84,55.11,High
MRG-2023-10971,2023-10-01,2023-10-08,APAC,Australia,Consumer,Electronics,Wearables,11,430.83,0.2,3791.3,402.77,46.59,Medium
MRG-2023-12522,2023-10-01,2023-10-05,APAC,Australia,Home Office,Apparel,Activewear,7,234.52,0.1,1477.48,18.66,47.51,Critical
MRG-2023-10268,2023-10-01,2023-10-05,Europe,France,Consumer,Electronics,Accessories,5,249.69,0.2,998.76,149.01,42.77,Low
MRG-2023-13864,2023-10-01,2023-10-08,North America,United States,Consumer,Apparel,Activewear,8,172.22,0.0,1377.76,155.55,35.61,Low
MRG-2023-13033,2023-10-01,2023-10-06,Europe,Germany,Consumer,Electronics,Wearables,1,49.68,0.2,39.74,6.07,8.05,Medium
MRG-2023-15494,2023-10-02,2023-10-03,North America,United States,Consumer,Home & Living,Furniture,6,51.66,0.15,263.47,50.09,14.61,High
MRG-2023-12492,2023-10-02,2023-10-08,Europe,Spain,Corporate,Home & Living,Bedding,2,329.62,0.05,626.28,119.01,11.51,Medium
MRG-2023-10374,2023-10-02,2023-10-06,APAC,Singapore,Consumer,Apparel,Footwear,7,160.16,0.2,896.9,108.06,42.8,Low
MRG-2023-14800,2023-10-03,2023-10-04,North America,United States,Corporate,Electronics,Wearables,11,336.08,0.0,3696.88,1131.99,23.64,Low
MRG-2023-14612,2023-10-03,2023-10-09,Europe,France,Consumer,Home & Living,Furniture,9,88.46,0.0,796.14,240.5,30.58,High
MRG-2023-13329,2023-10-03,2023-10-05,APAC,Australia,Consumer,Home & Living,Bedding,3,243.29,0.3,510.91,25.63,17.51,Medium
MRG-2023-10954,2023-10-04,2023-10-10,APAC,India,Corporate,Electronics,Wearables,5,105.19,0.05,499.65,119.8,15.72,Low
MRG-2023-11521,2023-10-04,2023-10-09,Europe,United Kingdom,Consumer,Apparel,Footwear,4,55.53,0.2,177.7,-0.18,28.58,High
MRG-2023-13339,2023-10-04,2023-10-06,North America,Mexico,Consumer,Home & Living,Decor,2,376.5,0.15,640.05,43.32,23.86,Medium
MRG-2023-13328,2023-10-05,2023-10-12,APAC,Singapore,Home Office,Electronics,Accessories,1,324.38,0.05,308.16,97.33,8.14,Low
MRG-2023-15235,2023-10-05,2023-10-08,Europe,France,Consumer,Electronics,Accessories,11,308.83,0.2,2717.7,116.94,65.34,Medium
MRG-2023-12435,2023-10-05,2023-10-12,North America,Canada,Corporate,Electronics,Wearables,10,188.33,0.15,1600.8,-11.55,54.33,Medium
MRG-2023-14196,2023-10-05,2023-10-09,North America,Canada,Corporate,Apparel,Activewear,7,175.21,0.2,981.18,152.03,29.29,Medium
MRG-2023-14118,2023-10-06,2023-10-11,Europe,Germany,Consumer,Apparel,Activewear,5,276.55,0.0,1382.75,273.08,38.71,Low
MRG-2023-15152,2023-10-06,2023-10-07,APAC,Singapore,Corporate,Electronics,Audio,8,87.88,0.0,703.04,189.15,36.75,Medium
MRG-2023-14558,2023-10-06,2023-10-10,North America,Mexico,Consumer,Apparel,Accessories,1,213.98,0.1,192.58,13.7,7.65,Low
MRG-2023-14842,2023-10-06,2023-10-09,North America,Mexico,Home Office,Apparel,Footwear,6,392.8,0.0,2356.8,959.17,30.98,Low
MRG-2023-11307,2023-10-06,2023-10-08,North America,Mexico,Corporate,Apparel,Activewear,9,32.57,0.2,234.5,0.27,40.8,Low
MRG-2023-13000,2023-10-06,2023-10-14,APAC,Singapore,Consumer,Electronics,Audio,6,196.79,0.0,1180.74,135.05,48.07,High
MRG-2023-12333,2023-10-06,2023-10-07,Europe,United Kingdom,Consumer,Electronics,Wearables,9,169.81,0.0,1528.29,575.59,32.83,Low
MRG-2023-10350,2023-10-06,2023-10-10,Europe,Spain,Consumer,Electronics,Smart Home,6,164.94,0.2,791.71,117.43,24.3,High
MRG-2023-15864,2023-10-07,2023-10-09,APAC,India,Consumer,Home & Living,Kitchenware,3,306.83,0.15,782.42,119.99,15.64,Medium
MRG-2023-11702,2023-10-07,2023-10-09,APAC,Singapore,Corporate,Apparel,Outerwear,1,136.88,0.0,136.88,29.81,8.21,Medium
MRG-2023-12222,2023-10-07,2023-10-12,North America,United States,Corporate,Home & Living,Kitchenware,2,41.23,0.15,70.09,3.84,12.67,Medium
MRG-2023-13087,2023-10-07,2023-10-14,APAC,India,Consumer,Apparel,Accessories,3,184.49,0.0,553.47,213.48,15.34,Low
MRG-2023-13425,2023-10-08,2023-10-13,North America,Mexico,Consumer,Home & Living,Kitchenware,1,188.93,0.05,179.48,61.69,19.98,Low
MRG-2023-12439,2023-10-08,2023-10-09,APAC,Australia,Consumer,Home & Living,Kitchenware,4,58.85,0.15,200.09,4.07,22.89,Medium
MRG-2023-14412,2023-10-08,2023-10-13,APAC,India,Corporate,Electronics,Accessories,5,152.7,0.3,534.45,-65.02,25.43,Low
MRG-2023-11061,2023-10-08,2023-10-13,Europe,Germany,Corporate,Electronics,Wearables,1,154.62,0.0,154.62,20.17,11.89,Medium
MRG-2023-15577,2023-10-08,2023-10-12,North America,Mexico,Corporate,Electronics,Wearables,2,150.45,0.0,300.9,125.93,12.3,Low
MRG-2023-15947,2023-10-08,2023-10-13,North America,Canada,Consumer,Home & Living,Bedding,11,329.26,0.0,3621.86,659.74,20.06,Medium
MRG-2023-14955,2023-10-08,2023-10-11,North America,Canada,Corporate,Apparel,Accessories,9,103.92,0.2,748.22,71.77,59.6,Medium
MRG-2023-11830,2023-10-09,2023-10-13,North America,Mexico,Consumer,Apparel,Accessories,6,107.31,0.0,643.86,186.41,30.2,Low
MRG-2023-14239,2023-10-09,2023-10-11,Europe,Spain,Corporate,Home & Living,Furniture,8,434.33,0.0,3474.64,1391.41,26.82,Low
MRG-2023-10277,2023-10-09,2023-10-11,Europe,United Kingdom,Consumer,Electronics,Audio,7,252.62,0.0,1768.34,562.29,30.3,Low
MRG-2023-13132,2023-10-09,2023-10-15,North America,Canada,Corporate,Home & Living,Decor,2,173.51,0.1,312.32,37.98,12.5,Medium
MRG-2023-14339,2023-10-09,2023-10-14,APAC,Japan,Consumer,Home & Living,Decor,10,386.21,0.0,3862.1,1595.32,74.63,Low
MRG-2023-10573,2023-10-09,2023-10-13,North America,Mexico,Corporate,Electronics,Wearables,9,116.03,0.0,1044.27,178.48,29.64,Critical
MRG-2023-11450,2023-10-10,2023-10-12,APAC,India,Home Office,Electronics,Wearables,3,277.57,0.1,749.44,159.59,30.41,Medium
MRG-2023-14045,2023-10-10,2023-10-16,North America,Mexico,Consumer,Electronics,Wearables,9,77.76,0.1,629.86,31.25,26.21,Medium
MRG-2023-15361,2023-10-10,2023-10-12,North America,Canada,Home Office,Apparel,Activewear,11,176.04,0.0,1936.44,587.95,24.2,Low
MRG-2023-13030,2023-10-10,2023-10-11,APAC,India,Consumer,Electronics,Smart Home,2,174.29,0.05,331.15,36.55,15.71,Medium
MRG-2023-13701,2023-10-11,2023-10-15,Europe,Spain,Consumer,Home & Living,Furniture,10,93.91,0.1,845.19,159.82,60.95,Critical
MRG-2023-12273,2023-10-11,2023-10-13,North America,United States,Consumer,Apparel,Footwear,7,57.13,0.05,379.91,25.34,50.01,Low
MRG-2023-11718,2023-10-11,2023-10-18,Europe,Germany,Corporate,Home & Living,Kitchenware,7,387.35,0.2,2169.16,503.69,30.84,Medium
MRG-2023-13227,2023-10-12,2023-10-14,North America,United States,Corporate,Home & Living,Decor,1,272.29,0.1,245.06,0.5,15.38,Medium
MRG-2023-12711,2023-10-13,2023-10-15,APAC,India,Consumer,Electronics,Wearables,9,414.69,0.2,2985.77,391.27,19.06,Medium
MRG-2023-10643,2023-10-13,2023-10-16,APAC,Japan,Home Office,Home & Living,Kitchenware,11,120.61,0.1,1194.04,123.19,44.97,High
MRG-2023-13662,2023-10-13,2023-10-17,Europe,United Kingdom,Corporate,Apparel,Outerwear,1,350.45,0.15,297.88,22.62,13.02,Medium
MRG-2023-12854,2023-10-13,2023-10-14,Europe,Germany,Consumer,Electronics,Wearables,8,308.68,0.0,2469.44,463.37,57.78,Medium
MRG-2023-14537,2023-10-13,2023-10-20,Europe,Germany,Consumer,Apparel,Activewear,5,67.46,0.15,286.7,53.95,25.56,Medium
MRG-2023-12401,2023-10-14,2023-10-21,North America,Canada,Consumer,Apparel,Activewear,3,25.96,0.0,77.88,17.94,22.87,Medium
MRG-2023-10612,2023-10-14,2023-10-18,APAC,India,Consumer,Apparel,Accessories,3,433.19,0.3,909.7,-7.79,16.91,Low
MRG-2023-10327,2023-10-14,2023-10-16,North America,Canada,Consumer,Apparel,Footwear,10,156.95,0.1,1412.55,297.98,76.07,High
MRG-2023-10224,2023-10-14,2023-10-17,APAC,Singapore,Home Office,Electronics,Audio,10,41.92,0.15,356.32,-14.41,31.22,Low
MRG-2023-12644,2023-10-15,2023-10-22,APAC,Australia,Consumer,Apparel,Accessories,4,33.09,0.1,119.12,30.93,19.4,Medium
MRG-2023-12652,2023-10-15,2023-10-19,North America,Canada,Consumer,Apparel,Accessories,3,162.5,0.0,487.5,75.44,26.0,Medium
MRG-2023-10829,2023-10-15,2023-10-22,APAC,India,Consumer,Home & Living,Decor,3,443.83,0.0,1331.49,538.37,21.13,Medium
MRG-2023-12006,2023-10-15,2023-10-21,Europe,France,Consumer,Apparel,Activewear,2,443.2,0.0,886.4,359.51,13.44,Medium
MRG-2023-11872,2023-10-15,2023-10-23,Europe,Spain,Consumer,Apparel,Activewear,4,210.37,0.05,799.41,124.36,7.01,Medium
MRG-2023-14620,2023-10-15,2023-10-20,North America,Mexico,Home Office,Apparel,Activewear,11,240.1,0.1,2376.99,645.62,64.77,Low
MRG-2023-13834,2023-10-15,2023-10-22,North America,Canada,Consumer,Apparel,Footwear,8,275.86,0.05,2096.54,670.0,51.34,Low
MRG-2023-12089,2023-10-15,2023-10-18,North America,Mexico,Consumer,Home & Living,Furniture,2,231.65,0.05,440.13,65.88,15.96,Medium
MRG-2023-13468,2023-10-15,2023-10-21,Europe,France,Corporate,Home & Living,Kitchenware,4,401.71,0.05,1526.5,342.05,18.1,Low
MRG-2023-11968,2023-10-15,2023-10-19,North America,United States,Consumer,Apparel,Accessories,5,178.75,0.0,893.75,329.49,31.2,Low
MRG-2023-13427,2023-10-15,2023-10-23,North America,Canada,Corporate,Apparel,Activewear,10,373.65,0.2,2989.2,391.0,39.81,Low
MRG-2023-13788,2023-10-16,2023-10-24,APAC,Singapore,Corporate,Apparel,Footwear,5,389.98,0.15,1657.41,-7.81,35.44,Medium
MRG-2023-11228,2023-10-17,2023-10-18,Europe,Germany,Home Office,Apparel,Accessories,7,406.56,0.05,2703.62,853.27,48.82,Low
MRG-2023-11127,2023-10-17,2023-10-24,Europe,United Kingdom,Consumer,Electronics,Audio,10,97.04,0.1,873.36,20.26,18.67,Medium
MRG-2023-10787,2023-10-17,2023-10-24,Europe,United Kingdom,Corporate,Electronics,Smart Home,6,447.76,0.15,2283.58,-162.92,48.03,High
MRG-2023-14994,2023-10-17,2023-10-22,APAC,India,Consumer,Home & Living,Decor,4,216.2,0.0,864.8,164.46,6.32,Low
MRG-2023-13036,2023-10-17,2023-10-18,North America,United States,Consumer,Apparel,Outerwear,1,37.46,0.1,33.71,4.85,7.81,Medium
MRG-2023-12189,2023-10-17,2023-10-22,North America,Canada,Consumer,Home & Living,Bedding,5,226.47,0.05,1075.73,143.27,25.25,Low
MRG-2023-15269,2023-10-18,2023-10-25,North America,United States,Consumer,Electronics,Audio,10,392.62,0.0,3926.2,952.65,17.81,Medium
MRG-2023-11481,2023-10-18,2023-10-21,Europe,United Kingdom,Corporate,Home & Living,Decor,1,72.19,0.0,72.19,23.81,9.17,Critical
MRG-2023-13607,2023-10-18,2023-10-21,North America,Canada,Consumer,Home & Living,Furniture,10,96.62,0.0,966.2,205.71,25.92,Medium
MRG-2023-13667,2023-10-18,2023-10-20,Europe,United Kingdom,Home Office,Home & Living,Furniture,8,115.14,0.05,875.06,315.21,13.68,Low
MRG-2023-14581,2023-10-18,2023-10-22,Europe,Germany,Corporate,Home & Living,Kitchenware,7,41.44,0.0,290.08,70.68,47.76,Medium
MRG-2023-13938,2023-10-18,2023-10-19,Europe,Germany,Consumer,Apparel,Footwear,9,81.48,0.0,733.32,190.45,14.33,Medium
MRG-2023-10196,2023-10-18,2023-10-24,Europe,Spain,Corporate,Apparel,Activewear,5,316.66,0.1,1424.97,255.57,23.66,Low
MRG-2023-15517,2023-10-18,2023-10-21,APAC,Singapore,Corporate,Apparel,Activewear,9,86.59,0.0,779.31,250.07,56.23,Medium
MRG-2023-12922,2023-10-19,2023-10-20,Europe,Germany,Home Office,Home & Living,Kitchenware,11,15.75,0.2,138.6,0.58,78.39,Medium
MRG-2023-10182,2023-10-19,2023-10-24,APAC,Australia,Consumer,Home & Living,Decor,2,113.4,0.15,192.78,-6.8,22.17,Medium
MRG-2023-11216,2023-10-20,2023-10-26,North America,Mexico,Home Office,Home & Living,Furniture,3,328.73,0.0,986.19,265.93,14.1,High
MRG-2023-15768,2023-10-20,2023-10-23,Europe,Spain,Corporate,Electronics,Wearables,2,72.15,0.1,129.87,16.0,18.99,Low
MRG-2023-10100,2023-10-20,2023-10-23,APAC,Australia,Consumer,Electronics,Audio,1,31.34,0.0,31.34,7.16,11.48,Medium
MRG-2023-11972,2023-10-20,2023-10-25,Europe,France,Consumer,Electronics,Smart Home,2,238.51,0.1,429.32,51.9,14.96,Medium
MRG-2023-12038,2023-10-20,2023-10-22,Europe,Germany,Consumer,Electronics,Smart Home,11,128.52,0.05,1343.03,223.72,45.35,Low
MRG-2023-14344,2023-10-20,2023-10-28,APAC,Japan,Consumer,Apparel,Outerwear,8,405.06,0.0,3240.48,277.48,38.29,Medium
MRG-2023-10411,2023-10-20,2023-10-24,North America,United States,Consumer,Home & Living,Bedding,2,112.61,0.0,225.22,87.65,12.02,High
MRG-2023-14660,2023-10-20,2023-10-25,North America,Mexico,Consumer,Electronics,Wearables,5,251.99,0.0,1259.95,364.77,32.23,High
MRG-2023-10013,2023-10-20,2023-10-22,APAC,Australia,Consumer,Electronics,Smart Home,8,132.31,0.15,899.71,137.54,44.85,Low
MRG-2023-12775,2023-10-21,2023-10-24,Europe,Germany,Consumer,Electronics,Smart Home,7,376.86,0.05,2506.12,643.02,50.02,Critical
MRG-2023-15300,2023-10-21,2023-10-27,North America,Canada,Consumer,Apparel,Activewear,4,53.69,0.3,150.33,-16.17,32.26,Medium
MRG-2023-15041,2023-10-21,2023-10-25,Europe,United Kingdom,Corporate,Electronics,Audio,10,190.25,0.05,1807.38,628.28,35.91,Medium
MRG-2023-12939,2023-10-21,2023-10-23,APAC,Singapore,Consumer,Home & Living,Decor,4,104.97,0.0,419.88,74.73,8.25,Medium
MRG-2023-11640,2023-10-21,2023-10-23,North America,Mexico,Home Office,Apparel,Activewear,2,69.73,0.15,118.54,3.51,8.23,High
MRG-2023-15948,2023-10-21,2023-10-24,APAC,Singapore,Corporate,Electronics,Smart Home,1,292.91,0.0,292.91,88.97,10.51,Medium
MRG-2023-10648,2023-10-21,2023-10-26,Europe,Germany,Consumer,Electronics,Accessories,9,58.17,0.0,523.53,127.7,22.95,Medium
MRG-2023-11936,2023-10-21,2023-10-26,APAC,Singapore,Consumer,Electronics,Smart Home,5,81.1,0.05,385.22,56.19,24.11,Medium
MRG-2023-14200,2023-10-21,2023-10-29,APAC,Japan,Consumer,Home & Living,Bedding,11,363.94,0.05,3803.17,1068.09,71.44,Critical
MRG-2023-10820,2023-10-22,2023-10-24,North America,Canada,Consumer,Electronics,Smart Home,7,131.5,0.1,828.45,160.39,42.39,High
MRG-2023-13053,2023-10-22,2023-10-23,Europe,Germany,Consumer,Home & Living,Decor,7,42.7,0.3,209.23,-31.38,16.9,Low
MRG-2023-15271,2023-10-22,2023-10-28,North America,Mexico,Consumer,Home & Living,Decor,8,401.98,0.15,2733.46,490.32,27.42,Medium
MRG-2023-11837,2023-10-22,2023-10-26,Europe,Spain,Consumer,Home & Living,Kitchenware,4,149.87,0.05,569.51,133.76,19.07,High
MRG-2023-15309,2023-10-22,2023-10-29,North America,United States,Consumer,Electronics,Smart Home,8,261.8,0.2,1675.52,327.16,58.35,Low
MRG-2023-13894,2023-10-23,2023-10-28,North America,Mexico,Home Office,Electronics,Wearables,9,82.45,0.0,742.05,171.88,24.21,High
MRG-2023-14299,2023-10-23,2023-10-31,North America,United States,Consumer,Apparel,Footwear,5,209.08,0.3,731.78,-77.0,11.12,Low
MRG-2023-10112,2023-10-24,2023-10-27,Europe,Germany,Corporate,Home & Living,Decor,4,160.81,0.0,643.24,72.16,26.75,Medium
MRG-2023-14655,2023-10-24,2023-10-28,North America,Mexico,Consumer,Electronics,Smart Home,3,107.37,0.05,306.0,72.03,17.02,High
MRG-2023-11584,2023-10-24,2023-10-31,North America,Mexico,Consumer,Home & Living,Decor,9,70.82,0.1,573.64,75.55,16.54,Medium
MRG-2023-12359,2023-10-24,2023-10-26,North America,Mexico,Corporate,Electronics,Smart Home,6,438.57,0.15,2236.71,16.13,16.26,Medium
MRG-2023-10039,2023-10-24,2023-11-01,Europe,United Kingdom,Corporate,Apparel,Outerwear,5,89.12,0.0,445.6,184.13,36.62,Low
MRG-2023-14210,2023-10-24,2023-10-25,Europe,Spain,Corporate,Apparel,Activewear,5,397.01,0.3,1389.53,49.03,11.32,Medium
MRG-2023-11748,2023-10-24,2023-10-30,APAC,Japan,Consumer,Apparel,Accessories,8,311.33,0.3,1743.45,281.35,29.79,Medium
MRG-2023-14327,2023-10-25,2023-10-26,North America,Canada,Consumer,Home & Living,Bedding,1,371.84,0.0,371.84,141.68,12.0,Low
MRG-2023-14550,2023-10-25,2023-10-26,Europe,France,Corporate,Apparel,Footwear,4,155.1,0.05,589.38,116.4,22.67,High
MRG-2023-13494,2023-10-25,2023-10-31,APAC,Japan,Consumer,Apparel,Footwear,10,74.29,0.1,668.61,150.51,51.78,Low
MRG-2023-15252,2023-10-25,2023-10-26,North America,Canada,Consumer,Home & Living,Furniture,11,329.28,0.2,2897.66,-49.48,54.45,Low
MRG-2023-12651,2023-10-25,2023-10-29,APAC,India,Consumer,Home & Living,Decor,10,445.93,0.3,3121.51,-4.27,38.96,Medium
MRG-2023-11175,2023-10-25,2023-11-01,Europe,France,Consumer,Apparel,Outerwear,1,261.69,0.05,248.61,57.95,8.79,Low
MRG-2023-13960,2023-10-25,2023-11-02,North America,United States,Home Office,Apparel,Outerwear,10,88.72,0.2,709.76,86.51,61.0,High
MRG-2023-14828,2023-10-25,2023-10-26,North America,Canada,Consumer,Apparel,Outerwear,8,31.47,0.2,201.41,10.69,50.2,High
MRG-2023-11386,2023-10-25,2023-10-31,North America,United States,Consumer,Electronics,Smart Home,3,100.43,0.15,256.1,19.19,24.88,Medium
MRG-2023-13742,2023-10-25,2023-10-27,APAC,Singapore,Consumer,Electronics,Smart Home,8,399.75,0.0,3198.0,522.86,49.44,Medium
MRG-2023-14162,2023-10-26,2023-11-03,North America,Canada,Consumer,Home & Living,Bedding,5,98.56,0.2,394.24,12.96,35.04,High
MRG-2023-15226,2023-10-26,2023-10-27,North America,Mexico,Consumer,Electronics,Smart Home,4,45.61,0.1,164.2,55.57,25.33,Low
MRG-2023-10728,2023-10-26,2023-10-28,North America,United States,Consumer,Apparel,Accessories,10,188.84,0.05,1793.98,366.07,20.24,Medium
MRG-2023-10403,2023-10-26,2023-11-01,North America,Mexico,Consumer,Home & Living,Furniture,7,8.41,0.0,58.87,14.19,31.42,Low
MRG-2023-13622,2023-10-26,2023-11-01,APAC,Australia,Consumer,Home & Living,Bedding,2,48.74,0.3,68.24,-10.24,14.45,Low
MRG-2023-13112,2023-10-27,2023-11-04,North America,Canada,Corporate,Home & Living,Kitchenware,3,283.96,0.15,724.1,120.13,17.91,Medium
MRG-2023-13565,2023-10-27,2023-11-03,APAC,Japan,Consumer,Electronics,Audio,3,9.01,0.0,27.03,4.55,16.4,Medium
MRG-2023-10345,2023-10-27,2023-11-04,North America,United States,Consumer,Apparel,Accessories,8,41.75,0.0,334.0,49.69,21.17,Medium
MRG-2023-15702,2023-10-28,2023-11-03,Europe,Germany,Consumer,Apparel,Outerwear,10,371.41,0.0,3714.1,673.11,18.31,Low
MRG-2023-14458,2023-10-28,2023-10-30,APAC,India,Consumer,Home & Living,Kitchenware,6,411.23,0.0,2467.38,741.45,22.99,Medium
MRG-2023-10909,2023-10-28,2023-11-02,North America,Canada,Consumer,Electronics,Accessories,9,438.17,0.15,3352.0,765.31,48.63,Medium
MRG-2023-14420,2023-10-29,2023-11-06,North America,Canada,Consumer,Home & Living,Decor,5,13.97,0.0,69.85,13.02,42.49,Medium
MRG-2023-12282,2023-10-29,2023-11-06,North America,Mexico,Consumer,Apparel,Footwear,3,66.53,0.1,179.63,10.46,23.82,Medium
MRG-2023-12024,2023-10-29,2023-11-05,Europe,Spain,Consumer,Apparel,Activewear,5,290.73,0.05,1380.97,149.11,9.29,Medium
MRG-2023-11156,2023-10-29,2023-11-02,North America,United States,Consumer,Electronics,Wearables,8,297.86,0.05,2263.74,797.68,39.35,Medium
MRG-2023-12447,2023-10-30,2023-10-31,North America,Canada,Consumer,Home & Living,Furniture,2,254.46,0.1,458.03,35.45,15.19,High
MRG-2023-15474,2023-10-30,2023-11-05,Europe,France,Corporate,Electronics,Wearables,8,82.22,0.15,559.1,57.01,18.73,Medium
MRG-2023-12797,2023-10-30,2023-11-05,North America,Mexico,Consumer,Home & Living,Decor,1,153.83,0.05,146.14,21.74,19.93,Medium
MRG-2023-15325,2023-10-30,2023-10-31,Europe,France,Consumer,Electronics,Smart Home,9,287.81,0.15,2201.75,-89.06,68.09,High
MRG-2023-14031,2023-10-30,2023-11-06,North America,Canada,Home Office,Apparel,Activewear,11,278.83,0.1,2760.42,81.08,73.66,Medium
MRG-2023-13285,2023-10-30,2023-11-01,APAC,Australia,Consumer,Home & Living,Decor,5,292.32,0.0,1461.6,420.13,36.31,High
MRG-2023-11815,2023-10-30,2023-11-03,North America,United States,Home Office,Home & Living,Furniture,3,103.34,0.15,263.52,35.33,18.43,High
MRG-2023-12999,2023-10-30,2023-11-03,North America,Mexico,Corporate,Apparel,Outerwear,4,291.38,0.2,932.42,12.32,7.55,Low
MRG-2023-11933,2023-10-31,2023-11-07,Europe,United Kingdom,Corporate,Home & Living,Furniture,10,301.09,0.0,3010.9,383.88,22.41,Medium
MRG-2023-12834,2023-10-31,2023-11-03,Europe,France,Home Office,Apparel,Activewear,4,244.33,0.0,977.32,400.09,20.31,High
MRG-2023-10134,2023-10-31,2023-11-06,North America,United States,Consumer,Apparel,Outerwear,3,340.29,0.0,1020.87,176.36,15.84,Medium
MRG-2023-12829,2023-10-31,2023-11-08,North America,Mexico,Corporate,Electronics,Smart Home,7,331.22,0.3,1622.98,-162.0,41.34,Medium
MRG-2023-15314,2023-10-31,2023-11-07,North America,United States,Consumer,Home & Living,Kitchenware,5,107.47,0.2,429.88,71.76,27.05,Low
MRG-2023-15671,2023-11-01,2023-11-03,APAC,Australia,Consumer,Home & Living,Decor,5,221.92,0.05,1054.12,345.65,34.17,Medium
MRG-2023-13601,2023-11-01,2023-11-04,North America,United States,Consumer,Home & Living,Furniture,11,286.88,0.1,2840.11,108.84,72.93,Medium
MRG-2023-11485,2023-11-02,2023-11-09,APAC,Australia,Consumer,Apparel,Outerwear,8,402.22,0.3,2252.43,-101.28,28.17,Medium
MRG-2023-10536,2023-11-02,2023-11-03,Europe,Spain,Consumer,Home & Living,Kitchenware,8,441.59,0.05,3356.08,581.83,40.68,Low
MRG-2023-10554,2023-11-02,2023-11-05,APAC,Australia,Consumer,Apparel,Accessories,4,395.07,0.0,1580.28,375.09,33.64,Low
MRG-2023-11083,2023-11-02,2023-11-06,APAC,Australia,Corporate,Apparel,Activewear,2,163.85,0.2,262.16,3.04,23.33,Low
MRG-2023-14402,2023-11-02,2023-11-10,APAC,Australia,Consumer,Apparel,Outerwear,5,97.48,0.15,414.29,95.77,30.92,Low
MRG-2023-14435,2023-11-03,2023-11-05,APAC,Singapore,Corporate,Apparel,Activewear,5,36.64,0.0,183.2,73.42,23.4,Medium
MRG-2023-11713,2023-11-03,2023-11-09,North America,Mexico,Consumer,Electronics,Smart Home,2,323.36,0.1,582.05,165.5,17.74,Medium
MRG-2023-10999,2023-11-03,2023-11-04,Europe,Spain,Consumer,Apparel,Accessories,5,168.58,0.15,716.46,-66.86,26.32,Low
MRG-2023-13353,2023-11-04,2023-11-06,APAC,Japan,Consumer,Electronics,Smart Home,2,84.72,0.15,144.02,12.08,12.84,Low
MRG-2023-13723,2023-11-04,2023-11-05,Europe,Germany,Corporate,Electronics,Smart Home,9,113.44,0.0,1020.96,181.74,24.14,Medium
MRG-2023-12239,2023-11-04,2023-11-06,Europe,France,Corporate,Apparel,Footwear,10,378.94,0.15,3220.99,-236.14,25.18,Medium
MRG-2023-10777,2023-11-04,2023-11-08,North America,Mexico,Home Office,Apparel,Accessories,2,38.48,0.0,76.96,26.17,12.22,Low
MRG-2023-10045,2023-11-04,2023-11-11,North America,Canada,Consumer,Electronics,Smart Home,3,60.9,0.1,164.43,14.3,31.46,Low
MRG-2023-15004,2023-11-04,2023-11-07,Europe,Spain,Consumer,Home & Living,Bedding,4,193.4,0.1,696.24,140.51,17.61,Medium
MRG-2023-14996,2023-11-04,2023-11-11,Europe,United Kingdom,Corporate,Apparel,Accessories,8,427.91,0.3,2396.3,-229.05,31.81,Medium
MRG-2023-15786,2023-11-04,2023-11-09,North America,Canada,Home Office,Electronics,Wearables,4,437.18,0.2,1398.98,175.94,11.96,High
MRG-2023-14538,2023-11-04,2023-11-10,Europe,Germany,Corporate,Electronics,Wearables,4,109.17,0.0,436.68,85.76,28.05,Medium
MRG-2023-11534,2023-11-05,2023-11-09,Europe,Spain,Consumer,Apparel,Activewear,6,154.97,0.0,929.82,326.73,32.6,Low
MRG-2023-15222,2023-11-05,2023-11-09,APAC,India,Home Office,Home & Living,Furniture,4,180.04,0.0,720.16,115.21,32.63,Low
MRG-2023-13627,2023-11-06,2023-11-11,Europe,Spain,Consumer,Electronics,Smart Home,1,70.23,0.05,66.72,6.98,13.72,High
MRG-2023-13478,2023-11-06,2023-11-08,North America,Mexico,Consumer,Apparel,Accessories,2,12.13,0.05,23.05,6.14,18.25,Low
MRG-2023-10912,2023-11-06,2023-11-12,Europe,Spain,Consumer,Electronics,Wearables,5,406.0,0.2,1624.0,-0.7,34.85,Critical
MRG-2023-14415,2023-11-06,2023-11-11,Europe,France,Consumer,Home & Living,Bedding,8,176.65,0.1,1271.88,172.35,50.69,Medium
MRG-2023-11565,2023-11-07,2023-11-09,APAC,Japan,Corporate,Apparel,Accessories,9,390.48,0.0,3514.32,1192.29,32.29,Critical
MRG-2023-10371,2023-11-07,2023-11-14,APAC,Singapore,Home Office,Electronics,Audio,2,389.22,0.2,622.75,28.68,19.35,Medium
MRG-2023-15136,2023-11-07,2023-11-13,North America,Canada,Consumer,Apparel,Accessories,1,419.66,0.0,419.66,53.43,17.91,Medium
MRG-2023-12946,2023-11-07,2023-11-14,Europe,France,Consumer,Electronics,Smart Home,6,433.0,0.3,1818.6,-140.12,7.77,Medium
MRG-2023-15294,2023-11-08,2023-11-13,North America,Canada,Consumer,Electronics,Accessories,2,387.71,0.0,775.42,180.72,8.26,Medium
MRG-2023-13333,2023-11-08,2023-11-15,North America,Canada,Corporate,Electronics,Audio,9,349.56,0.15,2674.13,370.03,34.88,Critical
MRG-2023-15808,2023-11-08,2023-11-14,Europe,Spain,Home Office,Apparel,Activewear,11,346.02,0.0,3806.22,821.12,26.61,Low
MRG-2023-10149,2023-11-08,2023-11-11,North America,United States,Corporate,Electronics,Audio,11,18.81,0.2,165.53,-7.42,52.58,Medium
MRG-2023-13241,2023-11-08,2023-11-10,North America,Mexico,Consumer,Electronics,Smart Home,7,332.75,0.2,1863.4,-26.12,52.48,High
MRG-2023-13740,2023-11-08,2023-11-12,Europe,Germany,Home Office,Apparel,Activewear,4,41.95,0.1,151.02,44.62,18.68,Medium
MRG-2023-15913,2023-11-09,2023-11-16,North America,Canada,Corporate,Apparel,Footwear,6,342.96,0.2,1646.21,-93.36,14.71,Low
MRG-2023-13183,2023-11-09,2023-11-12,North America,Mexico,Home Office,Apparel,Outerwear,10,243.73,0.05,2315.43,260.24,76.39,Critical
MRG-2023-15131,2023-11-09,2023-11-16,North America,United States,Consumer,Home & Living,Furniture,2,229.69,0.15,390.47,-3.79,10.31,Low
MRG-2023-15093,2023-11-09,2023-11-13,North America,Mexico,Corporate,Electronics,Wearables,1,163.94,0.3,114.76,3.34,9.42,High
MRG-2023-14974,2023-11-09,2023-11-14,North America,Canada,Corporate,Apparel,Footwear,5,297.42,0.0,1487.1,478.19,41.43,Medium
MRG-2023-11417,2023-11-09,2023-11-11,North America,Mexico,Consumer,Electronics,Audio,5,200.77,0.15,853.27,45.87,34.4,Low
MRG-2023-10462,2023-11-09,2023-11-10,North America,Canada,Consumer,Apparel,Footwear,5,153.04,0.05,726.94,174.75,9.06,High
MRG-2023-12850,2023-11-10,2023-11-11,Europe,Spain,Home Office,Electronics,Smart Home,7,24.98,0.0,174.86,67.02,40.17,High
MRG-2023-10429,2023-11-10,2023-11-13,Europe,France,Corporate,Apparel,Activewear,6,387.39,0.0,2324.34,228.11,47.36,Medium
MRG-2023-12580,2023-11-10,2023-11-15,Europe,France,Corporate,Home & Living,Bedding,6,241.31,0.2,1158.29,164.17,16.37,High
MRG-2023-13637,2023-11-10,2023-11-11,Europe,Spain,Home Office,Home & Living,Bedding,1,298.68,0.05,283.75,72.1,15.72,Low
MRG-2023-12891,2023-11-11,2023-11-19,APAC,India,Consumer,Apparel,Footwear,8,138.94,0.0,1111.52,254.42,43.66,Medium
MRG-2023-14527,2023-11-11,2023-11-16,Europe,Germany,Home Office,Home & Living,Bedding,1,80.12,0.0,80.12,32.01,15.78,Medium
MRG-2023-12451,2023-11-11,2023-11-18,North America,United States,Corporate,Electronics,Smart Home,4,150.06,0.15,510.2,147.29,23.91,Medium
MRG-2023-10466,2023-11-11,2023-11-15,Europe,Spain,Consumer,Apparel,Outerwear,10,428.71,0.0,4287.1,1485.83,29.88,High
MRG-2023-15995,2023-11-11,2023-11-12,North America,United States,Corporate,Apparel,Footwear,1,427.74,0.0,427.74,107.1,12.99,Medium
MRG-2023-10029,2023-11-12,2023-11-13,North America,Mexico,Corporate,Home & Living,Kitchenware,6,68.73,0.3,288.67,25.35,37.28,Low
MRG-2023-14624,2023-11-12,2023-11-18,North America,Canada,Consumer,Home & Living,Bedding,6,25.89,0.2,124.27,9.84,39.6,High
MRG-2023-10483,2023-11-12,2023-11-15,APAC,India,Corporate,Apparel,Accessories,3,168.82,0.3,354.52,-25.62,23.56,Low
MRG-2023-10836,2023-11-12,2023-11-20,North America,United States,Consumer,Apparel,Outerwear,8,82.23,0.15,559.16,139.72,53.29,Medium
MRG-2023-13732,2023-11-13,2023-11-17,North America,Canada,Consumer,Electronics,Wearables,6,316.11,0.15,1612.16,470.47,17.29,Critical
MRG-2023-11827,2023-11-13,2023-11-16,APAC,Australia,Home Office,Electronics,Accessories,1,384.25,0.05,365.04,56.58,19.61,Low
MRG-2023-11608,2023-11-13,2023-11-18,APAC,Australia,Corporate,Home & Living,Decor,8,409.98,0.0,3279.84,666.21,42.43,Low
MRG-2023-10122,2023-11-13,2023-11-19,North America,United States,Home Office,Home & Living,Decor,10,320.87,0.1,2887.83,874.59,65.42,Low
MRG-2023-13670,2023-11-14,2023-11-15,North America,Mexico,Home Office,Apparel,Activewear,7,156.93,0.0,1098.51,438.4,22.44,Medium
MRG-2023-12944,2023-11-14,2023-11-16,North America,Canada,Consumer,Home & Living,Furniture,6,22.42,0.2,107.62,18.85,22.9,Low
MRG-2023-11229,2023-11-14,2023-11-19,Europe,France,Home Office,Home & Living,Decor,10,231.76,0.2,1854.08,-92.63,62.56,Low
MRG-2023-15668,2023-11-15,2023-11-22,APAC,India,Consumer,Home & Living,Furniture,5,23.47,0.3,82.14,17.24,16.27,High
MRG-2023-14060,2023-11-16,2023-11-21,Europe,Germany,Corporate,Apparel,Accessories,3,259.69,0.2,623.26,-13.07,18.18,High
MRG-2023-15050,2023-11-16,2023-11-20,Europe,Germany,Corporate,Apparel,Accessories,9,225.13,0.05,1924.86,508.53,31.28,Medium
MRG-2023-13226,2023-11-16,2023-11-23,APAC,Japan,Corporate,Home & Living,Bedding,8,108.15,0.3,605.64,-75.26,40.59,Medium
MRG-2023-14486,2023-11-16,2023-11-18,North America,United States,Consumer,Home & Living,Kitchenware,7,309.2,0.0,2164.4,665.08,28.6,Low
MRG-2023-11553,2023-11-16,2023-11-17,APAC,Singapore,Consumer,Electronics,Audio,11,136.32,0.1,1349.57,65.05,71.02,High
MRG-2023-11448,2023-11-16,2023-11-21,North America,Mexico,Corporate,Electronics,Audio,3,284.98,0.0,854.94,93.85,15.23,Medium
MRG-2023-10555,2023-11-16,2023-11-24,Europe,France,Consumer,Apparel,Outerwear,11,97.12,0.3,747.82,-112.17,32.53,Low
MRG-2023-12870,2023-11-16,2023-11-23,APAC,Australia,Consumer,Electronics,Audio,10,191.02,0.1,1719.18,275.01,69.68,Medium
MRG-2023-15451,2023-11-16,2023-11-17,North America,United States,Consumer,Electronics,Audio,11,336.78,0.2,2963.66,773.77,70.14,Medium
MRG-2023-15498,2023-11-16,2023-11-18,Europe,United Kingdom,Home Office,Apparel,Outerwear,6,424.73,0.0,2548.38,466.03,37.21,High
MRG-2023-11480,2023-11-17,2023-11-23,North America,Canada,Corporate,Home & Living,Furniture,1,411.31,0.0,411.31,114.35,7.66,Low
MRG-2023-15756,2023-11-17,2023-11-18,APAC,India,Corporate,Home & Living,Bedding,5,188.85,0.05,897.04,164.97,12.53,Low
MRG-2023-13918,2023-11-17,2023-11-23,Europe,France,Consumer,Home & Living,Furniture,7,99.78,0.0,698.46,288.57,29.49,Low
MRG-2023-15689,2023-11-17,2023-11-18,Europe,United Kingdom,Consumer,Apparel,Footwear,1,72.65,0.3,50.86,-1.01,10.19,High
MRG-2023-12297,2023-11-17,2023-11-23,North America,United States,Consumer,Apparel,Activewear,7,236.79,0.3,1160.27,-93.19,38.98,Low
MRG-2023-13406,2023-11-17,2023-11-20,APAC,Japan,Consumer,Electronics,Smart Home,5,365.48,0.05,1736.03,408.76,26.54,Medium
MRG-2023-12231,2023-11-17,2023-11-24,North America,Mexico,Consumer,Apparel,Footwear,2,380.57,0.15,646.97,188.69,20.8,High
MRG-2023-12012,2023-11-17,2023-11-24,North America,United States,Consumer,Home & Living,Kitchenware,6,373.78,0.0,2242.68,471.64,34.96,Medium
MRG-2023-11115,2023-11-18,2023-11-25,Europe,France,Home Office,Home & Living,Bedding,4,67.54,0.15,229.64,17.9,8.37,Low
MRG-2023-11939,2023-11-18,2023-11-19,North America,Mexico,Consumer,Electronics,Accessories,7,156.5,0.2,876.4,-115.59,53.54,Medium
MRG-2023-12871,2023-11-18,2023-11-23,Europe,United Kingdom,Consumer,Home & Living,Furniture,5,298.32,0.05,1417.02,468.59,39.19,Low
MRG-2023-10007,2023-11-18,2023-11-20,North America,Canada,Consumer,Electronics,Wearables,9,212.15,0.15,1622.95,11.72,26.07,Low
MRG-2023-15480,2023-11-18,2023-11-25,Europe,United Kingdom,Consumer,Apparel,Outerwear,11,146.77,0.05,1533.75,557.18,19.97,Medium
MRG-2023-10677,2023-11-19,2023-11-24,Europe,Spain,Consumer,Electronics,Smart Home,1,86.17,0.1,77.55,9.75,10.15,Medium
MRG-2023-10786,2023-11-19,2023-11-20,North America,United States,Consumer,Apparel,Outerwear,4,36.96,0.05,140.45,22.36,15.32,Medium
MRG-2023-15122,2023-11-19,2023-11-27,North America,United States,Corporate,Apparel,Activewear,2,297.56,0.1,535.61,63.01,12.99,Medium
MRG-2023-14213,2023-11-19,2023-11-26,Europe,United Kingdom,Consumer,Electronics,Audio,6,449.76,0.0,2698.56,569.3,27.51,Critical
MRG-2023-14681,2023-11-19,2023-11-25,North America,Canada,Consumer,Electronics,Accessories,1,269.1,0.05,255.65,70.68,11.54,Low
MRG-2023-15392,2023-11-19,2023-11-22,North America,Mexico,Consumer,Electronics,Accessories,7,184.23,0.15,1096.17,148.9,43.17,Medium
MRG-2023-13901,2023-11-19,2023-11-24,North America,Canada,Consumer,Home & Living,Bedding,2,41.08,0.0,82.16,16.29,22.7,Medium
MRG-2023-10098,2023-11-20,2023-11-21,Europe,France,Home Office,Apparel,Activewear,2,329.71,0.0,659.42,124.12,9.11,Medium
MRG-2023-11041,2023-11-20,2023-11-21,APAC,Australia,Consumer,Apparel,Outerwear,11,118.61,0.05,1239.47,419.13,31.3,Low
MRG-2023-13550,2023-11-21,2023-11-29,North America,Mexico,Consumer,Home & Living,Bedding,11,124.09,0.3,955.49,26.82,60.71,High
MRG-2023-14240,2023-11-21,2023-11-26,APAC,Japan,Consumer,Home & Living,Decor,2,205.67,0.0,411.34,165.12,11.01,Medium
MRG-2023-13643,2023-11-21,2023-11-26,APAC,Singapore,Consumer,Apparel,Activewear,10,197.85,0.3,1384.95,172.37,46.17,Medium
MRG-2023-11786,2023-11-21,2023-11-26,North America,United States,Home Office,Apparel,Footwear,2,226.72,0.05,430.77,83.65,16.22,High
MRG-2023-13698,2023-11-21,2023-11-29,Europe,Spain,Corporate,Apparel,Accessories,11,86.22,0.1,853.58,56.32,25.49,High
MRG-2023-13635,2023-11-21,2023-11-27,North America,Canada,Consumer,Home & Living,Furniture,6,119.01,0.05,678.36,38.02,25.55,High
MRG-2023-11409,2023-11-22,2023-11-30,Europe,Germany,Consumer,Home & Living,Kitchenware,5,333.72,0.0,1668.6,418.59,15.23,Medium
MRG-2023-14407,2023-11-22,2023-11-27,North America,Canada,Consumer,Home & Living,Furniture,5,183.84,0.05,873.24,287.2,24.67,Low
MRG-2023-11320,2023-11-22,2023-11-27,APAC,Japan,Corporate,Electronics,Accessories,6,25.41,0.3,106.72,-3.39,13.46,Critical
MRG-2023-12026,2023-11-22,2023-11-27,North America,Mexico,Consumer,Home & Living,Bedding,2,350.01,0.0,700.02,194.5,10.88,Low
MRG-2023-13229,2023-11-22,2023-11-28,North America,Canada,Home Office,Apparel,Footwear,6,41.05,0.0,246.3,19.84,32.01,Low
MRG-2023-12562,2023-11-23,2023-11-26,Europe,United Kingdom,Corporate,Home & Living,Decor,9,114.12,0.0,1027.08,157.14,57.74,Medium
MRG-2023-12397,2023-11-23,2023-11-26,Europe,Germany,Consumer,Apparel,Activewear,2,148.24,0.0,296.48,77.93,17.89,High
MRG-2023-14890,2023-11-23,2023-12-01,APAC,India,Home Office,Home & Living,Bedding,4,207.99,0.2,665.57,172.86,22.44,Low
MRG-2023-11102,2023-11-23,2023-11-30,North America,Canada,Consumer,Apparel,Outerwear,3,261.18,0.15,666.01,72.43,8.39,Medium
MRG-2023-15837,2023-11-23,2023-11-26,North America,Canada,Consumer,Electronics,Accessories,11,421.45,0.1,4172.35,1279.12,74.52,Medium
MRG-2023-14502,2023-11-23,2023-11-29,Europe,Spain,Consumer,Apparel,Activewear,8,158.09,0.0,1264.72,304.75,56.92,Low
MRG-2023-14914,2023-11-24,2023-11-27,Europe,France,Corporate,Apparel,Activewear,10,79.08,0.0,790.8,315.87,32.21,Low
MRG-2023-13524,2023-11-24,2023-12-02,Europe,France,Consumer,Home & Living,Bedding,3,398.81,0.3,837.5,45.35,23.26,Medium
MRG-2023-14238,2023-11-24,2023-11-26,North America,Mexico,Home Office,Home & Living,Decor,10,134.9,0.1,1214.1,108.33,42.95,Low
MRG-2023-14752,2023-11-24,2023-11-25,APAC,Australia,Consumer,Home & Living,Kitchenware,4,391.07,0.3,1095.0,128.39,30.28,Medium
MRG-2023-11285,2023-11-24,2023-11-29,APAC,India,Corporate,Apparel,Activewear,9,57.58,0.2,414.58,0.15,61.27,Medium
MRG-2023-10393,2023-11-25,2023-12-02,North America,Canada,Home Office,Home & Living,Bedding,1,328.09,0.1,295.28,72.42,15.96,Medium
MRG-2023-14976,2023-11-25,2023-12-03,North America,Canada,Consumer,Electronics,Smart Home,4,128.73,0.2,411.94,96.82,25.7,Low
MRG-2023-11282,2023-11-25,2023-11-29,APAC,Singapore,Consumer,Electronics,Accessories,11,403.68,0.1,3996.43,390.67,78.02,Medium
MRG-2023-14298,2023-11-25,2023-11-28,Europe,Spain,Consumer,Apparel,Footwear,1,29.76,0.0,29.76,4.2,12.72,Low
MRG-2023-15639,2023-11-25,2023-11-30,North America,Canada,Corporate,Home & Living,Furniture,2,215.81,0.3,302.13,10.88,21.93,Medium
MRG-2023-10578,2023-11-25,2023-12-01,APAC,Australia,Corporate,Apparel,Footwear,8,240.09,0.0,1920.72,399.8,62.37,Critical
MRG-2023-13892,2023-11-25,2023-11-28,North America,United States,Consumer,Electronics,Smart Home,3,202.28,0.05,576.5,67.52,16.07,Medium
MRG-2023-11496,2023-11-25,2023-12-02,APAC,Australia,Consumer,Apparel,Activewear,9,350.86,0.15,2684.08,209.45,26.04,High
MRG-2023-12755,2023-11-25,2023-11-30,North America,United States,Home Office,Home & Living,Furniture,2,326.47,0.15,555.0,2.25,11.86,High
MRG-2023-14825,2023-11-25,2023-11-28,North America,Canada,Corporate,Apparel,Footwear,11,9.38,0.1,92.86,33.59,69.4,Low
MRG-2023-14380,2023-11-25,2023-12-03,North America,Canada,Home Office,Apparel,Footwear,5,230.81,0.3,807.83,34.46,16.76,Low
MRG-2023-13617,2023-11-25,2023-11-28,Europe,Spain,Consumer,Apparel,Accessories,8,248.72,0.0,1989.76,430.99,34.25,Low
MRG-2023-13533,2023-11-25,2023-11-29,APAC,Australia,Home Office,Home & Living,Bedding,10,248.79,0.15,2114.72,66.82,70.3,High
MRG-2023-12566,2023-11-26,2023-12-02,North America,Canada,Consumer,Electronics,Wearables,1,384.96,0.2,307.97,-10.24,15.17,Medium
MRG-2023-12589,2023-11-26,2023-12-03,North America,United States,Consumer,Home & Living,Bedding,6,321.1,0.0,1926.6,386.71,20.0,Medium
MRG-2023-14398,2023-11-26,2023-12-04,Europe,France,Consumer,Apparel,Accessories,6,444.43,0.2,2133.26,-62.42,17.22,High
MRG-2023-13152,2023-11-26,2023-11-27,APAC,India,Consumer,Electronics,Accessories,1,358.33,0.0,358.33,65.95,8.33,Low
MRG-2023-12004,2023-11-26,2023-12-04,North America,United States,Consumer,Home & Living,Bedding,11,348.72,0.15,3260.53,266.87,44.9,Medium
MRG-2023-12228,2023-11-27,2023-11-29,North America,United States,Consumer,Home & Living,Kitchenware,9,20.05,0.1,162.41,3.81,39.8,Medium
MRG-2023-14576,2023-11-27,2023-11-29,North America,Mexico,Corporate,Electronics,Wearables,3,88.61,0.3,186.08,-13.56,11.78,Low
MRG-2023-15221,2023-11-27,2023-11-28,Europe,United Kingdom,Corporate,Home & Living,Kitchenware,7,376.18,0.05,2501.6,902.8,51.13,Low
MRG-2023-10449,2023-11-27,2023-11-30,Europe,Germany,Corporate,Electronics,Smart Home,10,324.66,0.0,3246.6,950.38,14.94,Low
MRG-2023-10121,2023-11-27,2023-12-04,North America,United States,Consumer,Apparel,Outerwear,1,258.81,0.3,181.17,-5.14,15.75,Medium
MRG-2023-15549,2023-11-27,2023-11-28,Europe,United Kingdom,Corporate,Home & Living,Kitchenware,11,28.87,0.1,285.81,72.5,68.27,Medium
MRG-2023-13985,2023-11-27,2023-12-03,APAC,Singapore,Corporate,Electronics,Accessories,6,156.73,0.0,940.38,389.05,11.87,Low
MRG-2023-11755,2023-11-27,2023-12-04,APAC,Japan,Consumer,Apparel,Footwear,9,222.04,0.15,1698.61,82.84,50.68,Medium
MRG-2023-15592,2023-11-27,2023-12-04,North America,Mexico,Home Office,Apparel,Activewear,11,339.25,0.2,2985.4,319.9,63.93,Low
MRG-2023-11639,2023-11-27,2023-12-01,North America,United States,Corporate,Apparel,Activewear,9,227.18,0.2,1635.7,56.85,31.96,Medium
MRG-2023-15842,2023-11-27,2023-11-28,North America,United States,Home Office,Electronics,Audio,3,115.01,0.15,293.28,17.32,13.4,High
MRG-2023-12419,2023-11-27,2023-12-05,North America,Canada,Home Office,Home & Living,Bedding,9,40.76,0.3,256.79,-9.37,23.85,Critical
MRG-2023-14925,2023-11-27,2023-12-01,North America,United States,Corporate,Apparel,Footwear,3,47.22,0.3,99.16,3.5,11.27,Medium
MRG-2023-12078,2023-11-27,2023-11-29,North America,Mexico,Consumer,Home & Living,Furniture,3,400.8,0.3,841.68,-126.25,23.6,Low
MRG-2023-10806,2023-11-28,2023-12-04,North America,Mexico,Home Office,Electronics,Accessories,7,27.89,0.15,165.95,-2.01,56.89,Medium
MRG-2023-15817,2023-11-28,2023-12-06,North America,United States,Home Office,Home & Living,Furniture,2,211.66,0.0,423.32,47.99,16.07,Medium
MRG-2023-13859,2023-11-28,2023-12-06,North America,United States,Consumer,Home & Living,Bedding,2,267.48,0.05,508.21,98.76,15.45,Low
MRG-2023-14071,2023-11-28,2023-11-29,North America,Mexico,Consumer,Electronics,Wearables,5,376.25,0.0,1881.25,634.08,34.75,Low
MRG-2023-10937,2023-11-28,2023-12-04,APAC,Australia,Consumer,Home & Living,Decor,9,122.64,0.1,993.38,45.38,63.37,Medium
MRG-2023-11463,2023-11-29,2023-11-30,Europe,France,Corporate,Electronics,Smart Home,5,312.51,0.0,1562.55,194.55,37.0,Medium
MRG-2023-12369,2023-11-29,2023-12-01,North America,Canada,Consumer,Electronics,Audio,6,246.21,0.15,1255.67,283.16,43.94,Low
MRG-2023-14761,2023-11-29,2023-12-01,Europe,United Kingdom,Consumer,Electronics,Wearables,3,232.79,0.0,698.37,224.11,16.47,Medium
MRG-2023-10163,2023-11-29,2023-12-02,Europe,Spain,Consumer,Apparel,Outerwear,2,289.41,0.1,520.94,60.63,11.7,Medium
MRG-2023-11725,2023-11-29,2023-12-02,Europe,France,Home Office,Apparel,Outerwear,1,430.15,0.1,387.13,35.46,15.74,Critical
MRG-2023-11427,2023-11-29,2023-12-07,Europe,Spain,Consumer,Home & Living,Decor,6,308.9,0.05,1760.73,349.43,49.91,Medium
MRG-2023-13983,2023-11-29,2023-12-02,Europe,United Kingdom,Home Office,Apparel,Activewear,9,238.47,0.05,2038.92,117.1,17.89,Medium
MRG-2023-12853,2023-11-29,2023-12-01,North America,Mexico,Consumer,Home & Living,Bedding,3,141.54,0.1,382.16,14.53,16.28,Medium
MRG-2023-15437,2023-11-30,2023-12-05,North America,Canada,Corporate,Electronics,Wearables,7,274.28,0.15,1631.97,12.06,48.78,Low
MRG-2023-15478,2023-11-30,2023-12-08,APAC,Singapore,Consumer,Home & Living,Decor,6,250.38,0.3,1051.6,-10.45,30.04,Medium
MRG-2023-14112,2023-11-30,2023-12-04,North America,Mexico,Consumer,Electronics,Accessories,4,229.27,0.15,779.52,143.25,31.07,Low
MRG-2023-11221,2023-11-30,2023-12-07,Europe,France,Consumer,Electronics,Accessories,9,198.14,0.3,1248.28,-146.9,64.46,Critical
MRG-2023-11564,2023-11-30,2023-12-07,North America,United States,Home Office,Electronics,Smart Home,3,305.5,0.0,916.5,117.48,23.04,Low
MRG-2023-10701,2023-11-30,2023-12-08,Europe,France,Consumer,Electronics,Wearables,5,63.52,0.05,301.72,112.69,24.16,Low
MRG-2023-14372,2023-11-30,2023-12-08,APAC,Australia,Consumer,Apparel,Accessories,4,76.03,0.1,273.71,19.32,19.77,Medium
MRG-2023-12721,2023-12-01,2023-12-07,North America,Mexico,Consumer,Home & Living,Kitchenware,1,115.0,0.15,97.75,5.39,7.34,Low
MRG-2023-13483,2023-12-01,2023-12-05,North America,United States,Corporate,Home & Living,Bedding,1,415.97,0.05,395.17,97.76,12.31,Low
MRG-2023-13316,2023-12-01,2023-12-07,North America,United States,Home Office,Home & Living,Bedding,2,163.58,0.05,310.8,42.19,14.3,Medium
MRG-2023-12129,2023-12-02,2023-12-09,North America,United States,Consumer,Apparel,Accessories,7,279.38,0.0,1955.66,220.3,31.72,Critical
MRG-2023-10048,2023-12-02,2023-12-04,APAC,Australia,Consumer,Electronics,Audio,6,267.21,0.15,1362.77,10.92,43.94,Low
MRG-2023-13964,2023-12-02,2023-12-10,North America,United States,Corporate,Home & Living,Kitchenware,4,210.3,0.0,841.2,263.33,15.82,Low
MRG-2023-15159,2023-12-02,2023-12-03,North America,Canada,Consumer,Apparel,Outerwear,6,86.53,0.0,519.18,167.52,12.33,Low
MRG-2023-12954,2023-12-02,2023-12-06,North America,Canada,Home Office,Apparel,Accessories,8,288.3,0.0,2306.4,793.61,36.0,High
MRG-2023-14657,2023-12-03,2023-12-10,North America,Canada,Consumer,Electronics,Accessories,7,192.63,0.0,1348.41,384.07,58.24,Medium
MRG-2023-12813,2023-12-03,2023-12-11,APAC,Japan,Corporate,Home & Living,Kitchenware,3,93.11,0.3,195.53,10.87,23.82,Low
MRG-2023-13069,2023-12-03,2023-12-10,APAC,India,Consumer,Apparel,Accessories,5,344.92,0.2,1379.68,214.2,19.62,High
MRG-2023-10568,2023-12-03,2023-12-11,North America,Mexico,Consumer,Home & Living,Decor,7,231.5,0.3,1134.35,205.98,51.16,Low
MRG-2023-10311,2023-12-03,2023-12-04,North America,Mexico,Corporate,Electronics,Audio,7,327.34,0.05,2176.81,736.03,29.47,High
MRG-2023-12107,2023-12-03,2023-12-09,North America,Canada,Consumer,Home & Living,Decor,9,416.04,0.1,3369.92,811.01,53.38,Medium
MRG-2023-13262,2023-12-03,2023-12-07,APAC,Australia,Home Office,Apparel,Accessories,8,29.85,0.1,214.92,61.13,48.08,Medium
MRG-2023-10676,2023-12-04,2023-12-09,North America,Mexico,Home Office,Home & Living,Furniture,8,345.39,0.0,2763.12,695.4,38.23,Low
MRG-2023-13308,2023-12-04,2023-12-08,APAC,Australia,Corporate,Home & Living,Furniture,6,55.9,0.2,268.32,33.17,46.71,Medium
MRG-2023-15560,2023-12-04,2023-12-07,APAC,Japan,Consumer,Electronics,Accessories,6,203.25,0.0,1219.5,137.71,14.86,Low
MRG-2023-11201,2023-12-04,2023-12-09,Europe,Germany,Home Office,Electronics,Accessories,6,124.03,0.2,595.34,68.24,41.88,Medium
MRG-2023-13158,2023-12-04,2023-12-09,North America,Canada,Consumer,Electronics,Audio,1,344.99,0.3,241.49,-22.41,11.6,High
MRG-2023-12752,2023-12-05,2023-12-10,Europe,France,Corporate,Apparel,Outerwear,1,389.32,0.0,389.32,34.95,4.02,Medium
MRG-2023-15861,2023-12-05,2023-12-06,Europe,United Kingdom,Consumer,Electronics,Audio,4,19.47,0.05,73.99,16.98,29.07,Low
MRG-2023-14189,2023-12-05,2023-12-10,North America,United States,Consumer,Apparel,Outerwear,4,410.88,0.0,1643.52,372.46,27.24,Low
MRG-2023-12772,2023-12-05,2023-12-08,Europe,Spain,Corporate,Electronics,Smart Home,3,439.7,0.3,923.37,-90.7,29.74,Medium
MRG-2023-15127,2023-12-06,2023-12-14,APAC,Australia,Consumer,Electronics,Accessories,4,392.54,0.1,1413.14,322.3,22.81,Medium
MRG-2023-11155,2023-12-06,2023-12-12,North America,United States,Home Office,Electronics,Smart Home,11,449.86,0.1,4453.61,1132.22,54.39,Critical
MRG-2023-10858,2023-12-06,2023-12-09,North America,Mexico,Consumer,Apparel,Activewear,8,118.38,0.15,804.98,31.9,49.98,High
MRG-2023-15168,2023-12-06,2023-12-13,APAC,India,Home Office,Home & Living,Decor,10,178.35,0.3,1248.45,56.94,47.25,Medium
MRG-2023-11617,2023-12-06,2023-12-08,North America,United States,Consumer,Apparel,Accessories,6,82.43,0.0,494.58,151.35,18.66,High
MRG-2023-10684,2023-12-06,2023-12-14,North America,United States,Corporate,Electronics,Smart Home,1,123.5,0.2,98.8,14.52,16.6,Low
MRG-2023-10289,2023-12-07,2023-12-11,Europe,United Kingdom,Corporate,Electronics,Accessories,7,425.31,0.0,2977.17,516.51,22.05,Medium
MRG-2023-12570,2023-12-07,2023-12-09,APAC,Japan,Consumer,Apparel,Footwear,5,272.97,0.2,1091.88,62.26,40.58,Critical
MRG-2023-12335,2023-12-07,2023-12-09,APAC,Japan,Consumer,Apparel,Footwear,6,321.18,0.3,1348.96,84.49,35.44,Low
MRG-2023-13008,2023-12-07,2023-12-12,Europe,France,Consumer,Electronics,Wearables,2,61.8,0.0,123.6,19.84,6.78,Medium
MRG-2023-12982,2023-12-07,2023-12-12,APAC,Australia,Consumer,Home & Living,Furniture,1,9.92,0.15,8.43,2.01,14.65,High
MRG-2023-10478,2023-12-07,2023-12-12,North America,United States,Consumer,Home & Living,Decor,2,284.71,0.0,569.42,115.74,18.38,Medium
MRG-2023-11536,2023-12-08,2023-12-11,North America,United States,Consumer,Apparel,Footwear,8,268.13,0.05,2037.79,366.06,44.9,Medium
MRG-2023-10248,2023-12-08,2023-12-16,North America,Mexico,Home Office,Home & Living,Bedding,5,338.52,0.0,1692.6,373.9,16.41,Medium
MRG-2023-12256,2023-12-08,2023-12-09,North America,Mexico,Consumer,Home & Living,Decor,3,205.17,0.15,523.18,122.54,22.4,Low
MRG-2023-11861,2023-12-09,2023-12-10,Europe,United Kingdom,Consumer,Home & Living,Bedding,8,188.33,0.3,1054.65,-121.96,53.94,Medium
MRG-2023-11343,2023-12-09,2023-12-13,North America,Canada,Home Office,Home & Living,Kitchenware,4,299.79,0.0,1199.16,457.42,22.31,Low
MRG-2023-15023,2023-12-09,2023-12-15,Europe,Germany,Consumer,Apparel,Activewear,4,81.17,0.2,259.74,18.9,18.19,Low
MRG-2023-12660,2023-12-09,2023-12-16,North America,Mexico,Consumer,Electronics,Wearables,1,227.33,0.0,227.33,70.15,13.42,Medium
MRG-2023-11487,2023-12-09,2023-12-17,Europe,United Kingdom,Consumer,Electronics,Accessories,9,9.4,0.2,67.68,3.17,45.73,Medium
MRG-2023-12241,2023-12-09,2023-12-14,North America,United States,Corporate,Apparel,Footwear,6,393.55,0.0,2361.3,924.12,8.19,High
MRG-2023-11194,2023-12-09,2023-12-15,North America,Canada,Corporate,Home & Living,Bedding,6,172.05,0.0,1032.3,305.18,35.45,High
MRG-2023-10331,2023-12-09,2023-12-16,Europe,France,Consumer,Electronics,Wearables,10,35.23,0.1,317.07,47.3,38.02,Low
MRG-2023-10792,2023-12-09,2023-12-16,North America,Mexico,Consumer,Electronics,Accessories,6,199.68,0.05,1138.18,100.07,39.02,Medium
MRG-2023-13560,2023-12-10,2023-12-12,North America,Mexico,Home Office,Electronics,Audio,7,115.77,0.0,810.39,136.03,31.55,Medium
MRG-2023-12188,2023-12-10,2023-12-11,North America,Mexico,Consumer,Apparel,Activewear,7,162.64,0.1,1024.63,42.3,40.1,High
MRG-2023-13428,2023-12-10,2023-12-11,APAC,India,Consumer,Home & Living,Decor,6,277.01,0.2,1329.65,126.84,13.63,Medium
MRG-2023-10639,2023-12-10,2023-12-12,North America,United States,Home Office,Apparel,Accessories,2,177.87,0.05,337.95,98.32,15.27,Medium
MRG-2023-15445,2023-12-10,2023-12-15,North America,Canada,Consumer,Home & Living,Kitchenware,1,292.9,0.05,278.25,103.36,12.76,Medium
MRG-2023-10135,2023-12-10,2023-12-17,North America,Mexico,Home Office,Apparel,Accessories,7,391.29,0.15,2328.18,652.32,54.91,Medium
MRG-2023-14868,2023-12-10,2023-12-14,Europe,France,Corporate,Home & Living,Furniture,10,223.73,0.2,1789.84,375.64,71.45,Low
MRG-2023-12403,2023-12-11,2023-12-12,APAC,Singapore,Consumer,Apparel,Activewear,9,361.56,0.05,3091.34,574.73,59.81,Critical
MRG-2023-13762,2023-12-11,2023-12-17,Europe,United Kingdom,Home Office,Electronics,Accessories,8,61.41,0.1,442.15,35.68,61.37,Medium
MRG-2023-11263,2023-12-11,2023-12-19,Europe,France,Consumer,Electronics,Smart Home,2,50.52,0.0,101.04,28.11,21.98,Low
MRG-2023-12164,2023-12-11,2023-12-12,APAC,Singapore,Consumer,Electronics,Audio,9,314.88,0.0,2833.92,532.11,22.73,Low
MRG-2023-15357,2023-12-11,2023-12-12,Europe,France,Home Office,Apparel,Outerwear,2,37.2,0.2,59.52,7.46,13.73,Low
MRG-2023-12620,2023-12-11,2023-12-19,North America,Canada,Corporate,Apparel,Footwear,4,280.73,0.0,1122.92,271.21,27.99,Medium
MRG-2023-14594,2023-12-11,2023-12-16,APAC,India,Consumer,Apparel,Footwear,2,358.23,0.1,644.81,190.74,13.74,Medium
MRG-2023-11333,2023-12-11,2023-12-12,APAC,Japan,Consumer,Electronics,Wearables,11,281.76,0.0,3099.36,463.88,49.47,Low
MRG-2023-10506,2023-12-11,2023-12-15,Europe,Germany,Corporate,Apparel,Activewear,5,78.02,0.05,370.6,44.84,37.29,Low
MRG-2023-11663,2023-12-11,2023-12-14,APAC,Japan,Consumer,Apparel,Activewear,9,379.54,0.05,3245.07,942.81,32.28,Medium
MRG-2023-13160,2023-12-12,2023-12-17,Europe,Germany,Consumer,Electronics,Smart Home,3,17.69,0.05,50.42,16.65,22.64,Medium
MRG-2023-10795,2023-12-12,2023-12-18,Europe,France,Consumer,Apparel,Activewear,1,57.88,0.0,57.88,11.43,18.42,Medium
MRG-2023-12143,2023-12-12,2023-12-18,APAC,Australia,Consumer,Apparel,Accessories,8,358.81,0.3,2009.34,-267.88,55.67,Critical
MRG-2023-15247,2023-12-12,2023-12-19,North America,Mexico,Corporate,Electronics,Wearables,11,346.73,0.0,3814.03,1304.27,59.97,Medium
MRG-2023-11888,2023-12-12,2023-12-14,North America,Canada,Consumer,Electronics,Accessories,5,210.31,0.05,998.97,345.42,26.63,Low
MRG-2023-13251,2023-12-13,2023-12-19,North America,Canada,Corporate,Apparel,Accessories,11,307.95,0.0,3387.45,606.26,32.36,Medium
MRG-2023-10362,2023-12-13,2023-12-17,Europe,Germany,Consumer,Apparel,Outerwear,6,211.12,0.3,886.7,-34.37,27.15,Medium
MRG-2023-11762,2023-12-13,2023-12-14,Europe,Spain,Consumer,Apparel,Activewear,1,156.8,0.05,148.96,44.19,14.07,High
MRG-2023-13988,2023-12-13,2023-12-15,APAC,India,Consumer,Home & Living,Bedding,4,311.31,0.1,1120.72,50.63,23.79,Low
MRG-2023-14580,2023-12-13,2023-12-14,North America,Mexico,Consumer,Electronics,Audio,8,120.52,0.1,867.74,58.91,63.61,Medium
MRG-2023-10992,2023-12-14,2023-12-16,North America,Canada,Consumer,Apparel,Outerwear,7,426.64,0.0,2986.48,1019.52,52.38,High
MRG-2023-10015,2023-12-14,2023-12-15,APAC,Australia,Consumer,Apparel,Accessories,2,338.88,0.3,474.43,21.47,13.62,Critical
MRG-2023-12049,2023-12-14,2023-12-15,APAC,Japan,Consumer,Apparel,Footwear,6,443.5,0.0,2661.0,976.81,30.36,Low
MRG-2023-15374,2023-12-14,2023-12-15,North America,Canada,Consumer,Electronics,Accessories,9,27.78,0.05,237.52,82.5,38.89,Medium
MRG-2023-11809,2023-12-14,2023-12-20,North America,Mexico,Home Office,Electronics,Accessories,9,307.34,0.0,2766.06,1074.45,33.11,Low
MRG-2023-11268,2023-12-14,2023-12-16,Europe,Germany,Consumer,Home & Living,Bedding,4,292.85,0.0,1171.4,462.77,34.75,Medium
MRG-2023-15506,2023-12-15,2023-12-20,APAC,Singapore,Consumer,Electronics,Smart Home,4,270.54,0.3,757.51,61.78,30.38,High
MRG-2023-10533,2023-12-15,2023-12-21,North America,United States,Consumer,Home & Living,Decor,10,430.94,0.0,4309.4,623.9,37.83,Low
MRG-2023-11237,2023-12-15,2023-12-22,North America,Mexico,Consumer,Apparel,Activewear,7,359.68,0.0,2517.76,374.09,37.67,High
MRG-2023-10558,2023-12-15,2023-12-21,APAC,Australia,Consumer,Home & Living,Kitchenware,8,354.02,0.0,2832.16,248.26,32.48,Medium
MRG-2023-14385,2023-12-15,2023-12-21,North America,United States,Consumer,Electronics,Wearables,8,429.12,0.0,3432.96,1261.85,40.21,Low
MRG-2023-15888,2023-12-16,2023-12-22,North America,United States,Corporate,Apparel,Accessories,1,294.28,0.0,294.28,30.75,14.25,Medium
MRG-2023-14832,2023-12-16,2023-12-20,APAC,Singapore,Corporate,Electronics,Wearables,7,39.57,0.0,276.99,61.88,49.83,Low
MRG-2023-10422,2023-12-16,2023-12-21,North America,United States,Consumer,Apparel,Activewear,1,131.19,0.2,104.95,25.54,15.83,Medium
MRG-2023-13626,2023-12-16,2023-12-22,North America,Canada,Corporate,Home & Living,Bedding,3,239.72,0.2,575.33,162.77,7.59,Low
MRG-2023-12291,2023-12-16,2023-12-17,North America,Mexico,Consumer,Apparel,Outerwear,11,393.02,0.0,4323.22,877.99,62.21,Low
MRG-2023-13655,2023-12-16,2023-12-21,North America,United States,Home Office,Home & Living,Bedding,8,313.96,0.0,2511.68,664.57,42.3,High
MRG-2023-12648,2023-12-16,2023-12-20,North America,Canada,Consumer,Electronics,Accessories,6,67.47,0.15,344.1,60.27,13.48,High
MRG-2023-11008,2023-12-16,2023-12-19,Europe,Spain,Consumer,Home & Living,Decor,6,323.51,0.2,1552.85,389.37,28.69,Medium
MRG-2023-13765,2023-12-17,2023-12-18,Europe,Germany,Corporate,Home & Living,Decor,7,304.5,0.1,1918.35,67.87,28.31,Medium
MRG-2023-14638,2023-12-17,2023-12-23,Europe,Spain,Home Office,Home & Living,Bedding,9,169.14,0.3,1065.58,-43.96,48.11,Low
MRG-2023-15985,2023-12-17,2023-12-23,North America,Mexico,Consumer,Home & Living,Bedding,7,255.16,0.0,1786.12,301.77,37.66,Medium
MRG-2023-12569,2023-12-17,2023-12-23,APAC,Singapore,Corporate,Electronics,Audio,6,384.36,0.1,2075.54,58.58,38.35,Low
MRG-2023-12221,2023-12-17,2023-12-18,North America,Mexico,Corporate,Apparel,Footwear,3,66.64,0.2,159.94,29.32,16.32,Medium
MRG-2023-11294,2023-12-17,2023-12-18,North America,Mexico,Corporate,Apparel,Outerwear,7,370.7,0.05,2465.15,433.09,24.1,Medium
MRG-2023-13438,2023-12-17,2023-12-20,North America,Canada,Corporate,Apparel,Activewear,10,397.6,0.0,3976.0,341.39,17.04,Low
MRG-2023-10663,2023-12-17,2023-12-25,North America,United States,Consumer,Electronics,Smart Home,6,318.27,0.1,1718.66,500.42,10.81,High
MRG-2023-11958,2023-12-17,2023-12-18,North America,Canada,Consumer,Electronics,Wearables,8,84.71,0.2,542.14,45.26,35.84,Critical
MRG-2023-13011,2023-12-17,2023-12-19,Europe,Germany,Corporate,Apparel,Footwear,7,376.1,0.3,1842.89,-276.43,15.56,Low
MRG-2023-15347,2023-12-18,2023-12-23,North America,Canada,Corporate,Home & Living,Furniture,11,363.17,0.0,3994.87,916.78,54.9,Low
MRG-2023-10310,2023-12-18,2023-12-20,APAC,India,Corporate,Apparel,Footwear,9,70.08,0.0,630.72,146.04,39.72,Low
MRG-2023-13439,2023-12-18,2023-12-25,Europe,France,Corporate,Electronics,Audio,2,289.86,0.15,492.76,7.8,8.99,High
MRG-2023-10315,2023-12-18,2023-12-23,APAC,Japan,Home Office,Electronics,Wearables,11,91.88,0.15,859.08,-51.69,53.75,Medium
MRG-2023-14081,2023-12-18,2023-12-21,North America,United States,Corporate,Electronics,Smart Home,4,62.51,0.0,250.04,36.2,21.68,High
MRG-2023-11301,2023-12-18,2023-12-23,North America,Canada,Corporate,Electronics,Wearables,2,361.12,0.0,722.24,293.88,17.33,High
MRG-2023-12588,2023-12-18,2023-12-19,North America,Canada,Corporate,Home & Living,Kitchenware,9,58.22,0.0,523.98,185.8,31.9,Medium
MRG-2023-10832,2023-12-18,2023-12-21,Europe,United Kingdom,Corporate,Home & Living,Furniture,8,31.07,0.0,248.56,32.13,14.83,Medium
MRG-2023-12940,2023-12-19,2023-12-26,Europe,Germany,Consumer,Home & Living,Bedding,8,406.24,0.2,2599.94,71.44,45.2,Critical
MRG-2023-10636,2023-12-19,2023-12-25,North America,United States,Home Office,Electronics,Accessories,4,28.99,0.15,98.57,4.03,26.4,Medium
MRG-2023-15316,2023-12-19,2023-12-20,North America,United States,Corporate,Apparel,Outerwear,9,295.93,0.1,2397.03,682.89,28.76,Low
MRG-2023-15107,2023-12-19,2023-12-26,APAC,Japan,Consumer,Electronics,Smart Home,6,244.69,0.1,1321.33,352.63,25.32,Low
MRG-2023-15228,2023-12-19,2023-12-22,North America,Canada,Home Office,Home & Living,Bedding,4,96.57,0.2,309.02,67.69,23.46,High
MRG-2023-13332,2023-12-19,2023-12-21,APAC,Australia,Corporate,Apparel,Activewear,4,185.2,0.0,740.8,205.63,13.3,Low
MRG-2023-12192,2023-12-19,2023-12-26,Europe,Spain,Home Office,Apparel,Outerwear,4,61.04,0.0,244.16,69.65,12.65,Medium
MRG-2023-14271,2023-12-19,2023-12-26,North America,United States,Home Office,Home & Living,Furniture,5,292.24,0.0,1461.2,187.93,13.3,Medium
MRG-2023-10980,2023-12-19,2023-12-27,North America,United States,Consumer,Apparel,Activewear,4,67.42,0.1,242.71,35.7,15.15,Low
MRG-2023-11264,2023-12-20,2023-12-23,APAC,Japan,Corporate,Home & Living,Bedding,11,273.4,0.15,2556.29,-79.59,42.8,High
MRG-2023-14601,2023-12-20,2023-12-23,Europe,Germany,Consumer,Electronics,Wearables,3,276.53,0.2,663.67,-30.63,26.43,Low
MRG-2023-15238,2023-12-20,2023-12-24,North America,United States,Corporate,Electronics,Wearables,10,146.48,0.05,1391.56,323.78,60.29,Medium
MRG-2023-14730,2023-12-21,2023-12-26,Europe,Spain,Home Office,Home & Living,Bedding,5,140.32,0.0,701.6,191.95,42.39,Medium
MRG-2023-10179,2023-12-21,2023-12-24,North America,Mexico,Consumer,Electronics,Accessories,7,419.11,0.05,2787.08,534.65,24.49,Low
MRG-2023-11051,2023-12-21,2023-12-26,North America,United States,Consumer,Apparel,Accessories,7,181.3,0.0,1269.1,315.34,24.56,Low
MRG-2023-11384,2023-12-21,2023-12-25,North America,Mexico,Home Office,Electronics,Audio,9,46.55,0.0,418.95,121.96,60.31,Low
MRG-2023-14817,2023-12-22,2023-12-23,North America,United States,Corporate,Apparel,Outerwear,8,146.84,0.15,998.51,185.99,43.9,Medium
MRG-2023-14748,2023-12-22,2023-12-26,APAC,India,Consumer,Home & Living,Furniture,10,126.59,0.05,1202.61,115.39,53.85,Low
MRG-2023-11917,2023-12-22,2023-12-28,North America,Canada,Home Office,Apparel,Footwear,1,209.44,0.0,209.44,34.35,15.85,High
MRG-2023-15787,2023-12-22,2023-12-30,Europe,Germany,Consumer,Home & Living,Kitchenware,1,442.54,0.0,442.54,145.25,5.11,High
MRG-2023-15519,2023-12-23,2023-12-27,APAC,Singapore,Consumer,Electronics,Accessories,3,119.92,0.05,341.77,106.59,22.48,Low
MRG-2023-12055,2023-12-23,2023-12-30,North America,United States,Consumer,Apparel,Activewear,11,385.86,0.1,3820.01,-104.09,71.55,Medium
MRG-2023-13976,2023-12-23,2023-12-29,North America,United States,Consumer,Electronics,Accessories,6,10.63,0.3,44.65,8.1,44.51,Low
MRG-2023-11501,2023-12-23,2023-12-29,North America,United States,Consumer,Home & Living,Decor,3,352.13,0.0,1056.39,351.21,18.13,Low
MRG-2023-13471,2023-12-23,2023-12-28,APAC,Japan,Corporate,Electronics,Wearables,3,290.49,0.3,610.03,8.95,27.77,High
MRG-2023-11446,2023-12-23,2023-12-30,North America,United States,Consumer,Apparel,Outerwear,7,184.92,0.0,1294.44,459.47,29.83,Low
MRG-2023-11797,2023-12-23,2023-12-26,APAC,India,Consumer,Electronics,Smart Home,3,447.3,0.0,1341.9,112.3,27.72,Medium
MRG-2023-11349,2023-12-24,2023-12-29,North America,Canada,Consumer,Apparel,Footwear,7,46.9,0.2,262.64,34.73,20.92,Low
MRG-2023-13418,2023-12-25,2023-12-28,North America,United States,Corporate,Apparel,Accessories,10,50.79,0.0,507.9,127.14,37.46,Low
MRG-2023-14843,2023-12-25,2023-12-31,Europe,Germany,Corporate,Apparel,Accessories,6,402.0,0.3,1688.4,48.57,13.34,Medium
MRG-2023-12659,2023-12-25,2023-12-30,North America,Canada,Consumer,Home & Living,Kitchenware,3,86.09,0.3,180.79,5.56,19.52,Medium
MRG-2023-10102,2023-12-25,2023-12-29,Europe,Spain,Consumer,Home & Living,Bedding,3,100.1,0.15,255.25,9.29,9.69,Medium
MRG-2023-15414,2023-12-25,2024-01-02,North America,Mexico,Corporate,Apparel,Footwear,9,126.27,0.1,1022.79,53.09,25.73,Medium
MRG-2023-13106,2023-12-25,2023-12-31,North America,United States,Consumer,Home & Living,Decor,3,187.08,0.0,561.24,106.19,17.28,High
MRG-2023-12978,2023-12-25,2024-01-01,North America,Canada,Consumer,Electronics,Wearables,2,123.06,0.3,172.28,12.29,15.25,Low
MRG-2023-14296,2023-12-25,2023-12-26,Europe,Spain,Corporate,Electronics,Accessories,9,108.59,0.0,977.31,192.33,56.32,Low
MRG-2023-11704,2023-12-25,2023-12-31,North America,Canada,Consumer,Electronics,Smart Home,11,448.21,0.05,4683.79,272.97,82.55,Medium
MRG-2023-13310,2023-12-26,2024-01-02,North America,Mexico,Consumer,Home & Living,Kitchenware,7,347.72,0.2,1947.23,387.44,20.88,High
MRG-2023-15199,2023-12-26,2023-12-28,North America,United States,Consumer,Apparel,Accessories,1,205.29,0.0,205.29,64.02,12.12,High
MRG-2023-11239,2023-12-27,2023-12-29,North America,United States,Corporate,Electronics,Audio,1,427.92,0.3,299.54,-44.93,16.1,Low
MRG-2023-15098,2023-12-27,2024-01-02,Europe,United Kingdom,Corporate,Home & Living,Kitchenware,1,426.08,0.1,383.47,14.14,15.38,Medium
MRG-2023-13517,2023-12-27,2023-12-29,APAC,India,Corporate,Apparel,Footwear,8,271.63,0.0,2173.04,361.81,17.49,Medium
MRG-2023-15297,2023-12-27,2024-01-04,North America,Mexico,Consumer,Electronics,Audio,5,69.92,0.0,349.6,79.98,24.56,Medium
MRG-2023-13452,2023-12-28,2023-12-30,North America,Mexico,Consumer,Apparel,Activewear,9,127.33,0.3,802.18,-12.94,41.13,Medium
MRG-2023-10740,2023-12-28,2023-12-29,Europe,Germany,Home Office,Electronics,Smart Home,7,418.49,0.0,2929.43,782.64,36.99,Medium
MRG-2023-12995,2023-12-28,2024-01-03,Europe,Spain,Corporate,Home & Living,Bedding,7,130.36,0.1,821.27,74.49,11.12,Medium
MRG-2023-11470,2023-12-28,2023-12-30,North America,United States,Consumer,Electronics,Accessories,6,172.85,0.05,985.24,285.57,25.05,Medium
MRG-2023-10293,2023-12-28,2024-01-04,APAC,Singapore,Consumer,Apparel,Activewear,8,12.48,0.05,94.85,33.23,55.64,Medium
MRG-2023-15350,2023-12-28,2023-12-30,Europe,France,Consumer,Home & Living,Kitchenware,9,412.55,0.2,2970.36,503.37,62.7,Medium
MRG-2023-14882,2023-12-28,2023-12-29,APAC,Australia,Consumer,Apparel,Outerwear,11,168.55,0.0,1854.05,168.05,58.47,Low
MRG-2023-10596,2023-12-28,2023-12-30,North America,United States,Consumer,Electronics,Audio,2,104.1,0.2,166.56,-6.08,14.23,Low
MRG-2023-14864,2023-12-29,2024-01-05,North America,United States,Corporate,Electronics,Accessories,11,392.63,0.2,3455.14,10.53,79.87,Medium
MRG-2023-14728,2023-12-29,2023-12-31,APAC,Australia,Consumer,Apparel,Activewear,3,70.78,0.2,169.87,17.96,14.33,Medium
MRG-2023-10471,2023-12-29,2024-01-01,APAC,Japan,Consumer,Apparel,Outerwear,9,10.69,0.2,76.97,15.9,68.59,Medium
MRG-2023-13572,2023-12-29,2023-12-30,Europe,Germany,Home Office,Home & Living,Kitchenware,2,355.74,0.0,711.48,72.04,17.33,Low
MRG-2023-11426,2023-12-30,2024-01-01,APAC,Singapore,Corporate,Electronics,Wearables,6,140.34,0.1,757.84,82.33,25.1,Medium
MRG-2023-15984,2023-12-30,2024-01-05,Europe,Germany,Corporate,Apparel,Footwear,1,84.87,0.05,80.63,19.9,7.25,Medium
MRG-2023-15532,2023-12-30,2024-01-01,North America,Canada,Corporate,Electronics,Accessories,1,53.49,0.3,37.44,-1.9,14.44,Medium
MRG-2023-10464,2023-12-30,2024-01-05,Europe,France,Consumer,Apparel,Activewear,1,391.99,0.15,333.19,33.01,16.66,Low
MRG-2023-13250,2023-12-30,2024-01-06,North America,United States,Home Office,Home & Living,Furniture,9,375.89,0.15,2875.56,637.07,38.69,Low
MRG-2023-14850,2023-12-31,2024-01-04,North America,United States,Corporate,Home & Living,Furniture,7,349.5,0.05,2324.17,737.71,15.86,Critical
MRG-2024-15171,2024-01-01,2024-01-03,APAC,Australia,Consumer,Electronics,Wearables,2,277.54,0.0,555.08,169.99,15.56,Low
MRG-2024-11007,2024-01-01,2024-01-05,Europe,Spain,Home Office,Apparel,Activewear,7,103.95,0.2,582.12,-6.4,27.55,Critical
MRG-2024-12202,2024-01-01,2024-01-09,APAC,Australia,Consumer,Electronics,Smart Home,2,320.78,0.05,609.48,121.32,19.74,Medium
MRG-2024-15177,2024-01-01,2024-01-07,Europe,Spain,Corporate,Home & Living,Furniture,1,425.38,0.15,361.57,8.59,15.1,Low
MRG-2024-14495,2024-01-01,2024-01-06,North America,United States,Corporate,Electronics,Wearables,2,35.84,0.0,71.68,21.58,10.21,Low
MRG-2024-15730,2024-01-01,2024-01-06,Europe,France,Home Office,Electronics,Smart Home,7,267.9,0.0,1875.3,357.61,26.19,Low
MRG-2024-13689,2024-01-01,2024-01-03,Europe,Germany,Consumer,Apparel,Accessories,10,24.97,0.1,224.73,35.7,50.9,Low
MRG-2024-10869,2024-01-02,2024-01-05,North America,Mexico,Consumer,Home & Living,Furniture,4,326.56,0.05,1240.93,359.53,9.99,Medium
MRG-2024-11291,2024-01-02,2024-01-04,North America,Mexico,Consumer,Apparel,Footwear,10,130.07,0.15,1105.6,255.69,47.8,Medium
MRG-2024-13841,2024-01-02,2024-01-07,APAC,Australia,Home Office,Electronics,Accessories,9,36.12,0.2,260.06,54.43,17.15,Medium
MRG-2024-15295,2024-01-02,2024-01-05,North America,Mexico,Consumer,Home & Living,Furniture,10,319.19,0.15,2713.11,251.7,60.25,High
MRG-2024-11735,2024-01-03,2024-01-11,APAC,Japan,Consumer,Electronics,Audio,1,391.62,0.0,391.62,123.77,20.78,Low
MRG-2024-10352,2024-01-03,2024-01-07,Europe,Germany,Corporate,Home & Living,Bedding,5,374.06,0.0,1870.3,335.97,27.66,Medium
MRG-2024-11849,2024-01-03,2024-01-10,North America,Canada,Consumer,Home & Living,Bedding,11,154.43,0.0,1698.73,684.19,35.81,High
MRG-2024-12881,2024-01-03,2024-01-09,North America,Mexico,Consumer,Electronics,Smart Home,3,238.64,0.05,680.12,115.31,23.24,Medium
MRG-2024-12738,2024-01-03,2024-01-04,Europe,Germany,Corporate,Home & Living,Bedding,11,153.86,0.0,1692.46,485.9,64.21,High
MRG-2024-13205,2024-01-03,2024-01-04,North America,United States,Consumer,Electronics,Wearables,5,434.09,0.0,2170.45,644.46,17.53,Medium
MRG-2024-10706,2024-01-03,2024-01-11,North America,Mexico,Corporate,Electronics,Smart Home,11,165.43,0.05,1728.74,468.81,46.84,Low
MRG-2024-12051,2024-01-03,2024-01-07,Europe,Spain,Corporate,Apparel,Outerwear,4,244.5,0.0,978.0,349.79,23.15,Medium
MRG-2024-10176,2024-01-03,2024-01-05,North America,Canada,Consumer,Electronics,Accessories,7,17.65,0.15,105.02,8.19,21.78,Medium
MRG-2024-15255,2024-01-03,2024-01-11,Europe,France,Corporate,Apparel,Footwear,9,167.5,0.1,1356.75,76.35,44.01,Medium
MRG-2024-15206,2024-01-03,2024-01-09,APAC,Japan,Consumer,Apparel,Activewear,11,99.16,0.0,1090.76,342.87,49.81,Medium
MRG-2024-14382,2024-01-04,2024-01-09,North America,United States,Consumer,Apparel,Footwear,8,103.9,0.05,789.64,142.52,51.0,High
MRG-2024-11691,2024-01-04,2024-01-12,North America,United States,Corporate,Electronics,Audio,7,86.86,0.15,516.82,54.11,34.84,Low
MRG-2024-12533,2024-01-04,2024-01-08,Europe,Spain,Corporate,Home & Living,Furniture,9,161.89,0.0,1457.01,556.64,44.63,Medium
MRG-2024-15116,2024-01-04,2024-01-11,APAC,Australia,Home Office,Electronics,Accessories,1,280.87,0.0,280.87,112.29,20.62,Low
MRG-2024-11413,2024-01-04,2024-01-08,North America,Mexico,Consumer,Electronics,Smart Home,6,281.92,0.0,1691.52,185.54,35.43,Low
MRG-2024-15724,2024-01-04,2024-01-07,North America,Canada,Home Office,Home & Living,Decor,2,292.29,0.0,584.58,139.32,11.35,Medium
MRG-2024-13793,2024-01-05,2024-01-06,North America,United States,Home Office,Apparel,Outerwear,7,259.64,0.15,1544.86,480.77,25.15,Low
MRG-2024-14265,2024-01-05,2024-01-13,North America,United States,Consumer,Apparel,Activewear,1,222.42,0.0,222.42,66.31,6.35,High
MRG-2024-11377,2024-01-05,2024-01-13,North America,United States,Corporate,Electronics,Accessories,9,197.55,0.1,1600.15,-10.56,30.15,Medium
MRG-2024-10611,2024-01-05,2024-01-13,North America,Canada,Consumer,Home & Living,Bedding,3,62.76,0.0,188.28,25.7,15.76,Low
MRG-2024-11697,2024-01-06,2024-01-14,North America,Canada,Consumer,Apparel,Accessories,6,19.99,0.3,83.96,-6.24,35.69,Low
MRG-2024-11911,2024-01-06,2024-01-08,North America,Mexico,Consumer,Apparel,Footwear,6,358.17,0.3,1504.31,-115.52,9.51,Medium
MRG-2024-14540,2024-01-06,2024-01-12,APAC,India,Corporate,Electronics,Audio,5,410.01,0.0,2050.05,419.86,14.93,Medium
MRG-2024-11069,2024-01-07,2024-01-15,Europe,Germany,Consumer,Electronics,Wearables,5,76.26,0.0,381.3,89.39,27.48,Low
MRG-2024-15475,2024-01-07,2024-01-08,North America,Mexico,Consumer,Electronics,Accessories,1,22.36,0.0,22.36,5.78,17.82,Medium
MRG-2024-15956,2024-01-07,2024-01-08,APAC,India,Corporate,Apparel,Footwear,1,35.88,0.05,34.09,3.43,8.63,Medium
MRG-2024-13300,2024-01-07,2024-01-10,Europe,Spain,Consumer,Electronics,Accessories,6,383.1,0.05,2183.67,450.22,17.13,High
MRG-2024-11873,2024-01-07,2024-01-08,Europe,United Kingdom,Consumer,Apparel,Accessories,10,426.2,0.0,4262.0,1164.56,41.83,Low
MRG-2024-12864,2024-01-08,2024-01-09,North America,United States,Corporate,Apparel,Accessories,10,112.37,0.0,1123.7,364.33,74.39,High
MRG-2024-10425,2024-01-08,2024-01-10,North America,Canada,Consumer,Electronics,Wearables,6,313.86,0.0,1883.16,458.57,35.67,Medium
MRG-2024-15511,2024-01-08,2024-01-11,Europe,Germany,Home Office,Electronics,Smart Home,11,306.94,0.0,3376.34,1218.41,23.06,Low
MRG-2024-12696,2024-01-08,2024-01-15,Europe,France,Corporate,Home & Living,Bedding,6,429.44,0.1,2318.98,95.35,26.08,High
MRG-2024-12599,2024-01-08,2024-01-16,APAC,Australia,Corporate,Electronics,Accessories,3,141.51,0.05,403.3,74.68,25.55,Medium
MRG-2024-11109,2024-01-08,2024-01-10,APAC,Australia,Consumer,Electronics,Audio,7,369.27,0.05,2455.65,569.62,42.26,Medium
MRG-2024-14778,2024-01-08,2024-01-09,Europe,Germany,Consumer,Electronics,Smart Home,4,404.09,0.15,1373.91,234.95,35.83,Medium
MRG-2024-11690,2024-01-09,2024-01-17,Europe,Spain,Consumer,Apparel,Accessories,1,76.13,0.2,60.9,8.86,9.4,Low
MRG-2024-12207,2024-01-09,2024-01-10,Europe,France,Corporate,Apparel,Footwear,3,383.55,0.1,1035.59,208.51,25.87,Medium
MRG-2024-12622,2024-01-09,2024-01-11,North America,Mexico,Consumer,Home & Living,Kitchenware,6,393.91,0.15,2008.94,635.74,24.64,Low
MRG-2024-15196,2024-01-09,2024-01-14,Europe,United Kingdom,Home Office,Home & Living,Furniture,8,73.8,0.0,590.4,68.18,42.18,Medium
MRG-2024-11802,2024-01-09,2024-01-14,Europe,United Kingdom,Consumer,Electronics,Smart Home,11,219.07,0.1,2168.79,150.79,65.93,Medium
MRG-2024-15725,2024-01-10,2024-01-18,North America,Mexico,Consumer,Home & Living,Bedding,7,209.09,0.2,1170.9,184.73,33.4,Medium
MRG-2024-15828,2024-01-10,2024-01-15,North America,United States,Consumer,Apparel,Activewear,11,8.52,0.15,79.66,8.36,68.66,Medium
MRG-2024-12319,2024-01-10,2024-01-15,North America,United States,Home Office,Home & Living,Bedding,1,142.12,0.2,113.7,-8.99,14.52,Medium
MRG-2024-11271,2024-01-10,2024-01-12,Europe,France,Corporate,Home & Living,Kitchenware,1,338.85,0.3,237.19,53.64,14.31,Medium
MRG-2024-10906,2024-01-10,2024-01-18,North America,Mexico,Consumer,Home & Living,Furniture,7,222.68,0.05,1480.82,454.47,32.02,Low
MRG-2024-14837,2024-01-10,2024-01-16,North America,United States,Corporate,Home & Living,Kitchenware,3,235.72,0.0,707.16,157.19,21.49,Critical
MRG-2024-15332,2024-01-10,2024-01-15,Europe,Spain,Home Office,Home & Living,Decor,8,278.44,0.15,1893.39,-53.13,33.19,Medium
MRG-2024-15714,2024-01-10,2024-01-18,APAC,Singapore,Consumer,Apparel,Accessories,4,303.39,0.2,970.85,115.6,15.33,High
MRG-2024-12718,2024-01-10,2024-01-14,North America,Mexico,Consumer,Apparel,Footwear,5,138.58,0.15,588.96,129.2,35.78,Medium
MRG-2024-11649,2024-01-11,2024-01-18,North America,United States,Consumer,Electronics,Accessories,2,205.32,0.0,410.64,53.08,12.73,Medium
MRG-2024-14739,2024-01-11,2024-01-19,Europe,Germany,Home Office,Home & Living,Furniture,8,430.17,0.3,2408.95,60.83,37.25,Medium
MRG-2024-13514,2024-01-11,2024-01-15,Europe,United Kingdom,Consumer,Home & Living,Bedding,4,209.24,0.15,711.42,15.16,25.09,Medium
MRG-2024-15744,2024-01-11,2024-01-15,APAC,India,Corporate,Electronics,Accessories,5,209.71,0.05,996.12,357.92,19.46,Medium
MRG-2024-13007,2024-01-11,2024-01-18,APAC,Singapore,Consumer,Apparel,Footwear,7,85.07,0.15,506.17,61.14,39.8,Medium
MRG-2024-10434,2024-01-11,2024-01-19,Europe,Spain,Consumer,Home & Living,Decor,2,216.25,0.3,302.75,28.27,21.13,Low
MRG-2024-10108,2024-01-12,2024-01-16,North America,Canada,Consumer,Home & Living,Decor,3,400.66,0.0,1201.98,136.96,14.43,Medium
MRG-2024-10708,2024-01-12,2024-01-20,North America,United States,Consumer,Electronics,Smart Home,3,373.25,0.3,783.82,-3.89,25.73,Low
MRG-2024-11084,2024-01-12,2024-01-17,North America,United States,Consumer,Apparel,Outerwear,3,103.52,0.2,248.45,21.48,22.97,Medium
MRG-2024-15593,2024-01-13,2024-01-18,North America,Canada,Consumer,Home & Living,Furniture,10,201.35,0.15,1711.47,356.99,42.99,Low
MRG-2024-10396,2024-01-13,2024-01-16,Europe,Germany,Corporate,Electronics,Accessories,8,445.64,0.3,2495.58,-368.35,24.3,Low
MRG-2024-15766,2024-01-13,2024-01-14,Europe,Spain,Consumer,Electronics,Wearables,3,61.53,0.0,184.59,68.85,19.44,High
MRG-2024-12266,2024-01-13,2024-01-16,North America,Canada,Consumer,Electronics,Wearables,4,94.46,0.2,302.27,66.98,35.12,Low
MRG-2024-10454,2024-01-13,2024-01-21,North America,Canada,Consumer,Home & Living,Furniture,2,9.97,0.0,19.94,3.19,19.31,Medium
MRG-2024-15831,2024-01-14,2024-01-17,APAC,India,Consumer,Apparel,Footwear,2,167.33,0.0,334.66,97.51,25.12,Low
MRG-2024-12267,2024-01-14,2024-01-19,Europe,France,Corporate,Apparel,Activewear,8,150.05,0.0,1200.4,268.7,27.65,Medium
MRG-2024-13721,2024-01-14,2024-01-18,Europe,Spain,Corporate,Apparel,Accessories,6,322.33,0.0,1933.98,422.12,30.48,Low
MRG-2024-15428,2024-01-14,2024-01-15,North America,Mexico,Consumer,Home & Living,Furniture,10,330.87,0.3,2316.09,329.66,12.83,High
MRG-2024-13768,2024-01-14,2024-01-20,North America,Mexico,Consumer,Home & Living,Kitchenware,2,338.78,0.0,677.56,236.66,19.5,Medium
MRG-2024-10155,2024-01-14,2024-01-21,North America,Mexico,Consumer,Apparel,Activewear,8,42.36,0.2,271.1,53.42,27.23,Medium
MRG-2024-10386,2024-01-15,2024-01-20,North America,United States,Home Office,Apparel,Footwear,2,210.46,0.15,357.78,40.48,14.78,High
MRG-2024-13939,2024-01-15,2024-01-17,Europe,France,Consumer,Home & Living,Furniture,11,331.5,0.3,2552.55,186.91,46.58,Medium
MRG-2024-10412,2024-01-16,2024-01-19,Europe,United Kingdom,Consumer,Home & Living,Furniture,4,39.64,0.0,158.56,36.58,26.45,High
MRG-2024-10789,2024-01-16,2024-01-23,Europe,France,Corporate,Apparel,Footwear,11,214.29,0.0,2357.19,477.59,24.12,Low
MRG-2024-12068,2024-01-16,2024-01-19,APAC,Australia,Corporate,Apparel,Accessories,11,71.78,0.0,789.58,282.27,46.03,Medium
MRG-2024-10675,2024-01-16,2024-01-17,North America,Canada,Corporate,Home & Living,Decor,3,313.61,0.3,658.58,-47.22,18.29,Medium
MRG-2024-10006,2024-01-16,2024-01-23,North America,Canada,Home Office,Apparel,Footwear,1,132.37,0.3,92.66,3.53,15.9,Low
MRG-2024-13176,2024-01-17,2024-01-18,North America,Mexico,Consumer,Home & Living,Bedding,1,247.21,0.2,197.77,34.95,8.66,Low
MRG-2024-10210,2024-01-17,2024-01-24,North America,United States,Consumer,Electronics,Smart Home,2,95.51,0.2,152.82,-17.28,12.77,High
MRG-2024-11338,2024-01-17,2024-01-18,Europe,United Kingdom,Consumer,Apparel,Outerwear,10,253.09,0.0,2530.9,999.7,37.62,Low
MRG-2024-15690,2024-01-17,2024-01-18,North America,Mexico,Consumer,Electronics,Wearables,3,46.9,0.0,140.7,39.13,13.36,Medium
MRG-2024-15203,2024-01-17,2024-01-21,North America,United States,Consumer,Apparel,Outerwear,6,62.55,0.3,262.71,41.63,40.21,Medium
MRG-2024-12205,2024-01-17,2024-01-23,Europe,Germany,Consumer,Apparel,Footwear,11,211.62,0.05,2211.43,530.86,63.74,Low
MRG-2024-12017,2024-01-18,2024-01-25,North America,United States,Consumer,Apparel,Accessories,8,73.96,0.15,502.93,48.62,41.31,Medium
MRG-2024-12293,2024-01-18,2024-01-24,Europe,Germany,Home Office,Apparel,Accessories,6,206.83,0.0,1240.98,373.84,46.64,High
MRG-2024-11275,2024-01-18,2024-01-22,Europe,United Kingdom,Consumer,Apparel,Accessories,11,103.89,0.0,1142.79,270.14,50.6,High
MRG-2024-15409,2024-01-18,2024-01-26,APAC,Singapore,Corporate,Electronics,Smart Home,5,403.6,0.0,2018.0,400.59,41.08,Medium
MRG-2024-13797,2024-01-19,2024-01-20,Europe,France,Corporate,Apparel,Footwear,9,447.09,0.0,4023.81,685.35,37.15,Medium
MRG-2024-15969,2024-01-19,2024-01-24,North America,Mexico,Consumer,Apparel,Outerwear,2,407.44,0.05,774.14,76.68,18.22,Medium
MRG-2024-10206,2024-01-19,2024-01-26,North America,Canada,Consumer,Home & Living,Decor,5,74.27,0.2,297.08,49.31,36.79,Low
MRG-2024-10744,2024-01-19,2024-01-23,Europe,France,Home Office,Home & Living,Decor,3,391.26,0.0,1173.78,259.72,25.67,Low
MRG-2024-12996,2024-01-20,2024-01-26,North America,United States,Consumer,Apparel,Footwear,8,295.89,0.3,1656.98,98.37,43.37,Low
MRG-2024-10228,2024-01-20,2024-01-23,APAC,Australia,Consumer,Electronics,Smart Home,4,135.54,0.15,460.84,-8.81,33.63,Medium
MRG-2024-15487,2024-01-20,2024-01-28,North America,United States,Consumer,Apparel,Accessories,5,338.71,0.2,1354.84,5.18,19.45,Medium
MRG-2024-11036,2024-01-20,2024-01-25,APAC,India,Corporate,Home & Living,Bedding,5,335.76,0.3,1175.16,24.8,15.97,Critical
MRG-2024-14427,2024-01-20,2024-01-21,APAC,Japan,Corporate,Home & Living,Furniture,1,433.4,0.0,433.4,148.89,12.83,Low
MRG-2024-15520,2024-01-20,2024-01-27,Europe,France,Corporate,Apparel,Activewear,7,149.75,0.0,1048.25,326.57,46.72,High
MRG-2024-14413,2024-01-20,2024-01-21,Europe,France,Corporate,Apparel,Outerwear,8,244.48,0.0,1955.84,263.6,44.43,Low
MRG-2024-14039,2024-01-20,2024-01-25,APAC,Singapore,Corporate,Apparel,Outerwear,4,296.99,0.0,1187.96,487.31,11.38,Medium
MRG-2024-14027,2024-01-20,2024-01-25,Europe,France,Consumer,Apparel,Activewear,11,283.11,0.3,2179.95,-15.74,47.96,High
MRG-2024-12831,2024-01-20,2024-01-25,North America,Canada,Consumer,Home & Living,Furniture,5,113.74,0.2,454.96,132.74,33.2,Low
MRG-2024-14234,2024-01-21,2024-01-29,APAC,Japan,Corporate,Electronics,Wearables,3,109.41,0.15,279.0,19.12,7.77,High
MRG-2024-14985,2024-01-21,2024-01-23,Europe,United Kingdom,Consumer,Electronics,Accessories,9,303.73,0.1,2460.21,150.78,49.1,High
MRG-2024-13376,2024-01-21,2024-01-29,North America,Canada,Consumer,Home & Living,Kitchenware,9,428.82,0.15,3280.47,598.85,60.06,High
MRG-2024-13092,2024-01-21,2024-01-29,APAC,Singapore,Consumer,Electronics,Smart Home,2,103.76,0.0,207.52,60.49,24.84,High
MRG-2024-11064,2024-01-21,2024-01-26,North America,Mexico,Corporate,Electronics,Accessories,3,234.79,0.2,563.5,109.26,22.41,Medium
MRG-2024-12874,2024-01-21,2024-01-22,North America,Canada,Corporate,Apparel,Outerwear,11,248.33,0.0,2731.63,1096.13,67.37,Low
MRG-2024-12691,2024-01-21,2024-01-26,North America,Mexico,Corporate,Electronics,Audio,8,392.82,0.3,2199.79,-125.47,47.67,High
MRG-2024-12861,2024-01-21,2024-01-22,Europe,Germany,Consumer,Home & Living,Bedding,2,129.34,0.1,232.81,74.96,20.99,Low
MRG-2024-14177,2024-01-21,2024-01-29,APAC,Singapore,Home Office,Home & Living,Bedding,8,159.34,0.0,1274.72,304.95,15.15,High
MRG-2024-15113,2024-01-22,2024-01-23,North America,Mexico,Consumer,Electronics,Wearables,2,308.64,0.0,617.28,54.18,14.06,Medium
MRG-2024-10435,2024-01-22,2024-01-26,North America,Mexico,Corporate,Apparel,Accessories,10,186.05,0.15,1581.42,45.93,31.09,Medium
MRG-2024-14186,2024-01-22,2024-01-29,Europe,United Kingdom,Consumer,Apparel,Outerwear,5,435.04,0.3,1522.64,-144.13,18.79,Medium
MRG-2024-13718,2024-01-22,2024-01-28,APAC,Japan,Home Office,Apparel,Footwear,3,326.6,0.1,881.82,211.07,28.29,Low
MRG-2024-13233,2024-01-23,2024-01-26,North America,Mexico,Consumer,Home & Living,Furniture,1,143.2,0.15,121.72,19.85,18.76,Low
MRG-2024-15854,2024-01-23,2024-01-31,APAC,Australia,Consumer,Home & Living,Furniture,6,199.35,0.0,1196.1,132.1,48.54,High
MRG-2024-13800,2024-01-23,2024-01-30,North America,United States,Corporate,Electronics,Accessories,5,69.79,0.2,279.16,-9.78,17.73,Low
MRG-2024-10358,2024-01-23,2024-01-28,North America,Mexico,Home Office,Home & Living,Decor,10,178.28,0.05,1693.66,150.25,47.7,High
MRG-2024-14182,2024-01-24,2024-02-01,Europe,France,Corporate,Apparel,Activewear,6,143.78,0.15,733.28,186.19,27.42,Low
MRG-2024-13781,2024-01-24,2024-01-27,Europe,France,Home Office,Home & Living,Bedding,10,431.29,0.0,4312.9,894.71,28.45,Medium
MRG-2024-11451,2024-01-25,2024-01-31,North America,Canada,Consumer,Home & Living,Bedding,9,74.19,0.1,600.94,177.47,20.8,High
MRG-2024-12623,2024-01-25,2024-01-26,North America,Canada,Corporate,Apparel,Accessories,11,406.31,0.0,4469.41,1403.0,40.16,Medium
MRG-2024-14462,2024-01-25,2024-02-01,APAC,Japan,Home Office,Home & Living,Bedding,2,111.91,0.15,190.25,56.1,11.4,Low
MRG-2024-11289,2024-01-25,2024-02-01,North America,Canada,Consumer,Electronics,Accessories,1,195.61,0.3,136.93,-8.38,15.76,Medium
MRG-2024-13652,2024-01-25,2024-01-29,North America,Mexico,Consumer,Apparel,Outerwear,8,324.0,0.1,2332.8,675.76,20.63,Low
MRG-2024-11907,2024-01-25,2024-01-27,Europe,Spain,Consumer,Electronics,Wearables,7,74.56,0.0,521.92,43.95,38.45,High
MRG-2024-12413,2024-01-25,2024-01-26,Europe,Germany,Consumer,Home & Living,Kitchenware,2,161.76,0.0,323.52,131.15,14.17,Medium
MRG-2024-12087,2024-01-25,2024-01-27,Europe,Spain,Consumer,Apparel,Footwear,7,376.92,0.0,2638.44,464.61,50.76,Low
MRG-2024-12246,2024-01-25,2024-01-26,APAC,Singapore,Consumer,Home & Living,Kitchenware,8,306.71,0.1,2208.31,397.45,32.6,Low
MRG-2024-10896,2024-01-25,2024-01-27,Europe,Spain,Consumer,Apparel,Accessories,2,19.74,0.05,37.51,8.05,22.75,Medium
MRG-2024-10625,2024-01-26,2024-01-31,North America,Canada,Consumer,Home & Living,Decor,1,359.82,0.05,341.83,128.34,17.0,Medium
MRG-2024-11380,2024-01-26,2024-02-01,APAC,Australia,Corporate,Electronics,Audio,8,405.36,0.3,2270.02,-36.43,15.41,Critical
MRG-2024-12590,2024-01-26,2024-01-27,Europe,Spain,Consumer,Home & Living,Kitchenware,5,114.54,0.3,400.89,26.71,42.99,Medium
MRG-2024-11648,2024-01-26,2024-01-28,North America,Mexico,Corporate,Electronics,Smart Home,1,311.67,0.05,296.09,29.94,9.62,Medium
MRG-2024-15825,2024-01-26,2024-02-01,North America,Canada,Corporate,Home & Living,Bedding,8,121.68,0.05,924.77,48.79,27.08,Medium
MRG-2024-15832,2024-01-26,2024-02-03,North America,Canada,Consumer,Electronics,Smart Home,4,415.89,0.15,1414.03,137.15,26.14,Medium
MRG-2024-15289,2024-01-26,2024-01-27,North America,United States,Consumer,Apparel,Footwear,9,67.86,0.3,427.52,18.99,42.89,Critical
MRG-2024-10868,2024-01-26,2024-01-31,Europe,Spain,Home Office,Electronics,Smart Home,9,158.06,0.1,1280.29,134.33,29.98,High
MRG-2024-15927,2024-01-26,2024-01-31,APAC,Japan,Consumer,Home & Living,Kitchenware,5,254.54,0.0,1272.7,497.69,12.24,Low
MRG-2024-10441,2024-01-27,2024-02-04,North America,Mexico,Consumer,Home & Living,Kitchenware,6,162.7,0.0,976.2,316.18,32.1,Medium
MRG-2024-15393,2024-01-27,2024-02-01,Europe,Spain,Home Office,Home & Living,Bedding,7,302.86,0.05,2014.02,387.42,40.34,Medium
MRG-2024-12250,2024-01-27,2024-02-03,APAC,Japan,Corporate,Home & Living,Furniture,9,203.29,0.0,1829.61,669.54,25.8,High
MRG-2024-14539,2024-01-27,2024-01-31,North America,Canada,Home Office,Home & Living,Bedding,2,446.0,0.0,892.0,153.03,21.58,Medium
MRG-2024-10388,2024-01-28,2024-01-31,APAC,Japan,Consumer,Home & Living,Furniture,8,446.42,0.3,2499.95,448.49,38.47,Low
MRG-2024-13968,2024-01-28,2024-02-03,North America,Mexico,Home Office,Apparel,Activewear,7,304.92,0.0,2134.44,794.43,31.18,Medium
MRG-2024-10442,2024-01-29,2024-02-04,APAC,Australia,Corporate,Apparel,Footwear,11,136.39,0.2,1200.23,227.92,46.58,Medium
MRG-2024-13312,2024-01-29,2024-01-31,Europe,Spain,Consumer,Home & Living,Furniture,3,447.76,0.05,1276.12,168.63,11.55,Medium
MRG-2024-12366,2024-01-29,2024-02-03,North America,Canada,Consumer,Electronics,Wearables,10,149.99,0.0,1499.9,477.68,42.98,Medium
MRG-2024-10239,2024-01-30,2024-02-05,North America,Mexico,Corporate,Apparel,Outerwear,7,360.5,0.3,1766.45,139.59,41.32,Low
MRG-2024-12948,2024-01-30,2024-02-07,North America,Canada,Corporate,Home & Living,Furniture,4,243.81,0.3,682.67,-73.54,31.24,Medium
MRG-2024-10624,2024-01-30,2024-02-06,APAC,Australia,Consumer,Electronics,Accessories,5,312.95,0.0,1564.75,160.98,17.65,Low
MRG-2024-12518,2024-01-31,2024-02-04,North America,Canada,Consumer,Electronics,Smart Home,8,365.91,0.0,2927.28,1126.25,50.13,Medium
MRG-2024-12765,2024-01-31,2024-02-03,Europe,United Kingdom,Corporate,Home & Living,Decor,7,222.67,0.0,1558.69,135.7,46.15,High
MRG-2024-14137,2024-01-31,2024-02-01,Europe,United Kingdom,Consumer,Home & Living,Decor,3,386.85,0.3,812.38,36.7,21.74,Low
MRG-2024-14168,2024-01-31,2024-02-02,APAC,Japan,Corporate,Electronics,Audio,10,326.83,0.05,3104.89,232.81,29.3,Low
MRG-2024-13842,2024-01-31,2024-02-05,North America,United States,Consumer,Apparel,Activewear,9,220.27,0.05,1883.31,227.39,35.45,Medium
MRG-2024-15660,2024-01-31,2024-02-05,North America,Mexico,Consumer,Electronics,Audio,10,368.05,0.1,3312.45,1084.93,56.22,Medium
MRG-2024-13685,2024-02-01,2024-02-02,North America,United States,Consumer,Home & Living,Kitchenware,2,29.19,0.05,55.46,4.73,20.95,Medium
MRG-2024-11205,2024-02-01,2024-02-05,Europe,United Kingdom,Corporate,Electronics,Audio,10,77.5,0.05,736.25,56.02,58.92,Medium
MRG-2024-15503,2024-02-01,2024-02-06,Europe,Spain,Corporate,Electronics,Wearables,9,360.39,0.0,3243.51,693.04,63.49,Medium
MRG-2024-11602,2024-02-01,2024-02-05,Europe,Germany,Home Office,Apparel,Outerwear,6,233.24,0.3,979.61,12.81,38.11,High
MRG-2024-14584,2024-02-01,2024-02-06,North America,Canada,Consumer,Electronics,Accessories,3,23.27,0.0,69.81,11.94,23.06,Low
MRG-2024-13314,2024-02-02,2024-02-05,North America,Canada,Consumer,Home & Living,Bedding,10,404.09,0.0,4040.9,1359.04,33.04,Low
MRG-2024-14720,2024-02-02,2024-02-08,North America,United States,Consumer,Home & Living,Decor,4,182.86,0.05,694.87,220.78,20.13,Low
MRG-2024-12157,2024-02-02,2024-02-05,Europe,United Kingdom,Consumer,Apparel,Activewear,11,423.77,0.0,4661.47,791.82,17.74,High
MRG-2024-15630,2024-02-03,2024-02-10,APAC,Japan,Corporate,Electronics,Smart Home,2,154.01,0.2,246.42,46.07,13.11,Low
MRG-2024-15015,2024-02-03,2024-02-07,North America,Mexico,Consumer,Electronics,Wearables,9,244.42,0.05,2089.79,500.07,38.56,Low
MRG-2024-15834,2024-02-03,2024-02-11,APAC,Japan,Consumer,Home & Living,Furniture,11,94.82,0.3,730.11,5.09,49.31,Low
MRG-2024-13632,2024-02-03,2024-02-08,North America,Canada,Consumer,Apparel,Activewear,10,303.48,0.0,3034.8,1030.35,37.5,Medium
MRG-2024-14607,2024-02-03,2024-02-06,North America,United States,Consumer,Home & Living,Kitchenware,11,67.11,0.05,701.3,254.88,33.67,Low
MRG-2024-12009,2024-02-03,2024-02-04,North America,Canada,Consumer,Home & Living,Kitchenware,11,155.53,0.0,1710.83,344.92,33.31,Low
MRG-2024-13047,2024-02-03,2024-02-04,Europe,Spain,Consumer,Electronics,Accessories,5,335.34,0.0,1676.7,663.89,9.3,Critical
MRG-2024-15420,2024-02-03,2024-02-06,North America,Mexico,Corporate,Home & Living,Decor,9,244.81,0.2,1762.63,215.17,43.82,Low
MRG-2024-10632,2024-02-04,2024-02-12,North America,Mexico,Home Office,Apparel,Activewear,3,321.76,0.0,965.28,206.01,24.48,Low
MRG-2024-12688,2024-02-04,2024-02-05,North America,Mexico,Corporate,Electronics,Accessories,5,433.96,0.2,1735.84,182.84,42.66,Low
MRG-2024-10255,2024-02-04,2024-02-08,APAC,India,Consumer,Electronics,Accessories,11,12.94,0.0,142.34,59.14,64.09,Low
MRG-2024-12001,2024-02-04,2024-02-06,APAC,Japan,Consumer,Electronics,Accessories,8,294.23,0.1,2118.46,147.05,39.18,Low
MRG-2024-13679,2024-02-05,2024-02-09,North America,Canada,Corporate,Apparel,Activewear,7,43.4,0.3,212.66,-27.67,51.72,High
MRG-2024-15879,2024-02-05,2024-02-12,Europe,Germany,Consumer,Apparel,Accessories,11,434.32,0.0,4777.52,1168.64,27.63,Low
MRG-2024-15701,2024-02-05,2024-02-09,North America,Canada,Corporate,Home & Living,Decor,7,89.4,0.05,594.51,167.64,17.16,Medium
MRG-2024-12573,2024-02-05,2024-02-11,APAC,Japan,Home Office,Home & Living,Decor,8,381.85,0.1,2749.32,939.81,45.13,Low
MRG-2024-15514,2024-02-05,2024-02-09,North America,Canada,Consumer,Home & Living,Kitchenware,9,326.22,0.0,2935.98,1116.5,49.0,Low
MRG-2024-15456,2024-02-06,2024-02-07,North America,Mexico,Home Office,Apparel,Accessories,6,72.01,0.0,432.06,156.31,11.73,Low
MRG-2024-13706,2024-02-06,2024-02-13,North America,United States,Corporate,Home & Living,Bedding,6,224.5,0.0,1347.0,131.75,29.61,Medium
MRG-2024-13854,2024-02-06,2024-02-09,North America,Canada,Consumer,Electronics,Wearables,1,434.65,0.3,304.25,70.08,17.1,Medium
MRG-2024-13422,2024-02-06,2024-02-13,APAC,Singapore,Consumer,Apparel,Activewear,3,448.95,0.0,1346.85,184.78,24.01,Critical
MRG-2024-15583,2024-02-06,2024-02-13,North America,United States,Consumer,Apparel,Accessories,10,442.93,0.1,3986.37,1310.36,55.9,Low
MRG-2024-11484,2024-02-06,2024-02-13,North America,United States,Consumer,Electronics,Audio,3,16.8,0.05,47.88,8.36,15.85,Critical
MRG-2024-15499,2024-02-06,2024-02-11,APAC,Australia,Consumer,Electronics,Wearables,10,114.88,0.0,1148.8,306.99,72.97,Low
MRG-2024-14799,2024-02-06,2024-02-09,North America,United States,Corporate,Apparel,Accessories,7,346.08,0.15,2059.18,205.5,33.11,Low
MRG-2024-12535,2024-02-06,2024-02-10,North America,Mexico,Consumer,Home & Living,Furniture,10,416.3,0.3,2914.1,-289.37,57.04,High
MRG-2024-15180,2024-02-07,2024-02-15,North America,Canada,Consumer,Apparel,Accessories,8,441.45,0.15,3001.86,643.84,21.83,Medium
MRG-2024-14577,2024-02-07,2024-02-14,Europe,United Kingdom,Home Office,Home & Living,Bedding,1,399.33,0.3,279.53,-32.73,16.28,Low
MRG-2024-11031,2024-02-07,2024-02-12,Europe,Germany,Home Office,Home & Living,Bedding,1,363.94,0.2,291.15,6.78,15.0,Critical
MRG-2024-11430,2024-02-07,2024-02-10,North America,Canada,Consumer,Apparel,Outerwear,9,330.19,0.1,2674.54,495.11,56.24,Low
MRG-2024-13074,2024-02-07,2024-02-13,Europe,Germany,Consumer,Home & Living,Bedding,2,406.29,0.0,812.58,118.5,13.88,Low
MRG-2024-14830,2024-02-07,2024-02-14,Europe,United Kingdom,Corporate,Apparel,Footwear,2,372.57,0.0,745.14,277.26,25.04,High
MRG-2024-14044,2024-02-07,2024-02-14,North America,Canada,Corporate,Electronics,Wearables,3,53.26,0.15,135.81,21.32,18.61,Low
MRG-2024-14256,2024-02-07,2024-02-15,North America,Canada,Home Office,Electronics,Wearables,4,420.81,0.3,1178.27,-69.95,11.42,Medium
MRG-2024-13712,2024-02-07,2024-02-11,Europe,Germany,Consumer,Home & Living,Kitchenware,8,87.32,0.0,698.56,128.23,54.05,Medium
MRG-2024-13687,2024-02-08,2024-02-11,APAC,Australia,Corporate,Home & Living,Kitchenware,8,243.68,0.3,1364.61,255.25,58.79,High
MRG-2024-10195,2024-02-08,2024-02-10,North America,Canada,Consumer,Home & Living,Furniture,4,160.66,0.05,610.51,127.91,21.48,Medium
MRG-2024-10669,2024-02-08,2024-02-11,North America,United States,Corporate,Home & Living,Decor,3,78.74,0.1,212.6,36.34,20.94,Low
MRG-2024-13954,2024-02-09,2024-02-11,APAC,Australia,Consumer,Home & Living,Decor,10,230.66,0.15,1960.61,-3.68,44.18,Medium
MRG-2024-13237,2024-02-09,2024-02-16,North America,Canada,Corporate,Home & Living,Bedding,1,114.79,0.1,103.31,21.71,7.01,High
MRG-2024-15089,2024-02-09,2024-02-14,APAC,Singapore,Consumer,Electronics,Wearables,5,365.09,0.15,1551.63,342.64,28.59,Low
MRG-2024-15214,2024-02-09,2024-02-17,North America,Mexico,Consumer,Apparel,Activewear,9,18.95,0.15,144.97,16.74,21.79,Medium
MRG-2024-12466,2024-02-10,2024-02-16,North America,Mexico,Consumer,Home & Living,Decor,10,260.88,0.3,1826.16,194.09,29.55,Low
MRG-2024-10702,2024-02-10,2024-02-15,APAC,Japan,Consumer,Apparel,Footwear,11,445.17,0.1,4407.18,1030.43,48.64,Low
MRG-2024-13580,2024-02-10,2024-02-12,Europe,Spain,Consumer,Home & Living,Bedding,5,180.32,0.0,901.6,97.02,7.92,Low
MRG-2024-11847,2024-02-10,2024-02-14,Europe,United Kingdom,Consumer,Apparel,Footwear,5,226.18,0.3,791.63,-117.84,18.92,High
MRG-2024-13304,2024-02-10,2024-02-12,Europe,United Kingdom,Home Office,Electronics,Accessories,11,83.62,0.2,735.86,64.55,59.55,Medium
MRG-2024-10050,2024-02-10,2024-02-15,APAC,Singapore,Home Office,Apparel,Accessories,6,242.88,0.1,1311.55,132.85,30.68,Low
MRG-2024-12598,2024-02-11,2024-02-13,Europe,France,Corporate,Electronics,Audio,3,76.94,0.15,196.2,59.93,20.39,Low
MRG-2024-10131,2024-02-11,2024-02-17,North America,Canada,Consumer,Apparel,Accessories,5,338.29,0.15,1437.73,403.39,21.58,Low
MRG-2024-10922,2024-02-11,2024-02-18,North America,Mexico,Consumer,Electronics,Audio,11,347.4,0.1,3439.26,118.75,27.29,High
MRG-2024-13062,2024-02-12,2024-02-13,North America,United States,Home Office,Home & Living,Furniture,2,9.11,0.0,18.22,5.3,7.49,Low
MRG-2024-12771,2024-02-12,2024-02-18,Europe,France,Consumer,Home & Living,Kitchenware,4,12.99,0.0,51.96,6.77,40.06,Low
MRG-2024-12283,2024-02-12,2024-02-13,North America,Canada,Home Office,Electronics,Accessories,5,295.55,0.05,1403.86,283.97,29.28,Medium
MRG-2024-14054,2024-02-12,2024-02-19,North America,Canada,Home Office,Electronics,Smart Home,9,82.96,0.0,746.64,275.05,35.67,Low
MRG-2024-14738,2024-02-13,2024-02-17,North America,Canada,Home Office,Electronics,Accessories,5,137.12,0.0,685.6,75.03,16.21,High
MRG-2024-14579,2024-02-13,2024-02-21,Europe,United Kingdom,Consumer,Electronics,Wearables,3,423.32,0.05,1206.46,346.59,15.3,Medium
MRG-2024-14593,2024-02-13,2024-02-20,North America,Mexico,Corporate,Electronics,Smart Home,8,318.4,0.15,2165.12,632.46,25.68,Low
MRG-2024-14164,2024-02-13,2024-02-20,North America,Canada,Consumer,Apparel,Outerwear,5,127.91,0.05,607.57,206.1,21.39,Low
MRG-2024-10867,2024-02-13,2024-02-16,North America,Mexico,Corporate,Electronics,Smart Home,6,379.48,0.15,1935.35,53.38,16.57,Low
MRG-2024-12866,2024-02-14,2024-02-21,North America,Mexico,Consumer,Electronics,Audio,2,43.34,0.15,73.68,15.01,23.77,High
MRG-2024-11892,2024-02-14,2024-02-16,APAC,Japan,Home Office,Apparel,Footwear,1,349.19,0.0,349.19,70.17,15.82,Low
MRG-2024-12380,2024-02-14,2024-02-18,North America,Canada,Corporate,Electronics,Smart Home,2,202.72,0.0,405.44,153.94,17.41,Critical
MRG-2024-15635,2024-02-14,2024-02-15,Europe,Spain,Corporate,Apparel,Accessories,6,35.95,0.3,150.99,-21.11,20.91,Low
MRG-2024-11986,2024-02-14,2024-02-15,North America,Canada,Corporate,Electronics,Accessories,8,308.1,0.2,1971.84,179.37,38.41,Medium
MRG-2024-12556,2024-02-15,2024-02-21,APAC,India,Home Office,Apparel,Activewear,3,77.84,0.0,233.52,71.03,32.48,High
MRG-2024-10550,2024-02-15,2024-02-19,APAC,Australia,Consumer,Electronics,Smart Home,5,431.26,0.0,2156.3,516.71,22.36,Low
MRG-2024-10965,2024-02-15,2024-02-22,North America,Mexico,Consumer,Home & Living,Kitchenware,10,391.45,0.1,3523.05,115.36,41.23,Medium
MRG-2024-15683,2024-02-16,2024-02-18,North America,United States,Consumer,Electronics,Audio,6,154.38,0.05,879.97,44.91,35.51,High
MRG-2024-14811,2024-02-16,2024-02-23,North America,Canada,Corporate,Electronics,Accessories,1,48.94,0.0,48.94,9.17,17.02,Medium
MRG-2024-15057,2024-02-16,2024-02-19,Europe,United Kingdom,Corporate,Electronics,Wearables,4,301.76,0.0,1207.04,504.29,15.06,Medium
MRG-2024-11225,2024-02-16,2024-02-20,North America,United States,Consumer,Apparel,Footwear,11,21.72,0.15,203.08,10.38,39.16,High
MRG-2024-12685,2024-02-17,2024-02-21,North America,United States,Home Office,Apparel,Accessories,9,302.04,0.0,2718.36,748.86,22.11,Low
MRG-2024-14972,2024-02-17,2024-02-23,North America,Mexico,Corporate,Electronics,Accessories,4,341.82,0.2,1093.82,142.2,22.18,Medium
MRG-2024-12223,2024-02-17,2024-02-20,Europe,United Kingdom,Consumer,Apparel,Footwear,10,119.07,0.2,952.56,-83.76,34.22,Low
MRG-2024-11033,2024-02-17,2024-02-22,Europe,Spain,Home Office,Electronics,Wearables,10,440.13,0.05,4181.23,266.35,16.98,Low
MRG-2024-13012,2024-02-17,2024-02-22,Europe,Spain,Corporate,Apparel,Footwear,9,430.7,0.0,3876.3,879.03,58.77,Low
MRG-2024-10521,2024-02-18,2024-02-23,APAC,Japan,Consumer,Electronics,Accessories,11,388.67,0.2,3420.3,665.73,25.65,Medium
MRG-2024-10221,2024-02-18,2024-02-23,North America,Mexico,Consumer,Apparel,Outerwear,5,149.29,0.0,746.45,134.32,28.6,Critical
MRG-2024-11734,2024-02-18,2024-02-23,North America,Mexico,Consumer,Home & Living,Decor,8,33.41,0.0,267.28,103.43,40.88,Medium
MRG-2024-12428,2024-02-18,2024-02-20,APAC,India,Consumer,Electronics,Wearables,3,172.5,0.0,517.5,155.05,9.88,Low
MRG-2024-10556,2024-02-18,2024-02-23,Europe,France,Consumer,Home & Living,Bedding,9,79.2,0.0,712.8,57.61,28.6,Medium
MRG-2024-15684,2024-02-18,2024-02-21,North America,Canada,Corporate,Home & Living,Furniture,9,326.46,0.2,2350.51,-171.06,53.7,High
MRG-2024-12070,2024-02-19,2024-02-20,Europe,Germany,Consumer,Electronics,Wearables,2,360.47,0.0,720.94,147.0,13.48,Critical
MRG-2024-14946,2024-02-19,2024-02-21,APAC,India,Home Office,Electronics,Audio,11,335.65,0.05,3507.54,278.97,25.24,Low
MRG-2024-10113,2024-02-19,2024-02-26,North America,Mexico,Consumer,Home & Living,Bedding,11,272.05,0.3,2094.78,306.68,75.19,High
MRG-2024-15422,2024-02-19,2024-02-26,North America,Canada,Consumer,Apparel,Accessories,1,407.55,0.1,366.8,-5.85,17.71,Medium
MRG-2024-11474,2024-02-19,2024-02-20,APAC,India,Corporate,Home & Living,Bedding,2,217.38,0.0,434.76,60.39,15.46,Low
MRG-2024-15862,2024-02-20,2024-02-23,Europe,Spain,Home Office,Apparel,Activewear,7,165.08,0.15,982.23,251.29,27.77,Medium
MRG-2024-15020,2024-02-20,2024-02-26,APAC,Australia,Consumer,Home & Living,Furniture,10,185.12,0.1,1666.08,508.82,32.25,Low
MRG-2024-10075,2024-02-20,2024-02-28,Europe,Germany,Home Office,Apparel,Activewear,6,98.34,0.0,590.04,196.38,45.19,High
MRG-2024-13395,2024-02-20,2024-02-23,North America,United States,Corporate,Electronics,Smart Home,3,334.08,0.3,701.57,78.91,21.65,Medium
MRG-2024-12577,2024-02-20,2024-02-23,North America,Canada,Consumer,Home & Living,Kitchenware,5,176.91,0.05,840.32,194.95,42.39,Low
MRG-2024-11394,2024-02-20,2024-02-26,North America,Mexico,Consumer,Electronics,Wearables,3,142.39,0.15,363.09,-25.43,15.27,High
MRG-2024-14771,2024-02-21,2024-02-25,North America,United States,Consumer,Home & Living,Bedding,4,161.14,0.3,451.19,-42.3,17.44,Medium
MRG-2024-14467,2024-02-21,2024-02-22,North America,Canada,Consumer,Home & Living,Furniture,11,367.53,0.0,4042.83,1067.93,25.79,Low
MRG-2024-13824,2024-02-21,2024-02-26,APAC,India,Corporate,Home & Living,Decor,8,434.18,0.0,3473.44,437.27,47.96,High
MRG-2024-11913,2024-02-21,2024-02-24,North America,United States,Consumer,Home & Living,Furniture,11,303.62,0.1,3005.84,952.38,71.86,Medium
MRG-2024-10387,2024-02-22,2024-02-28,APAC,Singapore,Consumer,Home & Living,Bedding,8,266.16,0.0,2129.28,202.88,32.99,Low
MRG-2024-14355,2024-02-22,2024-02-26,North America,United States,Home Office,Home & Living,Kitchenware,4,98.44,0.3,275.63,14.21,33.67,Medium
MRG-2024-12035,2024-02-22,2024-02-25,APAC,Singapore,Corporate,Home & Living,Kitchenware,2,407.4,0.1,733.32,206.53,16.87,Medium
MRG-2024-13506,2024-02-22,2024-02-23,North America,United States,Corporate,Home & Living,Kitchenware,9,81.98,0.0,737.82,246.66,35.28,Medium
MRG-2024-10459,2024-02-23,2024-02-26,Europe,Spain,Home Office,Electronics,Wearables,11,57.63,0.0,633.93,219.9,37.97,Medium
MRG-2024-12745,2024-02-23,2024-02-28,North America,Canada,Consumer,Electronics,Wearables,3,34.22,0.1,92.39,25.34,16.97,Medium
MRG-2024-10662,2024-02-23,2024-02-25,North America,Canada,Consumer,Electronics,Accessories,8,381.29,0.1,2745.29,754.37,20.12,Medium
MRG-2024-10870,2024-02-24,2024-02-28,North America,United States,Consumer,Apparel,Activewear,8,233.06,0.0,1864.48,251.66,21.36,Low
MRG-2024-12674,2024-02-24,2024-02-25,North America,Canada,Consumer,Apparel,Footwear,2,163.48,0.2,261.57,64.66,15.33,Low
MRG-2024-10655,2024-02-24,2024-03-03,North America,United States,Consumer,Home & Living,Kitchenware,2,126.49,0.0,252.98,101.65,23.68,High
MRG-2024-11035,2024-02-24,2024-03-01,North America,Mexico,Corporate,Apparel,Footwear,1,276.17,0.05,262.36,86.32,11.54,High
MRG-2024-13974,2024-02-24,2024-02-29,North America,Mexico,Consumer,Electronics,Accessories,8,411.16,0.0,3289.28,1207.59,57.25,High
MRG-2024-14030,2024-02-24,2024-02-29,North America,Canada,Consumer,Apparel,Footwear,4,446.33,0.2,1428.26,39.51,5.33,Medium
MRG-2024-14422,2024-02-25,2024-03-03,North America,United States,Home Office,Electronics,Smart Home,9,252.56,0.1,2045.74,584.54,48.85,Medium
MRG-2024-12624,2024-02-25,2024-02-28,North America,Mexico,Consumer,Home & Living,Furniture,5,269.95,0.15,1147.29,68.35,11.53,Low
MRG-2024-14432,2024-02-25,2024-02-27,North America,United States,Consumer,Home & Living,Furniture,9,102.46,0.1,829.93,276.69,67.61,Medium
MRG-2024-10848,2024-02-25,2024-02-26,North America,United States,Consumer,Electronics,Smart Home,6,41.81,0.15,213.23,64.2,35.79,Medium
MRG-2024-13289,2024-02-25,2024-03-01,Europe,United Kingdom,Consumer,Electronics,Wearables,10,245.27,0.0,2452.7,906.25,14.31,Medium
MRG-2024-14919,2024-02-25,2024-02-29,North America,United States,Consumer,Home & Living,Furniture,9,345.44,0.0,3108.96,721.55,64.12,Low
MRG-2024-13340,2024-02-26,2024-02-29,North America,Mexico,Corporate,Electronics,Wearables,6,34.88,0.1,188.35,41.26,23.66,Low
MRG-2024-10027,2024-02-26,2024-02-29,North America,Canada,Consumer,Apparel,Footwear,5,311.1,0.05,1477.72,181.36,38.37,Low
MRG-2024-10392,2024-02-26,2024-03-05,North America,Mexico,Consumer,Electronics,Smart Home,2,58.5,0.0,117.0,26.51,15.49,High
MRG-2024-12168,2024-02-26,2024-03-04,APAC,Australia,Consumer,Home & Living,Bedding,9,332.72,0.15,2545.31,592.4,22.57,Medium
MRG-2024-14267,2024-02-27,2024-03-02,North America,United States,Consumer,Apparel,Activewear,5,56.97,0.05,270.61,16.98,32.43,Medium
MRG-2024-11371,2024-02-27,2024-03-04,APAC,India,Home Office,Home & Living,Furniture,10,60.44,0.15,513.74,36.88,26.94,Low
MRG-2024-15858,2024-02-27,2024-03-02,North America,United States,Corporate,Electronics,Audio,1,369.64,0.1,332.68,91.85,5.88,Low
MRG-2024-15457,2024-02-27,2024-03-03,Europe,France,Corporate,Apparel,Outerwear,7,342.72,0.3,1679.33,-251.9,42.04,Medium
MRG-2024-11204,2024-02-28,2024-03-04,North America,Mexico,Consumer,Home & Living,Bedding,6,126.83,0.15,646.83,5.33,42.14,Medium
MRG-2024-12918,2024-02-28,2024-03-06,North America,Mexico,Corporate,Electronics,Accessories,8,232.88,0.05,1769.89,573.99,11.94,Low
MRG-2024-15425,2024-02-28,2024-03-03,North America,United States,Home Office,Home & Living,Furniture,7,397.6,0.15,2365.72,4.59,33.4,Medium
MRG-2024-11723,2024-02-28,2024-03-03,North America,Canada,Corporate,Apparel,Outerwear,2,83.44,0.3,116.82,-17.52,14.46,High
MRG-2024-15254,2024-02-28,2024-03-05,Europe,United Kingdom,Consumer,Home & Living,Kitchenware,6,391.41,0.0,2348.46,649.58,25.2,Medium
MRG-2024-14729,2024-02-29,2024-03-05,North America,United States,Consumer,Apparel,Activewear,9,445.07,0.15,3404.79,318.49,17.62,High
MRG-2024-15717,2024-02-29,2024-03-05,APAC,Japan,Consumer,Apparel,Footwear,10,192.81,0.1,1735.29,283.13,21.39,High
MRG-2024-11550,2024-02-29,2024-03-05,North America,Mexico,Consumer,Apparel,Footwear,8,73.73,0.0,589.84,75.02,46.52,Medium
MRG-2024-15800,2024-02-29,2024-03-01,Europe,Spain,Consumer,Home & Living,Decor,1,204.81,0.1,184.33,1.54,7.98,Low
MRG-2024-12971,2024-02-29,2024-03-05,North America,Canada,Consumer,Apparel,Activewear,6,39.19,0.0,235.14,87.54,27.04,High
MRG-2024-12966,2024-02-29,2024-03-07,North America,United States,Consumer,Apparel,Accessories,11,109.41,0.0,1203.51,100.94,42.03,Medium
MRG-2024-10234,2024-03-01,2024-03-08,APAC,Japan,Home Office,Apparel,Activewear,10,22.21,0.3,155.47,12.66,45.41,Low
MRG-2024-14341,2024-03-01,2024-03-09,Europe,France,Corporate,Apparel,Accessories,6,27.09,0.0,162.54,19.81,24.84,Low
MRG-2024-14823,2024-03-01,2024-03-07,APAC,India,Consumer,Electronics,Audio,9,327.24,0.3,2061.61,-39.61,55.17,Low
MRG-2024-13035,2024-03-01,2024-03-08,North America,Canada,Consumer,Apparel,Footwear,7,75.67,0.05,503.21,74.81,35.41,High
MRG-2024-14779,2024-03-01,2024-03-07,North America,Canada,Corporate,Apparel,Footwear,8,339.4,0.05,2579.44,721.37,35.72,Medium
MRG-2024-15777,2024-03-02,2024-03-03,Europe,France,Consumer,Electronics,Accessories,3,105.91,0.05,301.84,27.15,16.84,Low
MRG-2024-10898,2024-03-02,2024-03-08,North America,United States,Consumer,Apparel,Activewear,7,11.37,0.05,75.61,26.5,48.72,High
MRG-2024-13377,2024-03-02,2024-03-06,North America,Canada,Home Office,Home & Living,Decor,3,143.23,0.15,365.24,-24.48,30.21,Low
MRG-2024-15803,2024-03-02,2024-03-10,North America,Canada,Home Office,Home & Living,Furniture,10,89.72,0.0,897.2,105.07,26.59,Medium
MRG-2024-12614,2024-03-03,2024-03-06,Europe,Spain,Corporate,Home & Living,Decor,4,379.1,0.0,1516.4,303.51,7.63,Low
MRG-2024-11139,2024-03-03,2024-03-05,North America,Mexico,Consumer,Apparel,Activewear,2,337.37,0.0,674.74,250.83,14.37,Medium
MRG-2024-14938,2024-03-03,2024-03-10,North America,Mexico,Home Office,Apparel,Outerwear,10,49.56,0.0,495.6,95.38,54.7,Low
MRG-2024-14063,2024-03-03,2024-03-05,North America,Canada,Consumer,Apparel,Footwear,11,72.61,0.0,798.71,182.66,81.29,High
MRG-2024-13382,2024-03-03,2024-03-11,North America,Mexico,Corporate,Home & Living,Bedding,2,200.9,0.0,401.8,87.87,19.4,High
MRG-2024-15322,2024-03-04,2024-03-07,North America,United States,Consumer,Home & Living,Kitchenware,7,27.24,0.1,171.61,58.17,36.98,Low
MRG-2024-11547,2024-03-04,2024-03-06,North America,Canada,Corporate,Apparel,Accessories,3,169.85,0.3,356.69,-53.5,25.07,Medium
MRG-2024-14029,2024-03-04,2024-03-09,Europe,Germany,Consumer,Home & Living,Decor,8,203.27,0.15,1382.24,325.0,20.87,Medium
MRG-2024-14300,2024-03-04,2024-03-09,APAC,Singapore,Corporate,Home & Living,Bedding,7,420.77,0.3,2061.77,-309.27,46.42,Low
MRG-2024-14797,2024-03-04,2024-03-11,North America,Canada,Consumer,Apparel,Accessories,9,192.14,0.15,1469.87,22.41,33.58,Low
MRG-2024-11166,2024-03-04,2024-03-10,APAC,Australia,Corporate,Apparel,Outerwear,3,140.23,0.0,420.69,90.46,18.59,Low
MRG-2024-15608,2024-03-04,2024-03-06,APAC,Australia,Home Office,Home & Living,Furniture,9,222.91,0.3,1404.33,157.77,16.99,Low
MRG-2024-15426,2024-03-04,2024-03-08,North America,Mexico,Corporate,Apparel,Outerwear,4,83.8,0.1,301.68,13.29,25.24,High
MRG-2024-10470,2024-03-05,2024-03-13,North America,Mexico,Consumer,Apparel,Outerwear,3,350.42,0.15,893.57,-6.43,12.82,High
MRG-2024-11467,2024-03-05,2024-03-13,Europe,United Kingdom,Corporate,Home & Living,Decor,11,34.39,0.15,321.55,14.41,24.82,Low
MRG-2024-10148,2024-03-05,2024-03-10,Europe,Germany,Home Office,Home & Living,Decor,5,394.99,0.0,1974.95,686.99,45.42,Low
MRG-2024-10589,2024-03-05,2024-03-09,Europe,France,Consumer,Home & Living,Bedding,6,176.25,0.15,898.88,63.66,17.4,Medium
MRG-2024-13214,2024-03-05,2024-03-10,Europe,France,Consumer,Home & Living,Bedding,8,219.63,0.05,1669.19,319.3,47.2,Low
MRG-2024-10235,2024-03-06,2024-03-10,APAC,Singapore,Home Office,Electronics,Audio,4,292.12,0.0,1168.48,479.64,12.71,Low
MRG-2024-13094,2024-03-06,2024-03-08,North America,Mexico,Consumer,Apparel,Accessories,1,316.25,0.15,268.81,50.02,10.38,Critical
MRG-2024-10263,2024-03-06,2024-03-13,North America,Canada,Corporate,Apparel,Activewear,6,36.49,0.2,175.15,5.97,49.68,Medium
MRG-2024-11628,2024-03-06,2024-03-14,APAC,India,Corporate,Apparel,Outerwear,3,224.87,0.0,674.61,259.79,31.65,Medium
MRG-2024-12436,2024-03-06,2024-03-13,APAC,India,Consumer,Electronics,Smart Home,8,367.7,0.0,2941.6,258.82,26.19,Low
MRG-2024-11819,2024-03-06,2024-03-07,North America,Canada,Consumer,Home & Living,Kitchenware,2,408.88,0.15,695.1,67.19,10.42,Medium
MRG-2024-15202,2024-03-07,2024-03-13,North America,Mexico,Consumer,Electronics,Wearables,8,416.36,0.3,2331.62,45.72,48.89,Low
MRG-2024-13263,2024-03-07,2024-03-08,North America,United States,Corporate,Home & Living,Kitchenware,7,119.82,0.0,838.74,71.0,48.81,High
MRG-2024-13891,2024-03-07,2024-03-12,North America,Canada,Corporate,Apparel,Activewear,4,60.88,0.0,243.52,22.1,20.09,High
MRG-2024-10586,2024-03-07,2024-03-15,Europe,Germany,Consumer,Apparel,Footwear,2,51.5,0.0,103.0,26.66,11.71,Low
MRG-2024-14085,2024-03-07,2024-03-15,North America,Canada,Consumer,Electronics,Accessories,11,99.5,0.0,1094.5,270.5,54.94,Medium
MRG-2024-14220,2024-03-07,2024-03-11,North America,Mexico,Home Office,Electronics,Smart Home,5,72.05,0.05,342.24,110.04,17.35,Low
MRG-2024-13973,2024-03-07,2024-03-14,Europe,United Kingdom,Consumer,Apparel,Activewear,6,173.51,0.2,832.85,69.97,17.89,Low
MRG-2024-15700,2024-03-07,2024-03-14,Europe,Germany,Home Office,Home & Living,Bedding,7,443.32,0.2,2482.59,-196.47,45.33,High
MRG-2024-13247,2024-03-08,2024-03-12,APAC,Australia,Consumer,Electronics,Wearables,7,352.0,0.0,2464.0,701.15,35.38,Medium
MRG-2024-12892,2024-03-08,2024-03-09,North America,United States,Corporate,Home & Living,Bedding,1,66.51,0.05,63.18,4.85,12.71,Low
MRG-2024-12684,2024-03-08,2024-03-13,North America,United States,Corporate,Home & Living,Furniture,5,254.46,0.1,1145.07,254.76,34.37,Low
MRG-2024-15938,2024-03-08,2024-03-10,North America,Mexico,Consumer,Apparel,Activewear,10,208.83,0.05,1983.88,141.17,71.23,Medium
MRG-2024-13165,2024-03-08,2024-03-12,North America,United States,Corporate,Apparel,Footwear,7,227.67,0.05,1514.01,45.06,23.3,Low
MRG-2024-11720,2024-03-09,2024-03-14,Europe,Spain,Consumer,Apparel,Footwear,4,183.95,0.2,588.64,97.47,16.8,Low
MRG-2024-13419,2024-03-09,2024-03-13,North America,Canada,Consumer,Apparel,Footwear,10,71.67,0.1,645.03,161.41,47.33,Critical
MRG-2024-14058,2024-03-09,2024-03-12,Europe,Spain,Corporate,Apparel,Accessories,9,390.46,0.3,2459.9,-170.65,53.87,Medium
MRG-2024-14460,2024-03-09,2024-03-10,North America,Canada,Consumer,Electronics,Smart Home,10,207.46,0.2,1659.68,168.67,34.37,Medium
MRG-2024-15552,2024-03-09,2024-03-17,North America,United States,Consumer,Apparel,Outerwear,6,236.93,0.0,1421.58,540.31,40.01,Low
MRG-2024-12102,2024-03-09,2024-03-12,North America,United States,Consumer,Home & Living,Furniture,11,295.79,0.2,2602.95,355.35,66.37,Medium
MRG-2024-13311,2024-03-10,2024-03-17,North America,Mexico,Consumer,Electronics,Audio,8,383.91,0.2,2457.02,126.2,25.95,Low
MRG-2024-10673,2024-03-10,2024-03-17,Europe,Spain,Home Office,Home & Living,Kitchenware,8,247.32,0.1,1780.7,407.82,56.56,High
MRG-2024-14553,2024-03-10,2024-03-16,Europe,United Kingdom,Consumer,Electronics,Audio,10,68.66,0.0,686.6,132.91,58.29,Medium
MRG-2024-10416,2024-03-11,2024-03-13,APAC,India,Corporate,Apparel,Footwear,8,225.06,0.2,1440.38,-87.17,25.16,Low
MRG-2024-10111,2024-03-11,2024-03-16,North America,Mexico,Consumer,Electronics,Audio,5,287.85,0.05,1367.29,461.4,21.44,Medium
MRG-2024-15084,2024-03-11,2024-03-13,North America,United States,Corporate,Apparel,Accessories,11,291.22,0.15,2722.91,-38.26,68.07,Medium
MRG-2024-15169,2024-03-11,2024-03-12,North America,United States,Home Office,Electronics,Accessories,10,387.45,0.05,3680.77,730.63,27.94,Medium
MRG-2024-14353,2024-03-11,2024-03-12,North America,United States,Consumer,Apparel,Footwear,1,306.14,0.0,306.14,74.74,3.31,Medium
MRG-2024-10973,2024-03-11,2024-03-17,North America,Canada,Consumer,Apparel,Activewear,2,15.37,0.1,27.67,2.15,14.28,Medium
MRG-2024-12902,2024-03-12,2024-03-14,North America,Canada,Consumer,Electronics,Smart Home,2,173.84,0.0,347.68,117.05,12.64,Medium
MRG-2024-15852,2024-03-12,2024-03-16,APAC,Singapore,Consumer,Apparel,Footwear,3,316.27,0.1,853.93,252.52,25.93,High
MRG-2024-11741,2024-03-12,2024-03-19,North America,Canada,Consumer,Apparel,Footwear,2,314.31,0.0,628.62,110.16,19.09,Low
MRG-2024-11255,2024-03-12,2024-03-19,APAC,Japan,Consumer,Apparel,Activewear,10,320.84,0.0,3208.4,489.92,19.36,Medium
MRG-2024-14314,2024-03-13,2024-03-15,North America,Mexico,Corporate,Home & Living,Bedding,2,185.08,0.0,370.16,75.67,20.81,Medium
MRG-2024-13273,2024-03-13,2024-03-19,APAC,India,Consumer,Apparel,Accessories,1,283.88,0.05,269.69,88.12,11.74,High
MRG-2024-13846,2024-03-13,2024-03-19,APAC,Singapore,Consumer,Electronics,Smart Home,10,331.9,0.2,2655.2,292.14,60.26,High
MRG-2024-10314,2024-03-13,2024-03-17,Europe,Germany,Corporate,Apparel,Activewear,5,78.6,0.2,314.4,69.42,19.77,Medium
MRG-2024-14073,2024-03-13,2024-03-15,APAC,Japan,Consumer,Home & Living,Decor,8,165.52,0.05,1257.95,317.99,14.29,Medium
MRG-2024-12067,2024-03-14,2024-03-15,North America,Mexico,Consumer,Home & Living,Bedding,2,291.05,0.0,582.1,85.44,12.06,Low
MRG-2024-13334,2024-03-14,2024-03-17,Europe,Germany,Home Office,Home & Living,Decor,4,232.61,0.0,930.44,329.45,16.55,Medium
MRG-2024-10328,2024-03-14,2024-03-19,APAC,Singapore,Consumer,Home & Living,Bedding,1,343.05,0.0,343.05,37.36,11.06,Medium
MRG-2024-15931,2024-03-14,2024-03-16,Europe,Spain,Consumer,Electronics,Accessories,2,407.01,0.15,691.92,185.45,13.68,Low
MRG-2024-13264,2024-03-14,2024-03-20,North America,Canada,Consumer,Home & Living,Furniture,10,103.67,0.1,933.03,123.89,70.34,Medium
MRG-2024-12697,2024-03-14,2024-03-19,North America,Mexico,Consumer,Home & Living,Decor,3,345.54,0.15,881.13,179.14,33.0,Medium
MRG-2024-13874,2024-03-15,2024-03-18,APAC,Singapore,Consumer,Electronics,Wearables,2,223.79,0.15,380.44,-26.57,12.04,Medium
MRG-2024-10563,2024-03-15,2024-03-19,North America,Mexico,Consumer,Electronics,Wearables,8,213.64,0.2,1367.3,235.72,64.37,Low
MRG-2024-13401,2024-03-15,2024-03-21,Europe,Spain,Home Office,Home & Living,Furniture,8,313.79,0.05,2384.8,464.85,49.97,Low
MRG-2024-14363,2024-03-16,2024-03-24,North America,Canada,Home Office,Apparel,Outerwear,6,56.56,0.0,339.36,38.47,14.25,Low
MRG-2024-13558,2024-03-16,2024-03-20,North America,Mexico,Consumer,Electronics,Wearables,9,299.59,0.0,2696.31,683.87,41.62,Medium
MRG-2024-10217,2024-03-16,2024-03-23,Europe,France,Consumer,Apparel,Accessories,7,428.12,0.15,2547.31,656.71,21.95,Low
MRG-2024-15521,2024-03-17,2024-03-23,North America,Mexico,Home Office,Home & Living,Kitchenware,9,399.48,0.0,3595.32,406.46,46.29,Medium
MRG-2024-11562,2024-03-17,2024-03-20,North America,Mexico,Home Office,Electronics,Accessories,4,30.54,0.0,122.16,35.61,37.17,Medium
MRG-2024-12090,2024-03-17,2024-03-21,North America,United States,Home Office,Apparel,Activewear,4,166.24,0.0,664.96,95.53,19.27,Low
MRG-2024-14410,2024-03-17,2024-03-18,Europe,France,Consumer,Home & Living,Bedding,9,36.02,0.1,291.76,80.17,15.93,High
MRG-2024-15778,2024-03-17,2024-03-24,Europe,Spain,Consumer,Apparel,Activewear,11,275.34,0.15,2574.43,437.04,78.4,Medium
MRG-2024-10094,2024-03-17,2024-03-25,APAC,India,Home Office,Apparel,Activewear,9,345.06,0.0,3105.54,730.4,46.04,Medium
MRG-2024-10354,2024-03-17,2024-03-21,North America,Canada,Consumer,Electronics,Audio,8,261.7,0.0,2093.6,488.3,30.38,Medium
MRG-2024-11259,2024-03-17,2024-03-23,North America,Mexico,Home Office,Electronics,Smart Home,3,307.18,0.1,829.39,25.03,10.94,Low
MRG-2024-10760,2024-03-18,2024-03-24,Europe,United Kingdom,Corporate,Electronics,Audio,5,314.78,0.2,1259.12,212.06,31.98,Medium
MRG-2024-12391,2024-03-18,2024-03-22,Europe,United Kingdom,Consumer,Electronics,Accessories,7,361.78,0.05,2405.84,538.62,46.3,Low
MRG-2024-14023,2024-03-18,2024-03-19,Europe,France,Consumer,Apparel,Outerwear,7,121.16,0.3,593.68,79.4,53.97,Low
MRG-2024-11859,2024-03-19,2024-03-24,APAC,India,Consumer,Electronics,Smart Home,6,120.76,0.0,724.56,257.13,37.59,Low
MRG-2024-15993,2024-03-19,2024-03-20,North America,United States,Corporate,Electronics,Audio,6,179.98,0.2,863.9,217.69,14.99,Medium
MRG-2024-15620,2024-03-19,2024-03-26,North America,Mexico,Corporate,Home & Living,Kitchenware,7,392.21,0.3,1921.83,-288.27,26.4,Medium
MRG-2024-14840,2024-03-19,2024-03-26,North America,Canada,Consumer,Apparel,Outerwear,4,292.7,0.0,1170.8,170.69,11.2,Medium
MRG-2024-10710,2024-03-19,2024-03-26,Europe,France,Consumer,Home & Living,Bedding,11,312.98,0.0,3442.78,907.1,74.95,Medium
MRG-2024-11893,2024-03-19,2024-03-23,APAC,Japan,Consumer,Home & Living,Kitchenware,11,8.25,0.0,90.75,21.24,44.94,Medium
MRG-2024-12346,2024-03-19,2024-03-22,North America,Canada,Consumer,Apparel,Footwear,10,91.07,0.05,865.16,249.84,45.18,Medium
MRG-2024-13432,2024-03-20,2024-03-28,North America,United States,Consumer,Apparel,Footwear,5,240.91,0.3,843.18,-46.55,22.84,High
MRG-2024-12883,2024-03-20,2024-03-24,North America,Mexico,Consumer,Apparel,Accessories,11,190.1,0.1,1881.99,282.01,36.47,Low
MRG-2024-13845,2024-03-20,2024-03-25,Europe,United Kingdom,Corporate,Electronics,Accessories,3,123.38,0.1,333.13,66.67,10.08,Low
MRG-2024-13361,2024-03-20,2024-03-27,North America,Canada,Consumer,Electronics,Accessories,7,387.94,0.0,2715.58,863.03,29.56,Critical
MRG-2024-11297,2024-03-21,2024-03-28,Europe,United Kingdom,Consumer,Apparel,Footwear,10,177.42,0.2,1419.36,65.83,54.41,Medium
MRG-2024-13477,2024-03-21,2024-03-23,North America,United States,Corporate,Apparel,Outerwear,10,193.94,0.0,1939.4,793.57,72.61,High
MRG-2024-14744,2024-03-21,2024-03-28,Europe,France,Corporate,Apparel,Accessories,8,178.51,0.1,1285.27,323.68,21.37,Low
MRG-2024-11820,2024-03-21,2024-03-24,APAC,India,Home Office,Home & Living,Bedding,8,82.41,0.3,461.5,33.43,52.75,Medium
MRG-2024-11162,2024-03-22,2024-03-23,North America,Mexico,Consumer,Electronics,Audio,8,288.43,0.15,1961.32,343.33,51.45,Low
MRG-2024-15163,2024-03-22,2024-03-23,Europe,Germany,Consumer,Apparel,Activewear,2,383.07,0.15,651.22,151.93,11.68,Low
MRG-2024-11460,2024-03-22,2024-03-30,Europe,France,Consumer,Apparel,Footwear,7,254.43,0.0,1781.01,402.89,31.35,Medium
MRG-2024-13880,2024-03-22,2024-03-27,North America,Canada,Consumer,Home & Living,Bedding,5,79.72,0.05,378.67,72.1,44.22,Medium
MRG-2024-13911,2024-03-22,2024-03-24,Europe,Germany,Corporate,Electronics,Audio,7,364.17,0.05,2421.73,656.35,29.68,Low
MRG-2024-11682,2024-03-22,2024-03-27,Europe,Spain,Corporate,Apparel,Footwear,9,366.33,0.05,3132.12,134.14,32.4,Low
MRG-2024-15184,2024-03-22,2024-03-30,North America,Mexico,Consumer,Home & Living,Bedding,1,100.88,0.0,100.88,33.42,15.39,Medium
MRG-2024-13378,2024-03-22,2024-03-30,Europe,Germany,Corporate,Apparel,Accessories,1,94.31,0.0,94.31,33.14,14.0,Low
MRG-2024-15760,2024-03-22,2024-03-29,North America,United States,Corporate,Electronics,Audio,10,422.18,0.0,4221.8,848.31,18.63,High
MRG-2024-13663,2024-03-22,2024-03-29,Europe,Germany,Consumer,Home & Living,Furniture,8,417.59,0.0,3340.72,1290.33,39.9,Medium
MRG-2024-13934,2024-03-22,2024-03-26,Europe,United Kingdom,Consumer,Apparel,Accessories,5,200.98,0.05,954.65,143.19,15.59,High
MRG-2024-11814,2024-03-22,2024-03-30,North America,Mexico,Consumer,Electronics,Audio,3,14.17,0.0,42.51,17.8,14.46,Low
MRG-2024-15407,2024-03-22,2024-03-26,Europe,United Kingdom,Consumer,Home & Living,Bedding,8,90.51,0.2,579.26,63.22,29.27,Low
MRG-2024-15485,2024-03-23,2024-03-26,Europe,Spain,Consumer,Apparel,Footwear,3,143.09,0.0,429.27,164.68,27.29,Medium
MRG-2024-15326,2024-03-23,2024-03-31,Europe,Spain,Consumer,Electronics,Wearables,6,150.48,0.3,632.02,113.19,20.76,High
MRG-2024-13139,2024-03-23,2024-03-27,APAC,Japan,Consumer,Home & Living,Bedding,10,194.9,0.0,1949.0,344.8,52.16,Medium
MRG-2024-14376,2024-03-23,2024-03-31,Europe,United Kingdom,Corporate,Electronics,Wearables,2,57.17,0.15,97.19,12.96,17.61,Low
MRG-2024-14147,2024-03-24,2024-03-26,Europe,France,Corporate,Electronics,Accessories,7,418.04,0.0,2926.28,924.03,9.39,Medium
MRG-2024-10267,2024-03-24,2024-03-30,APAC,Australia,Home Office,Electronics,Smart Home,8,278.04,0.0,2224.32,638.37,20.0,High
MRG-2024-10600,2024-03-24,2024-03-30,Europe,Germany,Consumer,Electronics,Smart Home,9,337.45,0.2,2429.64,641.06,55.36,Medium
MRG-2024-15676,2024-03-24,2024-03-30,North America,Canada,Home Office,Apparel,Accessories,1,301.54,0.1,271.39,45.97,12.89,Low
MRG-2024-14465,2024-03-24,2024-03-27,North America,Canada,Consumer,Electronics,Accessories,11,327.42,0.0,3601.62,329.96,38.78,High
MRG-2024-11529,2024-03-24,2024-03-31,North America,Canada,Consumer,Electronics,Accessories,2,324.38,0.0,648.76,158.68,21.79,Medium
MRG-2024-14394,2024-03-25,2024-03-27,North America,Mexico,Consumer,Home & Living,Furniture,3,189.61,0.0,568.83,174.63,21.5,High
MRG-2024-13500,2024-03-25,2024-03-27,Europe,Germany,Home Office,Electronics,Accessories,9,291.22,0.1,2358.88,603.33,53.39,Low
MRG-2024-12975,2024-03-25,2024-03-27,North America,United States,Home Office,Home & Living,Decor,10,104.03,0.3,728.21,125.34,44.25,Low
MRG-2024-13936,2024-03-25,2024-03-31,APAC,India,Consumer,Apparel,Accessories,8,52.83,0.15,359.24,112.79,22.12,Medium
MRG-2024-13179,2024-03-25,2024-03-28,APAC,Singapore,Corporate,Apparel,Activewear,5,205.06,0.0,1025.3,266.04,27.71,Low
MRG-2024-13629,2024-03-25,2024-04-02,North America,Canada,Home Office,Home & Living,Furniture,3,229.22,0.2,550.13,90.23,27.7,Critical
MRG-2024-11117,2024-03-26,2024-03-27,North America,Canada,Corporate,Electronics,Smart Home,2,72.43,0.3,101.4,-15.21,11.28,Medium
MRG-2024-13618,2024-03-26,2024-04-02,North America,Mexico,Consumer,Apparel,Activewear,11,226.98,0.0,2496.78,556.76,38.32,Low
MRG-2024-12180,2024-03-26,2024-04-02,North America,United States,Consumer,Home & Living,Furniture,7,170.59,0.15,1015.01,251.89,20.65,Low
MRG-2024-13965,2024-03-26,2024-03-27,APAC,Australia,Home Office,Electronics,Wearables,9,176.69,0.0,1590.21,288.87,26.46,Low
MRG-2024-14077,2024-03-26,2024-03-28,North America,United States,Consumer,Apparel,Activewear,1,389.62,0.0,389.62,120.64,14.63,Low
MRG-2024-14750,2024-03-26,2024-03-31,North America,United States,Home Office,Apparel,Activewear,3,261.24,0.2,626.98,92.6,20.57,Medium
MRG-2024-15411,2024-03-27,2024-04-01,Europe,United Kingdom,Consumer,Home & Living,Furniture,3,152.97,0.0,458.91,64.38,14.75,Medium
MRG-2024-11494,2024-03-27,2024-04-03,APAC,Japan,Consumer,Electronics,Audio,4,436.88,0.05,1660.14,130.86,20.36,Medium
MRG-2024-11955,2024-03-27,2024-03-29,APAC,Singapore,Consumer,Home & Living,Bedding,7,347.78,0.15,2069.29,497.73,46.34,Medium
MRG-2024-10433,2024-03-27,2024-03-30,APAC,India,Consumer,Apparel,Accessories,3,287.83,0.0,863.49,124.76,6.25,Low
MRG-2024-10443,2024-03-27,2024-04-02,Europe,United Kingdom,Corporate,Electronics,Accessories,3,138.19,0.1,373.11,-1.96,24.37,High
MRG-2024-10212,2024-03-27,2024-04-02,Europe,Germany,Consumer,Home & Living,Bedding,6,220.77,0.2,1059.7,-63.49,34.35,Low
MRG-2024-13415,2024-03-28,2024-04-01,North America,Canada,Consumer,Home & Living,Furniture,5,359.86,0.0,1799.3,572.6,15.45,Medium
MRG-2024-13527,2024-03-28,2024-04-01,North America,United States,Consumer,Apparel,Outerwear,9,430.32,0.2,3098.3,-34.42,54.01,Low
MRG-2024-13236,2024-03-28,2024-04-05,Europe,United Kingdom,Home Office,Electronics,Accessories,4,180.89,0.3,506.49,21.34,28.42,Low
MRG-2024-12925,2024-03-28,2024-04-01,North America,Mexico,Consumer,Apparel,Outerwear,11,202.97,0.0,2232.67,824.4,53.48,High
MRG-2024-14632,2024-03-28,2024-04-01,APAC,Australia,Consumer,Apparel,Footwear,10,100.13,0.0,1001.3,232.14,49.76,Medium
MRG-2024-10956,2024-03-29,2024-03-31,APAC,India,Corporate,Home & Living,Decor,10,362.85,0.1,3265.65,852.84,53.86,Medium
MRG-2024-14773,2024-03-29,2024-04-06,Europe,France,Home Office,Home & Living,Bedding,2,82.55,0.2,132.08,3.47,16.42,Low
MRG-2024-10572,2024-03-29,2024-03-31,APAC,India,Corporate,Home & Living,Bedding,2,219.73,0.15,373.54,-35.61,20.13,Medium
MRG-2024-10715,2024-03-29,2024-03-31,APAC,Australia,Corporate,Apparel,Footwear,1,297.76,0.3,208.43,-7.37,15.97,Low
MRG-2024-15395,2024-03-29,2024-04-03,Europe,United Kingdom,Consumer,Home & Living,Kitchenware,8,240.86,0.05,1830.54,338.92,46.0,Medium
MRG-2024-10826,2024-03-29,2024-04-06,Europe,United Kingdom,Corporate,Electronics,Smart Home,7,284.49,0.05,1891.86,175.92,18.21,Low
MRG-2024-10914,2024-03-30,2024-04-05,North America,Mexico,Home Office,Apparel,Footwear,1,296.83,0.0,296.83,119.83,7.32,Low
MRG-2024-12100,2024-03-30,2024-04-04,North America,Canada,Corporate,Electronics,Accessories,2,332.97,0.2,532.75,40.91,10.41,Low
MRG-2024-14597,2024-03-30,2024-04-06,Europe,Spain,Corporate,Apparel,Accessories,11,295.33,0.0,3248.63,887.51,39.24,High
MRG-2024-12455,2024-03-30,2024-04-02,APAC,India,Corporate,Electronics,Audio,9,275.74,0.3,1737.16,-75.52,30.7,Critical
MRG-2024-12487,2024-03-31,2024-04-02,Europe,United Kingdom,Consumer,Home & Living,Kitchenware,2,327.75,0.1,589.95,80.95,12.45,Medium
MRG-2024-10752,2024-03-31,2024-04-04,Europe,Germany,Home Office,Apparel,Footwear,2,159.97,0.0,319.94,45.91,15.56,Critical
MRG-2024-14335,2024-03-31,2024-04-01,Europe,France,Corporate,Apparel,Activewear,11,28.26,0.05,295.32,103.08,37.59,Medium
MRG-2024-10801,2024-03-31,2024-04-01,North America,Canada,Corporate,Apparel,Outerwear,11,354.62,0.3,2730.57,-409.59,35.69,Critical
MRG-2024-15333,2024-04-01,2024-04-08,APAC,Japan,Corporate,Electronics,Wearables,7,248.26,0.1,1564.04,105.71,23.25,Medium
MRG-2024-13656,2024-04-01,2024-04-05,Europe,Spain,Corporate,Apparel,Outerwear,5,425.17,0.0,2125.85,857.7,27.22,Medium
MRG-2024-11730,2024-04-01,2024-04-09,Europe,Spain,Consumer,Electronics,Smart Home,4,182.59,0.15,620.81,11.89,35.84,Low
MRG-2024-13315,2024-04-01,2024-04-09,Europe,Germany,Home Office,Home & Living,Kitchenware,9,414.18,0.0,3727.62,961.02,55.69,Medium
MRG-2024-15645,2024-04-01,2024-04-06,North America,Canada,Consumer,Apparel,Footwear,5,17.25,0.0,86.25,20.99,34.73,Critical
MRG-2024-15362,2024-04-01,2024-04-06,Europe,Spain,Corporate,Apparel,Accessories,3,357.52,0.0,1072.56,426.15,23.79,High
MRG-2024-11742,2024-04-01,2024-04-09,Europe,Germany,Consumer,Home & Living,Decor,2,155.02,0.0,310.04,35.57,9.53,Medium
MRG-2024-15885,2024-04-02,2024-04-05,North America,Mexico,Consumer,Electronics,Audio,1,410.94,0.05,390.39,55.82,9.39,Low
MRG-2024-14631,2024-04-02,2024-04-07,North America,United States,Home Office,Apparel,Footwear,7,332.26,0.0,2325.82,945.77,22.95,Critical
MRG-2024-15405,2024-04-03,2024-04-05,North America,Canada,Home Office,Electronics,Smart Home,8,96.02,0.0,768.16,121.96,63.37,Medium
MRG-2024-10490,2024-04-03,2024-04-05,North America,Mexico,Consumer,Apparel,Accessories,5,360.26,0.15,1531.11,103.05,20.03,Medium
MRG-2024-12867,2024-04-03,2024-04-08,Europe,Germany,Consumer,Apparel,Outerwear,5,32.05,0.2,128.2,-4.95,10.68,Medium
MRG-2024-13519,2024-04-03,2024-04-08,APAC,Australia,Consumer,Home & Living,Decor,5,124.93,0.0,624.65,193.32,17.71,Low
MRG-2024-13123,2024-04-03,2024-04-10,North America,Canada,Consumer,Apparel,Accessories,3,60.04,0.3,126.08,-8.86,10.17,Medium
MRG-2024-12453,2024-04-03,2024-04-07,North America,Canada,Consumer,Apparel,Activewear,7,401.71,0.0,2811.97,582.56,45.56,Medium
MRG-2024-10692,2024-04-03,2024-04-11,APAC,Australia,Consumer,Electronics,Audio,8,79.06,0.0,632.48,160.33,12.94,Medium
MRG-2024-11633,2024-04-04,2024-04-06,Europe,France,Consumer,Electronics,Smart Home,8,315.42,0.0,2523.36,206.8,53.8,Low
MRG-2024-11687,2024-04-04,2024-04-09,APAC,Japan,Consumer,Electronics,Accessories,9,86.96,0.2,626.11,44.96,52.03,High
MRG-2024-15137,2024-04-04,2024-04-12,APAC,Singapore,Consumer,Electronics,Wearables,6,387.04,0.0,2322.24,920.5,31.02,Low
MRG-2024-11800,2024-04-04,2024-04-06,APAC,India,Corporate,Electronics,Smart Home,10,299.31,0.2,2394.48,497.8,65.11,Medium
MRG-2024-15914,2024-04-04,2024-04-12,North America,Canada,Consumer,Home & Living,Bedding,7,273.46,0.3,1339.95,-48.12,28.26,High
MRG-2024-14899,2024-04-04,2024-04-07,North America,Canada,Consumer,Apparel,Activewear,6,208.89,0.1,1128.01,111.18,20.69,Low
MRG-2024-11856,2024-04-04,2024-04-08,North America,Mexico,Home Office,Electronics,Smart Home,3,48.21,0.15,122.94,18.15,5.39,Medium
MRG-2024-15029,2024-04-04,2024-04-10,North America,Canada,Corporate,Electronics,Accessories,8,242.01,0.2,1548.86,356.27,37.44,Medium
MRG-2024-12621,2024-04-04,2024-04-11,North America,Mexico,Home Office,Electronics,Smart Home,6,243.44,0.1,1314.58,267.47,14.58,High
MRG-2024-14555,2024-04-04,2024-04-09,APAC,Japan,Consumer,Home & Living,Kitchenware,5,64.16,0.2,256.64,20.34,41.18,High
MRG-2024-10774,2024-04-04,2024-04-12,Europe,Spain,Home Office,Electronics,Wearables,5,367.58,0.2,1470.32,12.02,28.34,Low
MRG-2024-10707,2024-04-04,2024-04-11,APAC,Australia,Consumer,Electronics,Audio,4,27.53,0.1,99.11,26.67,15.01,Medium
MRG-2024-11208,2024-04-04,2024-04-08,North America,Mexico,Corporate,Apparel,Outerwear,4,180.73,0.05,686.77,99.07,26.58,Medium
MRG-2024-15669,2024-04-05,2024-04-09,North America,United States,Corporate,Home & Living,Kitchenware,11,224.82,0.15,2102.07,220.93,59.81,Low
MRG-2024-15126,2024-04-05,2024-04-13,North America,United States,Consumer,Electronics,Accessories,2,25.43,0.05,48.32,6.16,15.96,High
MRG-2024-13668,2024-04-05,2024-04-06,North America,Canada,Consumer,Electronics,Smart Home,9,239.77,0.3,1510.55,-199.07,62.49,Low
MRG-2024-15990,2024-04-05,2024-04-10,Europe,Germany,Consumer,Electronics,Accessories,2,77.58,0.0,155.16,31.13,17.71,Medium
MRG-2024-12749,2024-04-06,2024-04-07,North America,Mexico,Consumer,Home & Living,Furniture,4,26.65,0.15,90.61,-0.41,24.21,Low
MRG-2024-12865,2024-04-07,2024-04-09,APAC,Japan,Consumer,Electronics,Wearables,4,334.2,0.2,1069.44,-73.87,17.19,Medium
MRG-2024-11286,2024-04-07,2024-04-11,Europe,France,Home Office,Apparel,Activewear,5,295.19,0.2,1180.76,-112.09,23.9,High
MRG-2024-10546,2024-04-07,2024-04-15,Europe,United Kingdom,Consumer,Electronics,Wearables,10,255.84,0.2,2046.72,537.22,70.13,Low
MRG-2024-10097,2024-04-07,2024-04-10,North America,Canada,Home Office,Electronics,Audio,5,375.98,0.0,1879.9,263.11,28.25,Medium
MRG-2024-11077,2024-04-07,2024-04-14,North America,United States,Corporate,Home & Living,Kitchenware,4,345.59,0.1,1244.12,54.12,16.68,Medium
MRG-2024-15497,2024-04-07,2024-04-09,Europe,France,Consumer,Apparel,Accessories,6,130.42,0.15,665.14,92.07,12.32,Low
MRG-2024-11545,2024-04-08,2024-04-16,North America,Mexico,Consumer,Home & Living,Bedding,9,362.19,0.0,3259.71,559.65,25.48,Medium
MRG-2024-11130,2024-04-08,2024-04-10,APAC,Japan,Corporate,Apparel,Footwear,5,319.18,0.3,1117.13,5.34,30.06,Medium
MRG-2024-10844,2024-04-08,2024-04-13,APAC,India,Corporate,Electronics,Accessories,5,387.9,0.05,1842.52,70.96,14.66,High
MRG-2024-14641,2024-04-08,2024-04-12,North America,United States,Consumer,Home & Living,Bedding,7,144.87,0.0,1014.09,261.98,51.69,Medium
MRG-2024-13713,2024-04-08,2024-04-14,North America,Mexico,Consumer,Home & Living,Furniture,1,245.36,0.05,233.09,72.25,10.97,Critical
MRG-2024-12212,2024-04-08,2024-04-10,Europe,United Kingdom,Consumer,Electronics,Audio,4,248.61,0.1,895.0,257.53,18.56,Medium
MRG-2024-14751,2024-04-08,2024-04-14,Europe,France,Corporate,Electronics,Smart Home,9,77.07,0.0,693.63,63.66,32.98,High
MRG-2024-10729,2024-04-08,2024-04-16,North America,Canada,Consumer,Home & Living,Furniture,7,303.73,0.1,1913.5,280.41,36.38,Medium
MRG-2024-10528,2024-04-09,2024-04-15,North America,United States,Consumer,Apparel,Activewear,4,38.36,0.0,153.44,22.29,19.34,Medium
MRG-2024-10997,2024-04-09,2024-04-16,North America,Mexico,Corporate,Home & Living,Furniture,8,25.19,0.0,201.52,21.72,11.5,Medium
MRG-2024-15276,2024-04-09,2024-04-11,APAC,India,Consumer,Home & Living,Decor,5,43.47,0.0,217.35,56.73,17.48,Low
MRG-2024-10046,2024-04-09,2024-04-12,Europe,Germany,Consumer,Apparel,Accessories,1,100.4,0.2,80.32,1.0,20.43,Medium
MRG-2024-10893,2024-04-09,2024-04-14,Europe,United Kingdom,Consumer,Electronics,Accessories,4,336.93,0.0,1347.72,322.79,36.36,Low
MRG-2024-14307,2024-04-09,2024-04-11,Europe,United Kingdom,Consumer,Apparel,Footwear,8,412.82,0.1,2972.3,623.17,37.95,Medium
MRG-2024-11719,2024-04-10,2024-04-11,North America,Canada,Consumer,Apparel,Footwear,2,79.37,0.0,158.74,29.03,6.95,Medium
MRG-2024-10935,2024-04-10,2024-04-14,North America,Mexico,Corporate,Home & Living,Kitchenware,8,406.01,0.3,2273.66,-341.05,28.89,Medium
MRG-2024-15310,2024-04-10,2024-04-18,Europe,Germany,Consumer,Home & Living,Decor,5,328.74,0.2,1314.96,23.9,15.62,Medium
MRG-2024-10537,2024-04-10,2024-04-13,Europe,France,Consumer,Home & Living,Bedding,11,366.63,0.1,3629.64,873.67,65.8,Low
MRG-2024-10408,2024-04-10,2024-04-12,APAC,Singapore,Corporate,Home & Living,Decor,6,240.01,0.3,1008.04,170.39,23.36,Medium
MRG-2024-14160,2024-04-10,2024-04-15,North America,United States,Consumer,Apparel,Footwear,2,340.39,0.15,578.66,33.74,9.32,Medium
MRG-2024-10080,2024-04-10,2024-04-11,APAC,Australia,Consumer,Electronics,Smart Home,3,78.86,0.0,236.58,65.92,14.29,Low
MRG-2024-14095,2024-04-11,2024-04-13,Europe,United Kingdom,Consumer,Electronics,Audio,10,248.12,0.0,2481.2,411.34,47.71,Medium
MRG-2024-11453,2024-04-11,2024-04-15,North America,Mexico,Consumer,Home & Living,Bedding,6,242.37,0.0,1454.22,252.52,22.42,Low
MRG-2024-14225,2024-04-11,2024-04-19,Europe,Spain,Corporate,Electronics,Accessories,9,287.45,0.15,2198.99,670.4,56.11,Medium
MRG-2024-13952,2024-04-11,2024-04-19,APAC,Australia,Consumer,Home & Living,Decor,4,188.67,0.3,528.28,12.84,14.09,Medium
MRG-2024-13489,2024-04-11,2024-04-16,North America,Mexico,Home Office,Electronics,Wearables,5,108.75,0.0,543.75,207.36,37.16,Low
MRG-2024-12300,2024-04-11,2024-04-12,APAC,Singapore,Consumer,Apparel,Outerwear,3,377.39,0.15,962.34,21.09,19.95,Medium
MRG-2024-10671,2024-04-11,2024-04-15,APAC,India,Consumer,Electronics,Wearables,3,184.46,0.0,553.38,205.44,9.87,High
MRG-2024-13453,2024-04-11,2024-04-14,North America,United States,Home Office,Electronics,Audio,9,152.07,0.3,958.04,69.76,23.78,Medium
MRG-2024-15292,2024-04-11,2024-04-13,North America,Canada,Corporate,Electronics,Accessories,3,230.89,0.05,658.04,242.87,11.16,High
MRG-2024-14069,2024-04-12,2024-04-20,Europe,Spain,Corporate,Electronics,Audio,10,414.08,0.2,3312.64,475.43,55.33,High
MRG-2024-14253,2024-04-12,2024-04-16,North America,United States,Corporate,Home & Living,Furniture,2,381.12,0.2,609.79,-3.21,21.99,Medium
MRG-2024-10615,2024-04-12,2024-04-16,Europe,United Kingdom,Consumer,Electronics,Wearables,5,430.5,0.0,2152.5,764.3,31.36,Critical
MRG-2024-12709,2024-04-13,2024-04-17,North America,Mexico,Consumer,Apparel,Footwear,6,228.43,0.0,1370.58,292.47,9.05,Medium
MRG-2024-10689,2024-04-13,2024-04-15,APAC,Australia,Consumer,Apparel,Footwear,3,138.86,0.15,354.09,66.26,15.42,Low
MRG-2024-10467,2024-04-13,2024-04-18,APAC,India,Corporate,Apparel,Accessories,4,326.94,0.0,1307.76,200.84,19.25,Medium
MRG-2024-15263,2024-04-13,2024-04-16,Europe,United Kingdom,Corporate,Electronics,Wearables,9,200.02,0.3,1260.13,-189.02,32.35,Low
MRG-2024-10419,2024-04-13,2024-04-16,Europe,Germany,Corporate,Electronics,Wearables,11,185.76,0.05,1941.19,196.73,71.95,Medium
MRG-2024-10929,2024-04-13,2024-04-20,Europe,France,Home Office,Home & Living,Furniture,4,394.67,0.3,1105.08,98.36,20.41,Medium
MRG-2024-13822,2024-04-13,2024-04-17,Europe,United Kingdom,Consumer,Apparel,Footwear,6,176.2,0.0,1057.2,394.21,34.43,Medium
MRG-2024-15695,2024-04-13,2024-04-16,Europe,United Kingdom,Consumer,Home & Living,Furniture,8,379.67,0.05,2885.49,719.79,62.01,High
MRG-2024-13720,2024-04-14,2024-04-19,APAC,India,Consumer,Home & Living,Kitchenware,6,92.25,0.3,387.45,-26.46,31.16,High
MRG-2024-12084,2024-04-14,2024-04-19,Europe,Germany,Consumer,Apparel,Accessories,4,275.27,0.0,1101.08,407.55,27.14,High
MRG-2024-11247,2024-04-14,2024-04-18,North America,Canada,Consumer,Home & Living,Furniture,7,399.73,0.0,2798.11,1153.65,17.59,Medium
MRG-2024-13206,2024-04-14,2024-04-21,North America,Mexico,Corporate,Electronics,Wearables,4,195.61,0.0,782.44,111.72,6.87,Medium
MRG-2024-12846,2024-04-14,2024-04-19,APAC,India,Consumer,Apparel,Accessories,6,283.71,0.0,1702.26,342.21,36.6,Low
MRG-2024-11023,2024-04-15,2024-04-22,North America,Canada,Consumer,Home & Living,Furniture,9,232.01,0.05,1983.69,294.43,21.15,Low
MRG-2024-11211,2024-04-15,2024-04-20,North America,United States,Corporate,Electronics,Wearables,1,218.99,0.1,197.09,51.29,11.91,Medium
MRG-2024-14284,2024-04-15,2024-04-21,North America,United States,Consumer,Home & Living,Kitchenware,2,272.29,0.0,544.58,61.44,19.15,Low
MRG-2024-14450,2024-04-15,2024-04-23,North America,United States,Home Office,Electronics,Wearables,6,384.75,0.15,1962.22,470.08,35.52,High
MRG-2024-13963,2024-04-15,2024-04-19,North America,Mexico,Consumer,Home & Living,Decor,2,181.93,0.0,363.86,102.44,13.21,Low
MRG-2024-13163,2024-04-15,2024-04-23,Europe,United Kingdom,Corporate,Home & Living,Furniture,4,33.36,0.0,133.44,27.7,32.41,High
MRG-2024-13440,2024-04-15,2024-04-19,North America,Canada,Consumer,Apparel,Outerwear,3,355.76,0.0,1067.28,325.19,24.49,Low
MRG-2024-14022,2024-04-16,2024-04-18,APAC,Japan,Consumer,Home & Living,Bedding,10,237.29,0.05,2254.26,156.97,34.11,Medium
MRG-2024-15421,2024-04-16,2024-04-24,APAC,Japan,Corporate,Electronics,Audio,3,319.11,0.1,861.6,165.35,21.79,Low
MRG-2024-13375,2024-04-16,2024-04-23,Europe,Germany,Corporate,Electronics,Wearables,9,160.03,0.3,1008.19,88.54,56.56,Low
MRG-2024-13683,2024-04-16,2024-04-23,North America,Mexico,Consumer,Home & Living,Kitchenware,4,205.17,0.0,820.68,144.11,28.86,Low
MRG-2024-15505,2024-04-16,2024-04-23,North America,United States,Consumer,Electronics,Accessories,5,399.2,0.0,1996.0,214.84,8.4,Medium
MRG-2024-13252,2024-04-16,2024-04-18,North America,Mexico,Corporate,Electronics,Audio,4,257.61,0.0,1030.44,125.02,19.96,Low
MRG-2024-10201,2024-04-17,2024-04-20,North America,United States,Consumer,Apparel,Activewear,2,227.36,0.2,363.78,104.76,9.61,Low
MRG-2024-14876,2024-04-17,2024-04-24,Europe,United Kingdom,Consumer,Apparel,Outerwear,6,206.76,0.3,868.39,56.43,31.36,Low
MRG-2024-14297,2024-04-17,2024-04-23,Europe,France,Consumer,Home & Living,Decor,5,437.47,0.0,2187.35,219.74,9.13,Medium
MRG-2024-15012,2024-04-17,2024-04-22,APAC,Australia,Consumer,Electronics,Audio,5,41.16,0.3,144.06,-10.65,34.61,Medium
MRG-2024-12244,2024-04-17,2024-04-22,Europe,Spain,Consumer,Apparel,Accessories,1,280.44,0.0,280.44,66.01,15.11,Low
MRG-2024-15496,2024-04-17,2024-04-19,North America,Canada,Corporate,Apparel,Footwear,4,234.7,0.2,751.04,91.36,7.87,Low
MRG-2024-12199,2024-04-17,2024-04-25,APAC,India,Consumer,Home & Living,Furniture,9,236.25,0.2,1701.0,44.29,21.35,Medium
MRG-2024-14630,2024-04-17,2024-04-23,Europe,United Kingdom,Consumer,Electronics,Smart Home,8,332.16,0.15,2258.69,504.31,22.46,Medium
MRG-2024-13156,2024-04-18,2024-04-26,APAC,Australia,Consumer,Home & Living,Decor,8,99.6,0.2,637.44,93.19,13.56,Low
MRG-2024-15841,2024-04-18,2024-04-26,North America,Mexico,Consumer,Apparel,Outerwear,11,165.36,0.15,1546.12,340.39,44.99,High
MRG-2024-14549,2024-04-18,2024-04-19,North America,United States,Consumer,Apparel,Footwear,1,22.28,0.0,22.28,8.54,12.13,Medium
MRG-2024-15120,2024-04-18,2024-04-24,APAC,Singapore,Consumer,Home & Living,Kitchenware,5,295.39,0.0,1476.95,540.1,28.02,Medium
MRG-2024-11535,2024-04-18,2024-04-24,APAC,Australia,Consumer,Apparel,Footwear,1,33.4,0.0,33.4,6.68,13.18,Medium
MRG-2024-13522,2024-04-19,2024-04-21,North America,Canada,Consumer,Electronics,Accessories,3,356.98,0.1,963.85,107.55,13.77,Low
MRG-2024-15111,2024-04-19,2024-04-24,North America,Canada,Consumer,Apparel,Footwear,7,126.46,0.3,619.65,6.98,39.95,Low
MRG-2024-12855,2024-04-19,2024-04-27,Europe,United Kingdom,Consumer,Home & Living,Decor,10,330.06,0.05,3135.57,860.29,57.88,Medium
MRG-2024-12931,2024-04-19,2024-04-23,North America,United States,Consumer,Apparel,Outerwear,10,88.94,0.0,889.4,253.14,74.92,High
MRG-2024-13474,2024-04-20,2024-04-28,Europe,Spain,Home Office,Electronics,Accessories,1,338.13,0.1,304.32,38.78,10.76,Medium
MRG-2024-12395,2024-04-20,2024-04-28,Europe,Germany,Consumer,Apparel,Outerwear,5,274.55,0.05,1304.11,59.37,30.31,Low
MRG-2024-13929,2024-04-20,2024-04-28,APAC,India,Consumer,Apparel,Accessories,6,388.34,0.0,2330.04,322.79,8.74,Medium
MRG-2024-11740,2024-04-21,2024-04-22,APAC,Japan,Consumer,Electronics,Wearables,3,212.94,0.05,606.88,167.84,30.56,Low
MRG-2024-15791,2024-04-21,2024-04-28,APAC,Singapore,Consumer,Electronics,Audio,5,68.4,0.05,324.9,117.66,28.66,Medium
MRG-2024-13184,2024-04-21,2024-04-25,North America,Mexico,Home Office,Electronics,Accessories,7,79.04,0.0,553.28,146.1,18.36,Critical
MRG-2024-10482,2024-04-21,2024-04-28,Europe,France,Home Office,Home & Living,Decor,8,209.02,0.3,1170.51,-142.42,25.04,Medium
MRG-2024-15110,2024-04-21,2024-04-24,Europe,Spain,Corporate,Home & Living,Bedding,5,154.53,0.0,772.65,237.3,26.85,Low
MRG-2024-12512,2024-04-21,2024-04-24,North America,Canada,Consumer,Home & Living,Kitchenware,3,317.59,0.0,952.77,227.33,18.28,Low
MRG-2024-12019,2024-04-21,2024-04-29,North America,Canada,Consumer,Apparel,Activewear,7,112.12,0.0,784.84,132.21,46.56,High
MRG-2024-10526,2024-04-21,2024-04-24,North America,Canada,Corporate,Apparel,Accessories,1,24.9,0.3,17.43,-0.8,16.11,Low
MRG-2024-11461,2024-04-22,2024-04-24,North America,Mexico,Home Office,Electronics,Accessories,7,299.28,0.0,2094.96,425.1,55.95,Medium
MRG-2024-14319,2024-04-22,2024-04-27,North America,United States,Consumer,Electronics,Audio,4,98.51,0.2,315.23,-25.03,21.99,High
MRG-2024-15417,2024-04-22,2024-04-26,North America,United States,Home Office,Home & Living,Decor,8,84.9,0.0,679.2,209.48,24.37,Low
MRG-2024-10666,2024-04-23,2024-04-27,North America,Canada,Corporate,Apparel,Activewear,2,207.29,0.2,331.66,5.48,22.33,High
MRG-2024-11449,2024-04-23,2024-04-29,Europe,United Kingdom,Corporate,Apparel,Footwear,8,430.02,0.1,3096.14,1027.5,31.93,Medium
MRG-2024-13484,2024-04-23,2024-04-29,North America,Canada,Consumer,Apparel,Outerwear,6,423.19,0.2,2031.31,-53.76,15.21,Medium
MRG-2024-13847,2024-04-23,2024-04-28,Europe,Germany,Consumer,Electronics,Smart Home,5,107.29,0.15,455.98,-8.1,29.76,Low
MRG-2024-14047,2024-04-23,2024-04-27,Europe,Spain,Home Office,Home & Living,Bedding,11,331.7,0.0,3648.7,436.19,61.57,High
MRG-2024-15801,2024-04-23,2024-04-29,North America,United States,Consumer,Home & Living,Decor,5,314.44,0.1,1414.98,167.05,31.04,Critical
MRG-2024-10240,2024-04-23,2024-04-28,APAC,Singapore,Consumer,Home & Living,Furniture,11,204.81,0.0,2252.91,824.52,31.34,Low
MRG-2024-14103,2024-04-24,2024-05-02,Europe,Spain,Home Office,Electronics,Accessories,10,153.23,0.15,1302.45,101.8,27.28,Low
MRG-2024-15694,2024-04-24,2024-04-26,North America,Canada,Consumer,Home & Living,Furniture,4,293.87,0.0,1175.48,140.53,34.84,Low
MRG-2024-12500,2024-04-24,2024-04-30,Europe,Germany,Consumer,Apparel,Footwear,8,377.46,0.0,3019.68,865.87,43.74,High
MRG-2024-14489,2024-04-24,2024-04-30,Europe,Germany,Corporate,Apparel,Activewear,3,90.15,0.05,256.93,90.28,18.65,Medium
MRG-2024-15769,2024-04-24,2024-04-26,North America,Canada,Consumer,Electronics,Smart Home,9,266.56,0.0,2399.04,805.28,18.4,High
MRG-2024-14452,2024-04-24,2024-04-27,North America,United States,Corporate,Apparel,Accessories,5,92.43,0.0,462.15,140.45,30.69,High
MRG-2024-11126,2024-04-25,2024-04-27,North America,Mexico,Consumer,Home & Living,Furniture,11,140.85,0.0,1549.35,338.12,65.74,Medium
MRG-2024-13884,2024-04-25,2024-04-26,Europe,France,Consumer,Electronics,Accessories,3,233.87,0.1,631.45,197.5,16.42,High
MRG-2024-12503,2024-04-25,2024-04-30,North America,Canada,Consumer,Apparel,Footwear,6,365.26,0.2,1753.25,51.13,25.45,Low
MRG-2024-11899,2024-04-25,2024-05-03,APAC,India,Consumer,Electronics,Audio,9,341.6,0.15,2613.24,-0.21,24.41,Medium
MRG-2024-15185,2024-04-25,2024-04-26,North America,Canada,Consumer,Electronics,Smart Home,2,438.4,0.0,876.8,345.82,5.93,High
MRG-2024-15925,2024-04-25,2024-04-30,North America,Canada,Home Office,Apparel,Outerwear,9,220.21,0.15,1684.61,-72.44,65.04,Low
MRG-2024-11879,2024-04-26,2024-04-28,North America,United States,Consumer,Apparel,Footwear,6,133.23,0.05,759.41,34.51,33.3,Low
MRG-2024-14037,2024-04-26,2024-05-01,Europe,United Kingdom,Consumer,Apparel,Activewear,5,265.58,0.1,1195.11,183.17,26.76,Low
MRG-2024-13844,2024-04-26,2024-04-30,North America,United States,Corporate,Electronics,Wearables,6,323.67,0.0,1942.02,294.36,20.35,Medium
MRG-2024-10295,2024-04-26,2024-05-04,North America,United States,Consumer,Electronics,Accessories,1,294.4,0.15,250.24,-14.82,17.58,Low
MRG-2024-13700,2024-04-27,2024-05-02,Europe,Germany,Corporate,Home & Living,Bedding,10,42.39,0.15,360.31,58.96,59.8,High
MRG-2024-11471,2024-04-27,2024-04-28,North America,Canada,Consumer,Apparel,Footwear,4,333.73,0.2,1067.94,92.58,30.64,Medium
MRG-2024-15507,2024-04-27,2024-05-01,Europe,Spain,Corporate,Apparel,Footwear,10,295.56,0.0,2955.6,1035.85,19.75,Medium
MRG-2024-11542,2024-04-27,2024-05-05,APAC,Australia,Consumer,Home & Living,Bedding,6,247.19,0.0,1483.14,483.5,42.98,Medium
MRG-2024-15477,2024-04-27,2024-05-05,Europe,France,Consumer,Apparel,Footwear,4,9.66,0.2,30.91,-3.58,15.0,Low
MRG-2024-11656,2024-04-27,2024-05-04,APAC,Japan,Consumer,Home & Living,Kitchenware,7,194.93,0.2,1091.61,99.43,14.58,Low
MRG-2024-14232,2024-04-27,2024-04-28,APAC,Singapore,Corporate,Apparel,Activewear,10,143.17,0.1,1288.53,444.86,32.46,Low
MRG-2024-13046,2024-04-27,2024-05-01,North America,United States,Corporate,Electronics,Accessories,10,108.01,0.0,1080.1,377.39,44.61,High
MRG-2024-15666,2024-04-28,2024-05-06,North America,Canada,Home Office,Apparel,Footwear,11,162.65,0.0,1789.15,330.48,35.1,High
MRG-2024-11315,2024-04-28,2024-05-03,Europe,France,Corporate,Home & Living,Kitchenware,9,193.99,0.0,1745.91,606.33,56.5,Low
MRG-2024-14616,2024-04-28,2024-05-04,North America,Canada,Corporate,Apparel,Activewear,1,397.35,0.05,377.48,143.57,8.44,Medium
MRG-2024-14763,2024-04-28,2024-04-29,APAC,India,Consumer,Apparel,Activewear,4,269.43,0.3,754.4,68.22,30.05,High
MRG-2024-12911,2024-04-28,2024-05-04,North America,Mexico,Consumer,Home & Living,Kitchenware,10,427.07,0.0,4270.7,622.7,22.45,Critical
MRG-2024-15696,2024-04-28,2024-05-01,Europe,Germany,Consumer,Electronics,Accessories,1,422.65,0.1,380.38,28.66,10.21,High
MRG-2024-13899,2024-04-28,2024-05-05,North America,United States,Corporate,Apparel,Activewear,8,413.42,0.15,2811.26,23.41,46.67,Low
MRG-2024-10775,2024-04-29,2024-05-02,North America,Mexico,Consumer,Home & Living,Bedding,3,338.34,0.2,812.02,12.09,9.0,Low
MRG-2024-15930,2024-04-29,2024-05-03,North America,Mexico,Consumer,Electronics,Wearables,8,89.14,0.0,713.12,197.57,27.73,High
MRG-2024-12578,2024-04-29,2024-05-06,North America,Mexico,Consumer,Electronics,Accessories,11,109.82,0.0,1208.02,372.5,45.03,High
MRG-2024-14484,2024-04-29,2024-05-05,North America,United States,Home Office,Electronics,Wearables,5,60.96,0.2,243.84,25.37,30.72,Low
MRG-2024-12554,2024-04-29,2024-04-30,Europe,Germany,Consumer,Home & Living,Kitchenware,6,258.31,0.15,1317.38,82.36,47.68,Low
MRG-2024-15242,2024-04-29,2024-05-05,North America,Canada,Consumer,Home & Living,Furniture,11,73.57,0.3,566.49,31.4,47.02,Medium
MRG-2024-13293,2024-04-29,2024-05-05,APAC,Japan,Consumer,Electronics,Audio,6,86.72,0.0,520.32,97.93,18.97,Critical
MRG-2024-13630,2024-04-29,2024-04-30,North America,Mexico,Corporate,Apparel,Footwear,5,32.54,0.15,138.29,23.36,41.63,Critical
MRG-2024-15368,2024-04-29,2024-05-07,Europe,Spain,Consumer,Apparel,Footwear,2,302.47,0.15,514.2,13.44,19.88,Low
MRG-2024-10303,2024-04-29,2024-05-05,Europe,United Kingdom,Consumer,Electronics,Wearables,4,9.1,0.1,32.76,9.12,18.76,Medium
MRG-2024-12965,2024-04-30,2024-05-02,North America,Mexico,Consumer,Apparel,Activewear,7,224.3,0.0,1570.1,573.77,16.37,High
MRG-2024-12777,2024-04-30,2024-05-08,Europe,Spain,Home Office,Electronics,Wearables,8,41.58,0.15,282.74,0.86,35.93,Low
MRG-2024-11630,2024-04-30,2024-05-07,North America,Mexico,Consumer,Home & Living,Decor,4,382.18,0.0,1528.72,133.7,26.17,Medium
MRG-2024-13867,2024-05-01,2024-05-08,Europe,Spain,Consumer,Home & Living,Kitchenware,7,337.42,0.0,2361.94,661.97,50.38,High
MRG-2024-14712,2024-05-01,2024-05-06,North America,Canada,Corporate,Apparel,Footwear,2,106.74,0.0,213.48,38.52,11.02,Medium
MRG-2024-12200,2024-05-01,2024-05-06,Europe,France,Consumer,Apparel,Accessories,9,353.28,0.1,2861.57,618.11,66.02,Low
MRG-2024-13507,2024-05-01,2024-05-09,North America,Canada,Corporate,Electronics,Accessories,8,318.22,0.3,1782.03,313.78,49.53,High
MRG-2024-15352,2024-05-01,2024-05-03,North America,United States,Consumer,Electronics,Smart Home,4,25.94,0.0,103.76,9.78,26.38,High
MRG-2024-13134,2024-05-01,2024-05-07,APAC,Japan,Corporate,Apparel,Outerwear,6,395.48,0.15,2016.95,360.22,25.11,Critical
MRG-2024-10704,2024-05-02,2024-05-08,Europe,United Kingdom,Home Office,Home & Living,Decor,2,338.93,0.0,677.86,215.37,17.48,Low
MRG-2024-13863,2024-05-02,2024-05-03,Europe,Germany,Consumer,Apparel,Activewear,7,432.56,0.0,3027.92,881.2,23.02,Low
MRG-2024-12702,2024-05-02,2024-05-05,North America,Canada,Consumer,Apparel,Footwear,8,163.38,0.2,1045.63,56.31,18.86,Medium
MRG-2024-13221,2024-05-03,2024-05-06,Europe,Germany,Consumer,Home & Living,Decor,3,35.36,0.0,106.08,8.61,15.98,Medium
MRG-2024-10002,2024-05-03,2024-05-08,Europe,Spain,Consumer,Electronics,Audio,2,309.91,0.3,433.87,82.67,13.93,Low
MRG-2024-15334,2024-05-04,2024-05-10,North America,Mexico,Corporate,Apparel,Footwear,11,30.13,0.2,265.14,-10.18,26.14,Medium
MRG-2024-10265,2024-05-04,2024-05-12,APAC,India,Consumer,Apparel,Outerwear,1,279.66,0.2,223.73,13.88,6.47,Medium
MRG-2024-10650,2024-05-04,2024-05-09,North America,Canada,Consumer,Home & Living,Decor,6,413.04,0.0,2478.24,846.07,37.27,High
MRG-2024-15440,2024-05-04,2024-05-07,North America,Mexico,Consumer,Electronics,Accessories,10,192.68,0.15,1637.78,106.72,68.7,High
MRG-2024-11581,2024-05-04,2024-05-10,Europe,United Kingdom,Consumer,Electronics,Audio,2,245.91,0.1,442.64,109.4,7.66,Medium
MRG-2024-13495,2024-05-04,2024-05-07,Europe,France,Consumer,Apparel,Footwear,9,249.94,0.0,2249.46,318.13,18.73,Medium
MRG-2024-13186,2024-05-04,2024-05-05,Europe,Spain,Consumer,Home & Living,Bedding,9,200.54,0.15,1534.13,3.97,44.59,High
MRG-2024-10843,2024-05-05,2024-05-09,North America,Mexico,Consumer,Home & Living,Furniture,4,58.96,0.0,235.84,97.28,13.85,Low
MRG-2024-15256,2024-05-05,2024-05-10,North America,Mexico,Consumer,Home & Living,Furniture,5,182.79,0.2,731.16,84.42,36.97,High
MRG-2024-12792,2024-05-05,2024-05-09,North America,Canada,Home Office,Electronics,Audio,4,110.3,0.0,441.2,110.59,33.9,Low
MRG-2024-12350,2024-05-05,2024-05-12,Europe,Spain,Consumer,Home & Living,Furniture,9,226.86,0.0,2041.74,854.45,25.1,Medium
MRG-2024-14673,2024-05-05,2024-05-09,APAC,India,Corporate,Electronics,Audio,6,332.65,0.1,1796.31,345.44,19.81,Medium
MRG-2024-13409,2024-05-05,2024-05-07,North America,Canada,Consumer,Apparel,Accessories,4,123.06,0.3,344.57,-32.58,38.79,High
MRG-2024-14909,2024-05-05,2024-05-13,North America,United States,Corporate,Electronics,Smart Home,8,437.54,0.3,2450.22,139.67,34.88,Low
MRG-2024-15535,2024-05-05,2024-05-07,Europe,Germany,Corporate,Apparel,Activewear,2,417.33,0.2,667.73,-29.64,18.54,Low
MRG-2024-15534,2024-05-05,2024-05-07,North America,Canada,Home Office,Electronics,Smart Home,3,75.41,0.0,226.23,90.29,9.99,High
MRG-2024-13603,2024-05-06,2024-05-13,Europe,United Kingdom,Consumer,Electronics,Wearables,1,367.73,0.0,367.73,123.89,15.86,High
MRG-2024-10900,2024-05-06,2024-05-11,North America,United States,Corporate,Apparel,Accessories,8,222.5,0.0,1780.0,550.39,52.97,Medium
MRG-2024-14529,2024-05-06,2024-05-11,APAC,Singapore,Consumer,Home & Living,Decor,4,227.82,0.0,911.28,196.29,21.22,Medium
MRG-2024-15432,2024-05-06,2024-05-09,North America,Canada,Consumer,Electronics,Audio,7,338.73,0.0,2371.11,351.93,21.05,Medium
MRG-2024-12735,2024-05-06,2024-05-14,APAC,Singapore,Home Office,Electronics,Wearables,8,241.93,0.0,1935.44,405.89,36.89,High
MRG-2024-10262,2024-05-06,2024-05-11,North America,Mexico,Home Office,Electronics,Smart Home,4,111.73,0.05,424.57,123.46,22.3,Low
MRG-2024-10961,2024-05-06,2024-05-09,APAC,Japan,Corporate,Home & Living,Decor,1,421.67,0.0,421.67,45.43,9.08,Low
MRG-2024-15755,2024-05-06,2024-05-07,North America,United States,Consumer,Apparel,Activewear,9,157.64,0.0,1418.76,117.17,28.66,Medium
MRG-2024-10064,2024-05-06,2024-05-09,North America,United States,Consumer,Home & Living,Decor,2,389.34,0.0,778.68,196.83,13.0,Low
MRG-2024-14163,2024-05-07,2024-05-08,North America,United States,Corporate,Electronics,Smart Home,8,48.06,0.2,307.58,-8.6,34.32,Medium
MRG-2024-13634,2024-05-07,2024-05-13,Europe,France,Corporate,Apparel,Accessories,7,69.9,0.0,489.3,128.53,40.97,Medium
MRG-2024-14572,2024-05-07,2024-05-13,Europe,Germany,Corporate,Home & Living,Kitchenware,5,40.83,0.1,183.74,7.46,38.54,Low
MRG-2024-10089,2024-05-07,2024-05-15,Europe,United Kingdom,Consumer,Apparel,Footwear,5,256.32,0.05,1217.52,343.24,37.3,Medium
MRG-2024-11269,2024-05-08,2024-05-10,North America,United States,Consumer,Home & Living,Kitchenware,7,326.9,0.15,1945.06,470.5,56.1,Medium
MRG-2024-12509,2024-05-08,2024-05-12,North America,Canada,Consumer,Apparel,Outerwear,9,121.55,0.1,984.56,178.21,68.03,Medium
MRG-2024-15265,2024-05-08,2024-05-14,APAC,Singapore,Consumer,Home & Living,Furniture,11,306.44,0.05,3202.3,439.63,64.3,Low
MRG-2024-13211,2024-05-09,2024-05-17,North America,Canada,Home Office,Home & Living,Decor,5,385.64,0.2,1542.56,388.46,24.32,Medium
MRG-2024-14201,2024-05-09,2024-05-17,Europe,Spain,Corporate,Electronics,Audio,1,262.88,0.15,223.45,-18.52,15.72,High
MRG-2024-14066,2024-05-09,2024-05-12,Europe,United Kingdom,Consumer,Electronics,Accessories,4,354.78,0.0,1419.12,377.13,33.69,High
MRG-2024-12119,2024-05-10,2024-05-12,Europe,United Kingdom,Consumer,Apparel,Footwear,9,93.97,0.2,676.58,-52.47,21.04,Low
MRG-2024-10892,2024-05-10,2024-05-11,APAC,Japan,Home Office,Home & Living,Bedding,3,140.98,0.2,338.35,33.85,20.82,Low
MRG-2024-15170,2024-05-10,2024-05-17,Europe,Spain,Home Office,Electronics,Wearables,6,358.12,0.3,1504.1,160.49,18.65,Medium
MRG-2024-15321,2024-05-11,2024-05-17,Europe,United Kingdom,Corporate,Electronics,Accessories,6,234.8,0.0,1408.8,485.75,42.72,Low
MRG-2024-12629,2024-05-11,2024-05-19,APAC,Japan,Home Office,Apparel,Accessories,11,11.82,0.0,130.02,11.09,72.15,Medium
MRG-2024-12370,2024-05-11,2024-05-17,North America,Mexico,Corporate,Home & Living,Decor,9,153.91,0.3,969.63,-122.58,32.82,Critical
MRG-2024-13085,2024-05-11,2024-05-19,Europe,Germany,Home Office,Apparel,Accessories,1,288.82,0.15,245.5,5.17,10.05,Medium
MRG-2024-10400,2024-05-12,2024-05-18,APAC,Singapore,Corporate,Home & Living,Bedding,4,386.86,0.3,1083.21,-162.48,28.85,Medium
MRG-2024-14481,2024-05-12,2024-05-18,North America,Canada,Home Office,Home & Living,Bedding,8,10.93,0.15,74.32,18.42,15.31,Low
MRG-2024-11601,2024-05-12,2024-05-13,APAC,Australia,Consumer,Apparel,Accessories,4,358.6,0.15,1219.24,-68.88,14.83,Low
MRG-2024-12830,2024-05-12,2024-05-13,North America,Mexico,Consumer,Home & Living,Bedding,6,90.62,0.0,543.72,84.38,42.16,High
MRG-2024-10378,2024-05-12,2024-05-18,Europe,Spain,Consumer,Home & Living,Bedding,8,30.96,0.05,235.3,60.43,29.03,Low
MRG-2024-11249,2024-05-12,2024-05-20,North America,Canada,Home Office,Electronics,Audio,8,290.41,0.3,1626.3,-240.58,16.18,High
MRG-2024-13796,2024-05-13,2024-05-21,Europe,France,Home Office,Apparel,Outerwear,1,100.77,0.0,100.77,17.87,16.05,Medium
MRG-2024-15625,2024-05-13,2024-05-14,Europe,Germany,Consumer,Electronics,Smart Home,3,263.48,0.2,632.35,196.96,16.94,Medium
MRG-2024-10855,2024-05-13,2024-05-14,Europe,United Kingdom,Consumer,Electronics,Wearables,1,434.58,0.2,347.66,53.04,12.16,Medium
MRG-2024-12909,2024-05-13,2024-05-14,North America,Mexico,Consumer,Home & Living,Bedding,7,398.27,0.3,1951.52,-23.15,17.97,Low
MRG-2024-12525,2024-05-13,2024-05-21,North America,Canada,Corporate,Home & Living,Furniture,10,138.46,0.05,1315.37,480.5,61.07,Medium
MRG-2024-14921,2024-05-13,2024-05-15,Europe,Germany,Home Office,Electronics,Smart Home,9,442.39,0.3,2787.06,72.68,16.33,Critical
MRG-2024-11087,2024-05-13,2024-05-21,North America,United States,Consumer,Apparel,Footwear,7,231.95,0.15,1380.1,308.98,10.45,Low
MRG-2024-10130,2024-05-14,2024-05-21,APAC,Singapore,Consumer,Electronics,Smart Home,8,432.58,0.15,2941.54,189.01,41.04,Medium
MRG-2024-10682,2024-05-14,2024-05-18,North America,Canada,Consumer,Apparel,Footwear,3,318.81,0.0,956.43,349.59,16.06,Low
MRG-2024-11015,2024-05-14,2024-05-16,Europe,Germany,Consumer,Apparel,Accessories,3,169.04,0.1,456.41,62.0,31.75,High
MRG-2024-13604,2024-05-14,2024-05-17,Europe,Germany,Consumer,Home & Living,Kitchenware,6,405.05,0.1,2187.27,660.14,49.48,Low
MRG-2024-10834,2024-05-14,2024-05-16,APAC,Australia,Consumer,Apparel,Accessories,2,160.9,0.15,273.53,36.47,14.8,Medium
MRG-2024-11714,2024-05-14,2024-05-20,Europe,United Kingdom,Consumer,Apparel,Outerwear,10,411.99,0.0,4119.9,753.79,59.88,Low
MRG-2024-14757,2024-05-14,2024-05-18,APAC,Australia,Consumer,Home & Living,Bedding,5,285.19,0.0,1425.95,534.75,24.08,Medium
MRG-2024-12190,2024-05-15,2024-05-23,North America,Mexico,Home Office,Electronics,Smart Home,2,17.79,0.0,35.58,12.69,14.1,Low
MRG-2024-14945,2024-05-15,2024-05-23,Europe,Spain,Consumer,Electronics,Audio,8,330.66,0.1,2380.75,755.79,20.6,Medium
MRG-2024-11492,2024-05-15,2024-05-16,Europe,Spain,Corporate,Electronics,Accessories,1,325.24,0.3,227.67,-17.9,8.92,Medium
MRG-2024-12782,2024-05-15,2024-05-21,North America,Canada,Home Office,Electronics,Smart Home,4,245.13,0.1,882.47,147.34,34.62,High
MRG-2024-12608,2024-05-16,2024-05-24,North America,Canada,Corporate,Home & Living,Bedding,7,437.98,0.1,2759.27,327.12,47.98,Medium
MRG-2024-12845,2024-05-16,2024-05-19,Europe,United Kingdom,Consumer,Electronics,Smart Home,9,118.99,0.1,963.82,134.81,26.14,Medium
MRG-2024-13411,2024-05-16,2024-05-20,North America,Mexico,Home Office,Home & Living,Decor,4,131.08,0.0,524.32,95.31,23.57,High
MRG-2024-10249,2024-05-16,2024-05-20,North America,Mexico,Consumer,Apparel,Activewear,3,282.68,0.0,848.04,199.82,10.21,High
MRG-2024-15658,2024-05-16,2024-05-17,North America,United States,Consumer,Electronics,Accessories,2,135.36,0.0,270.72,113.37,19.09,Low
MRG-2024-11505,2024-05-16,2024-05-22,APAC,Singapore,Consumer,Electronics,Audio,10,232.11,0.3,1624.77,132.33,27.12,Low
MRG-2024-11546,2024-05-17,2024-05-23,North America,United States,Consumer,Apparel,Activewear,6,105.71,0.05,602.55,53.14,22.26,Critical
MRG-2024-10035,2024-05-17,2024-05-25,North America,Canada,Consumer,Electronics,Audio,1,449.6,0.0,449.6,137.73,14.98,High
MRG-2024-14875,2024-05-17,2024-05-18,North America,United States,Consumer,Apparel,Accessories,11,332.17,0.05,3471.18,728.62,67.75,Medium
MRG-2024-14447,2024-05-17,2024-05-19,APAC,Singapore,Corporate,Home & Living,Kitchenware,10,423.25,0.0,4232.5,1743.64,31.44,Low
MRG-2024-12724,2024-05-17,2024-05-25,APAC,Singapore,Consumer,Home & Living,Kitchenware,10,379.44,0.05,3604.68,1000.38,23.1,Medium
MRG-2024-11677,2024-05-18,2024-05-21,Europe,Germany,Consumer,Home & Living,Bedding,9,270.28,0.2,1946.02,-51.8,26.96,Low
MRG-2024-15525,2024-05-18,2024-05-20,North America,United States,Consumer,Electronics,Accessories,9,428.48,0.2,3085.06,241.9,40.85,Medium
MRG-2024-12841,2024-05-18,2024-05-20,North America,Mexico,Consumer,Home & Living,Kitchenware,9,57.74,0.0,519.66,78.69,60.18,Medium
MRG-2024-15046,2024-05-18,2024-05-24,North America,Canada,Consumer,Apparel,Activewear,11,118.97,0.05,1243.24,353.73,67.37,Critical
MRG-2024-12731,2024-05-19,2024-05-22,North America,United States,Consumer,Electronics,Audio,6,58.25,0.0,349.5,93.42,46.17,Low
MRG-2024-14509,2024-05-19,2024-05-26,North America,Mexico,Consumer,Apparel,Activewear,3,351.59,0.15,896.55,252.54,19.71,Low
MRG-2024-12642,2024-05-19,2024-05-25,APAC,India,Home Office,Apparel,Activewear,6,54.5,0.15,277.95,59.32,41.98,Medium
MRG-2024-11335,2024-05-19,2024-05-23,Europe,United Kingdom,Consumer,Apparel,Activewear,11,136.28,0.15,1274.22,306.66,64.25,Low
MRG-2024-13831,2024-05-19,2024-05-21,Europe,Spain,Consumer,Home & Living,Furniture,2,229.0,0.05,435.1,44.89,7.77,High
MRG-2024-13131,2024-05-20,2024-05-26,Europe,Spain,Corporate,Apparel,Accessories,5,226.0,0.05,1073.5,163.36,15.05,Medium
MRG-2024-12567,2024-05-20,2024-05-23,Europe,Germany,Consumer,Electronics,Wearables,4,193.68,0.2,619.78,135.48,26.21,Medium
MRG-2024-10119,2024-05-20,2024-05-28,North America,United States,Consumer,Apparel,Accessories,5,43.68,0.3,152.88,-4.8,29.65,High
MRG-2024-15853,2024-05-20,2024-05-21,North America,Mexico,Corporate,Apparel,Outerwear,2,387.69,0.0,775.38,155.22,20.3,Medium
MRG-2024-15670,2024-05-20,2024-05-22,APAC,Japan,Consumer,Apparel,Accessories,3,356.52,0.3,748.69,-51.72,14.33,Medium
MRG-2024-13060,2024-05-21,2024-05-27,Europe,France,Consumer,Home & Living,Decor,10,63.79,0.2,510.32,108.99,44.68,Medium
MRG-2024-15827,2024-05-21,2024-05-25,Europe,Spain,Consumer,Apparel,Outerwear,4,136.91,0.05,520.26,123.81,31.93,Low
MRG-2024-14409,2024-05-21,2024-05-24,APAC,Japan,Home Office,Home & Living,Furniture,3,432.77,0.05,1233.39,295.11,21.43,Medium
MRG-2024-15071,2024-05-21,2024-05-23,APAC,Australia,Consumer,Home & Living,Decor,7,366.79,0.3,1797.27,215.47,37.19,Medium
MRG-2024-10010,2024-05-22,2024-05-24,Europe,Spain,Consumer,Home & Living,Kitchenware,7,295.23,0.15,1756.62,249.45,31.6,Medium
MRG-2024-15353,2024-05-22,2024-05-25,North America,Canada,Consumer,Electronics,Smart Home,11,118.55,0.3,912.83,15.04,55.01,Low
MRG-2024-13623,2024-05-22,2024-05-26,APAC,India,Home Office,Home & Living,Furniture,10,176.84,0.1,1591.56,323.44,49.06,Medium
MRG-2024-11964,2024-05-22,2024-05-24,Europe,Spain,Consumer,Apparel,Footwear,6,20.31,0.0,121.86,25.93,19.38,Low
MRG-2024-10602,2024-05-22,2024-05-23,North America,Canada,Consumer,Apparel,Outerwear,4,438.84,0.15,1492.06,284.36,29.46,High
MRG-2024-14733,2024-05-23,2024-05-26,North America,Canada,Home Office,Electronics,Smart Home,10,422.02,0.2,3376.16,-233.66,56.13,Low
MRG-2024-12073,2024-05-23,2024-05-28,Europe,Germany,Home Office,Home & Living,Kitchenware,5,132.71,0.1,597.19,7.09,14.1,Low
MRG-2024-12158,2024-05-23,2024-05-25,North America,Canada,Corporate,Electronics,Accessories,9,65.27,0.3,411.2,14.36,25.21,Low
MRG-2024-10822,2024-05-23,2024-05-30,Europe,France,Consumer,Apparel,Outerwear,7,438.24,0.05,2914.3,157.39,26.56,Low
MRG-2024-12014,2024-05-23,2024-05-24,North America,Canada,Consumer,Apparel,Accessories,4,311.44,0.15,1058.9,236.52,28.24,Low
MRG-2024-14120,2024-05-23,2024-05-28,North America,Canada,Consumer,Apparel,Footwear,2,401.34,0.2,642.14,139.89,12.25,Low
MRG-2024-13348,2024-05-24,2024-05-28,APAC,Australia,Corporate,Home & Living,Furniture,4,52.79,0.2,168.93,34.5,15.76,High
MRG-2024-13644,2024-05-24,2024-05-26,APAC,India,Consumer,Home & Living,Furniture,2,156.58,0.3,219.21,28.63,14.26,Medium
MRG-2024-12313,2024-05-24,2024-06-01,Europe,Germany,Consumer,Electronics,Audio,6,100.55,0.2,482.64,68.77,20.71,Low
MRG-2024-14169,2024-05-24,2024-05-27,Europe,France,Consumer,Apparel,Footwear,8,347.72,0.0,2781.76,879.84,30.31,Medium
MRG-2024-15945,2024-05-24,2024-05-30,North America,United States,Consumer,Home & Living,Furniture,9,261.83,0.2,1885.18,21.11,53.89,Low
MRG-2024-14464,2024-05-24,2024-05-27,North America,United States,Home Office,Apparel,Outerwear,11,157.52,0.05,1646.08,532.11,76.31,Low
MRG-2024-12677,2024-05-25,2024-06-02,North America,Canada,Corporate,Electronics,Audio,8,317.08,0.05,2409.81,117.65,45.61,Critical
MRG-2024-13410,2024-05-25,2024-05-28,APAC,Japan,Consumer,Home & Living,Kitchenware,11,416.6,0.05,4353.47,1172.62,60.58,Low
MRG-2024-14321,2024-05-25,2024-06-02,North America,United States,Corporate,Home & Living,Decor,8,245.82,0.2,1573.25,228.59,18.7,Low
MRG-2024-12896,2024-05-25,2024-05-31,Europe,Germany,Corporate,Apparel,Outerwear,11,190.01,0.15,1776.59,447.13,64.5,Critical
MRG-2024-12741,2024-05-25,2024-06-01,APAC,India,Consumer,Home & Living,Furniture,6,86.22,0.15,439.72,120.75,15.84,Medium
MRG-2024-12964,2024-05-25,2024-05-29,APAC,India,Consumer,Electronics,Wearables,8,309.29,0.2,1979.46,323.69,31.85,Medium
MRG-2024-14960,2024-05-25,2024-05-30,North America,Mexico,Home Office,Home & Living,Bedding,9,53.94,0.2,388.37,81.94,48.7,Medium
MRG-2024-10012,2024-05-26,2024-05-28,North America,Mexico,Consumer,Apparel,Footwear,7,217.28,0.2,1216.77,24.14,25.39,High
MRG-2024-13365,2024-05-26,2024-05-30,North America,United States,Corporate,Home & Living,Kitchenware,1,409.25,0.3,286.47,-16.91,13.29,High
MRG-2024-13194,2024-05-26,2024-06-03,North America,Mexico,Corporate,Apparel,Footwear,2,107.58,0.1,193.64,61.5,13.38,Medium
MRG-2024-12456,2024-05-26,2024-06-02,Europe,Germany,Consumer,Home & Living,Bedding,1,125.1,0.1,112.59,8.68,20.22,High
MRG-2024-15587,2024-05-26,2024-05-28,Europe,France,Corporate,Home & Living,Kitchenware,5,420.09,0.0,2100.45,430.99,12.82,Low
MRG-2024-12585,2024-05-26,2024-06-01,Europe,France,Consumer,Apparel,Activewear,10,19.08,0.3,133.56,-20.03,23.55,Medium
MRG-2024-10302,2024-05-27,2024-05-29,Europe,Germany,Corporate,Electronics,Wearables,11,257.42,0.0,2831.62,905.5,55.2,High
MRG-2024-15273,2024-05-27,2024-06-02,North America,United States,Consumer,Home & Living,Furniture,6,308.42,0.1,1665.47,114.8,35.58,Medium
MRG-2024-13798,2024-05-27,2024-05-30,Europe,Spain,Consumer,Home & Living,Decor,4,389.27,0.2,1245.66,-25.89,10.24,Low
MRG-2024-11010,2024-05-27,2024-06-04,North America,United States,Consumer,Apparel,Outerwear,9,160.7,0.15,1229.36,181.68,27.37,Low
MRG-2024-12552,2024-05-27,2024-06-03,North America,United States,Consumer,Electronics,Wearables,10,120.38,0.0,1203.8,463.91,63.16,Medium
MRG-2024-12513,2024-05-27,2024-06-01,APAC,Australia,Consumer,Home & Living,Bedding,11,105.54,0.2,928.75,175.17,13.76,Medium
MRG-2024-10800,2024-05-28,2024-06-04,APAC,Australia,Consumer,Electronics,Wearables,10,284.62,0.3,1992.34,-284.9,68.84,Low
MRG-2024-10561,2024-05-28,2024-06-03,North America,Canada,Corporate,Apparel,Footwear,2,233.61,0.15,397.14,88.86,21.32,Medium
MRG-2024-10368,2024-05-28,2024-06-04,Europe,France,Consumer,Electronics,Audio,10,245.35,0.15,2085.47,384.29,43.76,Medium
MRG-2024-11949,2024-05-28,2024-06-04,North America,Mexico,Consumer,Electronics,Smart Home,1,275.94,0.0,275.94,61.63,16.02,Low
MRG-2024-13535,2024-05-28,2024-05-29,North America,Mexico,Consumer,Home & Living,Furniture,6,38.32,0.15,195.43,42.66,26.84,Critical
MRG-2024-11854,2024-05-29,2024-06-05,Europe,Germany,Consumer,Apparel,Outerwear,7,354.2,0.2,1983.52,10.5,24.06,High
MRG-2024-11144,2024-05-29,2024-06-04,North America,Canada,Consumer,Home & Living,Bedding,3,373.81,0.0,1121.43,198.49,11.49,Low
MRG-2024-10107,2024-05-29,2024-06-04,Europe,Germany,Consumer,Apparel,Footwear,5,194.85,0.0,974.25,136.28,34.68,Low
MRG-2024-15568,2024-05-29,2024-06-03,North America,Canada,Consumer,Electronics,Wearables,2,12.21,0.0,24.42,8.33,19.0,Low
MRG-2024-14769,2024-05-29,2024-06-05,North America,Canada,Consumer,Apparel,Activewear,7,221.12,0.0,1547.84,460.09,16.28,Medium
MRG-2024-12303,2024-05-29,2024-06-04,North America,Mexico,Consumer,Electronics,Audio,9,223.64,0.0,2012.76,293.43,68.04,Low
MRG-2024-13472,2024-05-29,2024-05-30,Europe,United Kingdom,Consumer,Apparel,Footwear,3,232.43,0.0,697.29,213.66,6.85,Low
MRG-2024-15243,2024-05-30,2024-06-05,North America,Mexico,Consumer,Electronics,Audio,11,83.9,0.0,922.9,92.33,24.87,Low
MRG-2024-13368,2024-05-30,2024-06-03,Europe,Germany,Home Office,Electronics,Audio,8,114.32,0.1,823.1,3.31,53.73,Low
MRG-2024-13413,2024-05-30,2024-06-06,Europe,France,Home Office,Electronics,Smart Home,3,361.11,0.0,1083.33,453.28,29.51,Low
MRG-2024-10192,2024-05-30,2024-06-02,North America,United States,Consumer,Electronics,Accessories,6,415.68,0.3,1745.86,-261.88,43.3,High
MRG-2024-15064,2024-05-30,2024-06-07,Europe,Spain,Consumer,Electronics,Audio,7,345.31,0.05,2296.31,593.64,35.74,Medium
MRG-2024-14595,2024-05-30,2024-06-01,North America,Canada,Consumer,Home & Living,Decor,4,375.72,0.05,1427.74,205.84,19.2,High
MRG-2024-11967,2024-05-30,2024-05-31,North America,Mexico,Consumer,Apparel,Activewear,5,218.57,0.05,1038.21,204.14,31.5,Low
MRG-2024-13659,2024-05-30,2024-06-04,Europe,France,Home Office,Electronics,Wearables,9,374.17,0.1,3030.78,521.78,52.24,Low
MRG-2024-13608,2024-05-30,2024-06-07,North America,Mexico,Corporate,Electronics,Wearables,3,291.71,0.0,875.13,190.23,25.97,High
MRG-2024-10686,2024-05-31,2024-06-08,Europe,France,Consumer,Home & Living,Bedding,5,297.9,0.05,1415.02,65.98,19.36,Low
MRG-2024-11896,2024-05-31,2024-06-06,Europe,United Kingdom,Consumer,Electronics,Audio,4,359.98,0.2,1151.94,177.27,28.11,Medium
MRG-2024-15526,2024-05-31,2024-06-03,Europe,France,Consumer,Home & Living,Furniture,5,256.71,0.15,1091.02,123.28,21.79,Low
MRG-2024-14952,2024-05-31,2024-06-06,Europe,Germany,Home Office,Apparel,Outerwear,7,63.45,0.05,421.94,78.14,33.45,Medium
MRG-2024-15712,2024-06-01,2024-06-06,North America,Mexico,Consumer,Apparel,Outerwear,3,444.79,0.05,1267.65,358.03,24.58,High
MRG-2024-15410,2024-06-01,2024-06-08,North America,United States,Corporate,Home & Living,Decor,1,386.83,0.0,386.83,143.43,18.25,Medium
MRG-2024-13767,2024-06-01,2024-06-02,Europe,Spain,Corporate,Home & Living,Furniture,8,371.8,0.3,2082.08,-33.78,64.34,Low
MRG-2024-15355,2024-06-01,2024-06-09,North America,United States,Consumer,Apparel,Activewear,8,300.84,0.3,1684.7,287.7,16.42,Low
MRG-2024-10316,2024-06-01,2024-06-06,North America,Canada,Consumer,Home & Living,Bedding,6,130.24,0.15,664.22,175.26,18.4,High
MRG-2024-12178,2024-06-01,2024-06-08,APAC,Japan,Consumer,Home & Living,Kitchenware,6,11.58,0.0,69.48,27.79,35.14,Critical
MRG-2024-13995,2024-06-01,2024-06-08,APAC,Japan,Consumer,Electronics,Smart Home,3,155.76,0.05,443.92,59.22,8.36,Medium
MRG-2024-15536,2024-06-02,2024-06-05,North America,Mexico,Consumer,Home & Living,Bedding,7,301.73,0.2,1689.69,430.2,23.92,Low
MRG-2024-14859,2024-06-02,2024-06-05,North America,Canada,Consumer,Home & Living,Furniture,7,259.52,0.2,1453.31,168.45,28.4,Medium
MRG-2024-15197,2024-06-02,2024-06-08,North America,United States,Consumer,Apparel,Outerwear,8,350.21,0.15,2381.43,718.48,40.91,High
MRG-2024-15493,2024-06-02,2024-06-10,APAC,Singapore,Consumer,Apparel,Footwear,2,415.0,0.0,830.0,201.12,21.03,Medium
MRG-2024-13001,2024-06-02,2024-06-06,North America,Mexico,Consumer,Electronics,Audio,2,340.74,0.15,579.26,-9.89,16.4,Critical
MRG-2024-10917,2024-06-02,2024-06-07,Europe,United Kingdom,Consumer,Home & Living,Furniture,3,418.25,0.0,1254.75,113.75,25.25,High
MRG-2024-13801,2024-06-02,2024-06-05,Europe,France,Corporate,Electronics,Audio,3,230.04,0.1,621.11,178.54,20.85,Medium
MRG-2024-12270,2024-06-03,2024-06-10,North America,Mexico,Corporate,Apparel,Outerwear,3,305.38,0.15,778.72,193.59,20.1,Low
MRG-2024-10979,2024-06-03,2024-06-11,North America,Mexico,Consumer,Home & Living,Kitchenware,8,68.41,0.0,547.28,148.21,13.08,Low
MRG-2024-14020,2024-06-03,2024-06-08,North America,Canada,Home Office,Apparel,Outerwear,3,283.46,0.1,765.34,33.88,13.98,High
MRG-2024-11826,2024-06-03,2024-06-09,North America,United States,Corporate,Electronics,Smart Home,9,110.38,0.0,993.42,397.66,55.69,High
MRG-2024-10779,2024-06-03,2024-06-07,Europe,Germany,Corporate,Apparel,Activewear,8,82.0,0.0,656.0,165.22,56.98,Medium
MRG-2024-10150,2024-06-03,2024-06-07,North America,United States,Consumer,Electronics,Accessories,11,30.49,0.0,335.39,56.21,69.09,Medium
MRG-2024-14519,2024-06-04,2024-06-09,North America,Mexico,Corporate,Home & Living,Kitchenware,2,228.78,0.2,366.05,61.3,18.88,Medium
MRG-2024-10780,2024-06-04,2024-06-11,North America,Mexico,Consumer,Electronics,Accessories,1,21.99,0.0,21.99,7.12,13.24,Low
MRG-2024-13081,2024-06-05,2024-06-10,North America,Canada,Corporate,Apparel,Footwear,5,436.54,0.0,2182.7,704.48,22.67,Medium
MRG-2024-13396,2024-06-05,2024-06-13,Europe,France,Consumer,Home & Living,Furniture,1,349.6,0.15,297.16,49.83,8.42,Low
MRG-2024-10883,2024-06-05,2024-06-12,North America,United States,Consumer,Home & Living,Furniture,2,255.84,0.0,511.68,106.19,17.22,Medium
MRG-2024-15416,2024-06-06,2024-06-11,Europe,United Kingdom,Consumer,Electronics,Audio,11,149.83,0.3,1153.69,89.53,71.35,High
MRG-2024-15601,2024-06-06,2024-06-14,APAC,Australia,Corporate,Apparel,Accessories,5,145.67,0.0,728.35,259.93,27.69,High
MRG-2024-10960,2024-06-06,2024-06-11,North America,Mexico,Consumer,Apparel,Accessories,9,399.83,0.15,3058.7,318.42,20.79,Medium
MRG-2024-10804,2024-06-06,2024-06-07,North America,Canada,Corporate,Home & Living,Kitchenware,4,319.58,0.3,894.82,149.14,29.2,Low
MRG-2024-14370,2024-06-06,2024-06-14,North America,Mexico,Corporate,Apparel,Accessories,4,436.83,0.0,1747.32,602.59,37.85,High
MRG-2024-12988,2024-06-06,2024-06-12,Europe,Spain,Home Office,Home & Living,Decor,2,319.86,0.2,511.78,64.14,18.94,High
MRG-2024-13915,2024-06-06,2024-06-11,North America,Mexico,Consumer,Electronics,Audio,6,228.2,0.05,1300.74,366.84,29.84,Low
MRG-2024-11348,2024-06-07,2024-06-12,APAC,Japan,Corporate,Electronics,Audio,8,56.32,0.1,405.5,6.9,58.79,High
MRG-2024-10129,2024-06-07,2024-06-15,Europe,France,Consumer,Apparel,Accessories,4,34.67,0.05,131.75,41.09,28.59,High
MRG-2024-10276,2024-06-07,2024-06-08,North America,Mexico,Consumer,Apparel,Activewear,6,422.16,0.2,2026.37,248.81,9.82,Low
MRG-2024-10078,2024-06-07,2024-06-09,North America,United States,Consumer,Home & Living,Kitchenware,1,220.82,0.0,220.82,66.66,6.71,Low
MRG-2024-10656,2024-06-07,2024-06-13,North America,Canada,Consumer,Home & Living,Kitchenware,1,398.82,0.1,358.94,41.62,18.65,Low
MRG-2024-14043,2024-06-08,2024-06-15,North America,Mexico,Consumer,Home & Living,Kitchenware,11,185.53,0.15,1734.71,491.08,42.56,Low
MRG-2024-15044,2024-06-08,2024-06-13,North America,United States,Consumer,Electronics,Smart Home,3,34.48,0.0,103.44,34.07,16.41,High
MRG-2024-12807,2024-06-08,2024-06-12,Europe,Germany,Consumer,Home & Living,Furniture,5,330.66,0.0,1653.3,228.79,8.9,Low
MRG-2024-15489,2024-06-08,2024-06-15,Europe,Spain,Consumer,Apparel,Accessories,6,348.25,0.0,2089.5,557.4,23.2,High
MRG-2024-13578,2024-06-09,2024-06-12,Europe,Spain,Corporate,Electronics,Audio,1,198.06,0.0,198.06,24.36,12.84,High
MRG-2024-12417,2024-06-09,2024-06-14,APAC,Singapore,Corporate,Apparel,Activewear,9,212.51,0.15,1625.7,180.49,47.68,Low
MRG-2024-14625,2024-06-09,2024-06-13,North America,Canada,Corporate,Apparel,Outerwear,11,283.94,0.0,3123.34,657.47,32.97,Low
MRG-2024-11664,2024-06-10,2024-06-15,APAC,India,Corporate,Home & Living,Furniture,11,124.46,0.0,1369.06,430.29,65.35,Medium
MRG-2024-10095,2024-06-10,2024-06-14,North America,Canada,Consumer,Home & Living,Decor,4,82.12,0.2,262.78,-16.95,34.29,High
MRG-2024-13078,2024-06-10,2024-06-17,North America,Canada,Consumer,Apparel,Footwear,9,163.51,0.15,1250.85,-56.82,64.05,Medium
MRG-2024-15833,2024-06-10,2024-06-14,Europe,United Kingdom,Consumer,Electronics,Audio,11,75.66,0.3,582.58,-27.47,75.58,High
MRG-2024-14993,2024-06-10,2024-06-12,North America,Canada,Corporate,Electronics,Accessories,2,412.73,0.2,660.37,117.04,14.02,Low
MRG-2024-12383,2024-06-10,2024-06-11,Europe,United Kingdom,Consumer,Home & Living,Kitchenware,11,106.59,0.0,1172.49,468.89,81.22,High
MRG-2024-12410,2024-06-11,2024-06-13,APAC,Singapore,Consumer,Electronics,Smart Home,9,281.22,0.1,2277.88,33.58,46.69,Medium
MRG-2024-11026,2024-06-11,2024-06-16,Europe,Germany,Corporate,Electronics,Wearables,8,305.7,0.15,2078.76,333.63,59.37,Medium
MRG-2024-11537,2024-06-11,2024-06-17,APAC,Australia,Consumer,Home & Living,Bedding,4,196.72,0.05,747.54,252.26,18.85,High
MRG-2024-11088,2024-06-11,2024-06-13,Europe,Germany,Corporate,Home & Living,Kitchenware,4,53.82,0.0,215.28,46.56,29.72,Medium
MRG-2024-12010,2024-06-11,2024-06-12,APAC,India,Consumer,Electronics,Audio,11,165.34,0.2,1454.99,185.49,30.09,Low
MRG-2024-11923,2024-06-11,2024-06-19,North America,Canada,Corporate,Home & Living,Kitchenware,2,400.06,0.1,720.11,228.46,11.39,Medium
MRG-2024-11606,2024-06-11,2024-06-14,North America,Canada,Corporate,Home & Living,Bedding,7,113.71,0.15,676.57,82.9,20.44,Medium
MRG-2024-13807,2024-06-11,2024-06-17,North America,Mexico,Corporate,Electronics,Wearables,8,199.1,0.0,1592.8,195.51,15.93,Low
MRG-2024-12133,2024-06-12,2024-06-16,Europe,United Kingdom,Home Office,Home & Living,Decor,11,229.03,0.0,2519.33,600.42,60.45,Medium
MRG-2024-11552,2024-06-12,2024-06-18,Europe,United Kingdom,Corporate,Electronics,Wearables,3,339.11,0.0,1017.33,332.95,15.07,Low
MRG-2024-13391,2024-06-12,2024-06-13,Europe,France,Corporate,Home & Living,Kitchenware,3,110.53,0.0,331.59,100.72,20.81,Medium
MRG-2024-11812,2024-06-12,2024-06-13,APAC,India,Consumer,Apparel,Footwear,8,187.36,0.0,1498.88,459.69,19.31,Low
MRG-2024-13563,2024-06-12,2024-06-19,APAC,Singapore,Home Office,Apparel,Footwear,9,223.12,0.0,2008.08,801.78,23.6,Critical
MRG-2024-11568,2024-06-12,2024-06-18,APAC,Australia,Consumer,Home & Living,Decor,7,392.26,0.15,2333.95,-140.76,33.69,Medium
MRG-2024-11120,2024-06-12,2024-06-13,Europe,United Kingdom,Home Office,Apparel,Footwear,10,150.48,0.05,1429.56,489.91,61.09,High
MRG-2024-11245,2024-06-12,2024-06-17,Europe,France,Corporate,Home & Living,Furniture,5,211.17,0.0,1055.85,312.75,23.66,High
MRG-2024-15372,2024-06-12,2024-06-14,Europe,Spain,Home Office,Electronics,Accessories,9,317.45,0.0,2857.05,600.07,44.15,Low
MRG-2024-11287,2024-06-13,2024-06-14,Europe,France,Corporate,Apparel,Outerwear,10,10.5,0.1,94.5,21.33,66.28,Medium
MRG-2024-12869,2024-06-13,2024-06-17,North America,Canada,Consumer,Home & Living,Furniture,4,26.57,0.3,74.4,-7.17,27.66,Low
MRG-2024-14506,2024-06-13,2024-06-17,North America,Mexico,Consumer,Apparel,Outerwear,9,238.45,0.1,1931.45,169.64,44.75,Low
MRG-2024-10785,2024-06-15,2024-06-18,North America,Canada,Home Office,Apparel,Footwear,2,212.4,0.3,297.36,-44.6,14.68,Medium
MRG-2024-11756,2024-06-15,2024-06-23,Europe,France,Consumer,Home & Living,Decor,8,140.23,0.0,1121.84,437.55,46.83,Medium
MRG-2024-15272,2024-06-15,2024-06-21,North America,Mexico,Consumer,Apparel,Activewear,10,400.39,0.1,3603.51,434.03,36.63,Medium
MRG-2024-15223,2024-06-15,2024-06-23,North America,Mexico,Consumer,Electronics,Accessories,4,248.47,0.3,695.72,-5.29,34.7,Low
MRG-2024-13753,2024-06-15,2024-06-19,Europe,United Kingdom,Consumer,Apparel,Outerwear,11,75.34,0.05,787.3,95.73,47.15,Low
MRG-2024-13191,2024-06-15,2024-06-21,North America,Canada,Home Office,Electronics,Accessories,10,320.79,0.3,2245.53,-251.66,27.24,Low
MRG-2024-11661,2024-06-16,2024-06-17,Europe,United Kingdom,Consumer,Home & Living,Kitchenware,10,376.37,0.1,3387.33,309.35,38.92,Medium
MRG-2024-11060,2024-06-16,2024-06-19,North America,Canada,Consumer,Home & Living,Furniture,2,72.59,0.15,123.4,13.32,23.09,Low
MRG-2024-11886,2024-06-16,2024-06-19,North America,Canada,Corporate,Electronics,Wearables,6,331.68,0.0,1990.08,315.2,23.32,High
MRG-2024-13143,2024-06-16,2024-06-24,North America,United States,Corporate,Electronics,Accessories,4,379.96,0.0,1519.84,407.88,17.92,Low
MRG-2024-12679,2024-06-16,2024-06-21,Europe,United Kingdom,Corporate,Electronics,Audio,9,369.37,0.3,2327.03,270.98,45.32,Medium
MRG-2024-11405,2024-06-16,2024-06-18,APAC,India,Consumer,Electronics,Smart Home,10,45.84,0.0,458.4,48.16,59.23,Medium
MRG-2024-13253,2024-06-16,2024-06-23,Europe,United Kingdom,Corporate,Apparel,Footwear,3,180.48,0.15,460.22,67.34,23.24,Critical
MRG-2024-15572,2024-06-17,2024-06-24,Europe,France,Home Office,Apparel,Activewear,3,118.23,0.2,283.75,-12.17,12.46,Low
MRG-2024-15450,2024-06-17,2024-06-18,North America,United States,Consumer,Apparel,Footwear,11,276.57,0.15,2585.93,596.74,48.49,Low
MRG-2024-14695,2024-06-17,2024-06-22,APAC,Japan,Home Office,Home & Living,Furniture,9,153.42,0.1,1242.7,86.88,26.93,Medium
MRG-2024-15259,2024-06-17,2024-06-24,North America,United States,Corporate,Apparel,Footwear,9,444.23,0.0,3998.07,1658.05,17.05,High
MRG-2024-14487,2024-06-17,2024-06-20,Europe,Spain,Consumer,Apparel,Activewear,11,397.84,0.0,4376.24,1664.88,66.4,High
MRG-2024-15154,2024-06-18,2024-06-24,APAC,Australia,Consumer,Electronics,Wearables,4,246.78,0.1,888.41,254.55,13.51,Medium
MRG-2024-12719,2024-06-18,2024-06-23,North America,Canada,Home Office,Home & Living,Decor,2,271.29,0.05,515.45,118.66,12.8,Low
MRG-2024-15873,2024-06-18,2024-06-19,APAC,Australia,Consumer,Apparel,Activewear,10,269.09,0.0,2690.9,446.78,45.29,Low
MRG-2024-15304,2024-06-18,2024-06-24,Europe,United Kingdom,Home Office,Electronics,Wearables,11,259.0,0.2,2279.2,518.09,56.19,Low
MRG-2024-10897,2024-06-18,2024-06-26,North America,United States,Consumer,Home & Living,Decor,9,106.99,0.1,866.62,183.79,12.42,High
MRG-2024-11073,2024-06-19,2024-06-20,North America,Mexico,Home Office,Electronics,Smart Home,6,75.57,0.05,430.75,32.62,26.16,High
MRG-2024-11539,2024-06-19,2024-06-27,North America,United States,Consumer,Electronics,Accessories,1,186.39,0.2,149.11,19.97,16.97,Low
MRG-2024-15133,2024-06-19,2024-06-23,APAC,Singapore,Home Office,Apparel,Accessories,10,194.28,0.0,1942.8,279.55,52.74,High
MRG-2024-13611,2024-06-19,2024-06-22,North America,Mexico,Consumer,Electronics,Wearables,9,309.26,0.0,2783.34,979.47,19.0,Medium
MRG-2024-11963,2024-06-19,2024-06-26,Europe,Germany,Consumer,Home & Living,Decor,4,392.66,0.0,1570.64,631.67,12.49,High
MRG-2024-15795,2024-06-19,2024-06-21,APAC,Japan,Consumer,Home & Living,Furniture,5,290.6,0.2,1162.4,63.81,20.1,Low
MRG-2024-14788,2024-06-19,2024-06-27,North America,United States,Consumer,Apparel,Outerwear,6,218.26,0.1,1178.6,217.59,33.86,Medium
MRG-2024-10952,2024-06-20,2024-06-25,North America,Canada,Home Office,Apparel,Footwear,9,415.97,0.2,2994.98,672.38,47.27,Medium
MRG-2024-13259,2024-06-20,2024-06-21,Europe,France,Consumer,Apparel,Accessories,10,185.48,0.0,1854.8,598.93,68.45,Medium
MRG-2024-11233,2024-06-20,2024-06-25,North America,Mexico,Consumer,Electronics,Wearables,7,152.48,0.0,1067.36,244.03,41.71,High
MRG-2024-15843,2024-06-20,2024-06-28,APAC,Japan,Consumer,Home & Living,Kitchenware,11,335.54,0.1,3321.85,1220.49,51.95,Medium
MRG-2024-14091,2024-06-20,2024-06-23,Europe,France,Consumer,Home & Living,Bedding,5,221.75,0.05,1053.31,110.54,29.06,Low
MRG-2024-15233,2024-06-21,2024-06-23,North America,United States,Consumer,Home & Living,Bedding,8,151.9,0.3,850.64,117.21,24.5,Medium
MRG-2024-15250,2024-06-21,2024-06-25,Europe,United Kingdom,Home Office,Electronics,Audio,7,184.82,0.1,1164.37,308.61,33.69,Medium
MRG-2024-14100,2024-06-21,2024-06-22,APAC,Australia,Consumer,Electronics,Wearables,4,313.49,0.3,877.77,-36.7,15.83,Low
MRG-2024-12387,2024-06-22,2024-06-24,Europe,France,Corporate,Home & Living,Kitchenware,2,379.82,0.05,721.66,182.33,11.96,High
MRG-2024-11459,2024-06-22,2024-06-29,North America,Canada,Consumer,Home & Living,Furniture,8,255.95,0.1,1842.84,266.81,45.47,Low
MRG-2024-10788,2024-06-22,2024-06-25,Europe,Germany,Corporate,Apparel,Outerwear,7,306.6,0.0,2146.2,329.49,42.89,Medium
MRG-2024-14291,2024-06-22,2024-06-23,North America,United States,Home Office,Electronics,Accessories,11,62.08,0.0,682.88,169.63,27.57,Low
MRG-2024-12591,2024-06-22,2024-06-27,North America,Canada,Consumer,Home & Living,Bedding,3,305.34,0.1,824.42,108.86,12.83,Low
MRG-2024-12852,2024-06-22,2024-06-28,Europe,France,Consumer,Home & Living,Bedding,8,204.44,0.2,1308.42,247.75,27.0,Low
MRG-2024-12799,2024-06-23,2024-07-01,North America,Mexico,Corporate,Electronics,Wearables,7,16.5,0.2,92.4,8.16,30.84,Low
MRG-2024-14791,2024-06-23,2024-06-24,Europe,France,Home Office,Apparel,Activewear,1,196.26,0.15,166.82,27.75,5.51,Medium
MRG-2024-14448,2024-06-23,2024-06-24,North America,Canada,Consumer,Home & Living,Decor,6,24.15,0.1,130.41,40.12,49.33,Low
MRG-2024-12233,2024-06-23,2024-06-28,North America,United States,Consumer,Apparel,Footwear,10,423.9,0.05,4027.05,1322.45,71.86,Low
MRG-2024-12104,2024-06-23,2024-06-25,APAC,India,Consumer,Electronics,Audio,7,220.25,0.0,1541.75,136.47,36.73,High
MRG-2024-14208,2024-06-23,2024-06-26,North America,Canada,Home Office,Apparel,Outerwear,7,22.73,0.3,111.38,-13.4,18.54,Medium
MRG-2024-10049,2024-06-24,2024-07-01,Europe,Germany,Consumer,Electronics,Accessories,9,157.6,0.1,1276.56,361.7,59.71,Medium
MRG-2024-13597,2024-06-24,2024-07-02,Europe,France,Corporate,Apparel,Outerwear,8,200.72,0.3,1124.03,157.35,13.68,High
MRG-2024-10501,2024-06-24,2024-06-28,Europe,Germany,Consumer,Electronics,Accessories,10,163.39,0.1,1470.51,334.75,63.08,Medium
MRG-2024-14018,2024-06-24,2024-07-02,North America,Canada,Consumer,Electronics,Smart Home,1,211.89,0.0,211.89,37.13,17.79,Medium
MRG-2024-14089,2024-06-24,2024-06-25,Europe,United Kingdom,Consumer,Apparel,Accessories,9,100.14,0.0,901.26,83.94,23.3,Low
MRG-2024-11369,2024-06-24,2024-06-29,North America,Canada,Corporate,Apparel,Footwear,4,30.6,0.0,122.4,42.5,23.58,Medium
MRG-2024-13702,2024-06-24,2024-06-30,APAC,Singapore,Consumer,Apparel,Accessories,6,181.48,0.3,762.22,120.97,19.68,Medium
MRG-2024-14992,2024-06-24,2024-07-02,North America,United States,Consumer,Home & Living,Decor,9,78.08,0.3,491.9,-38.56,26.16,Medium
MRG-2024-15205,2024-06-25,2024-06-27,APAC,Singapore,Consumer,Home & Living,Furniture,5,388.86,0.05,1847.08,643.12,12.75,Medium
MRG-2024-14203,2024-06-25,2024-06-27,APAC,Japan,Corporate,Electronics,Wearables,4,321.56,0.2,1028.99,94.57,32.03,Medium
MRG-2024-15446,2024-06-25,2024-06-26,North America,United States,Consumer,Apparel,Footwear,4,403.24,0.05,1532.31,411.84,35.29,Medium
MRG-2024-12169,2024-06-25,2024-06-26,North America,Mexico,Consumer,Apparel,Accessories,9,129.0,0.0,1161.0,420.55,55.18,High
MRG-2024-15977,2024-06-25,2024-06-28,Europe,United Kingdom,Consumer,Apparel,Activewear,7,200.73,0.2,1124.09,44.67,15.18,High
MRG-2024-10066,2024-06-25,2024-06-26,Europe,Germany,Consumer,Apparel,Outerwear,11,12.09,0.3,93.09,-7.69,52.82,Low
MRG-2024-13182,2024-06-25,2024-06-27,APAC,Japan,Consumer,Electronics,Smart Home,4,429.93,0.05,1633.73,318.86,15.95,Critical
MRG-2024-13944,2024-06-25,2024-06-26,North America,Mexico,Consumer,Home & Living,Bedding,7,275.96,0.3,1352.2,336.36,24.86,Critical
MRG-2024-11579,2024-06-26,2024-07-02,North America,Mexico,Home Office,Electronics,Audio,4,14.75,0.0,59.0,24.14,34.04,High
MRG-2024-14805,2024-06-26,2024-07-04,North America,Mexico,Home Office,Home & Living,Bedding,8,274.63,0.15,1867.48,206.05,40.9,Medium
MRG-2024-14088,2024-06-26,2024-06-29,North America,Mexico,Consumer,Electronics,Smart Home,10,209.65,0.0,2096.5,806.53,66.89,Low
MRG-2024-11011,2024-06-26,2024-07-02,APAC,Australia,Corporate,Apparel,Footwear,3,70.52,0.0,211.56,51.96,26.85,Medium
MRG-2024-10008,2024-06-26,2024-07-04,North America,Canada,Corporate,Apparel,Footwear,1,60.16,0.0,60.16,23.4,16.91,Medium
MRG-2024-15328,2024-06-26,2024-06-30,North America,Mexico,Consumer,Apparel,Outerwear,2,273.68,0.05,519.99,43.16,14.7,High
MRG-2024-14629,2024-06-27,2024-06-29,APAC,Japan,Consumer,Apparel,Footwear,9,247.32,0.2,1780.7,469.12,47.37,Medium
MRG-2024-15642,2024-06-27,2024-06-30,Europe,Spain,Corporate,Apparel,Activewear,7,24.94,0.15,148.39,20.6,18.01,Low
MRG-2024-12619,2024-06-27,2024-07-05,APAC,Australia,Home Office,Electronics,Smart Home,1,95.35,0.3,66.74,-10.01,14.85,High
MRG-2024-13175,2024-06-27,2024-07-03,North America,Mexico,Consumer,Home & Living,Kitchenware,10,299.19,0.0,2991.9,1225.75,62.89,Medium
MRG-2024-12551,2024-06-28,2024-06-29,North America,United States,Consumer,Apparel,Outerwear,2,128.87,0.05,244.85,63.28,12.84,High
MRG-2024-10712,2024-06-28,2024-07-04,APAC,Singapore,Home Office,Apparel,Accessories,11,407.53,0.0,4482.83,1310.83,41.52,Low
MRG-2024-14874,2024-06-28,2024-07-01,North America,Mexico,Corporate,Electronics,Audio,8,430.56,0.05,3272.26,304.91,27.34,Low
MRG-2024-14146,2024-06-29,2024-07-04,North America,Canada,Home Office,Electronics,Wearables,3,239.87,0.0,719.61,62.22,11.48,Medium
MRG-2024-13320,2024-06-29,2024-07-05,APAC,Australia,Consumer,Apparel,Footwear,4,378.23,0.3,1059.04,-158.86,13.03,Low
MRG-2024-14099,2024-06-29,2024-07-05,North America,United States,Consumer,Electronics,Wearables,6,204.31,0.0,1225.86,264.39,19.61,Critical
MRG-2024-10284,2024-06-30,2024-07-03,Europe,United Kingdom,Consumer,Home & Living,Bedding,7,291.61,0.15,1735.08,274.7,33.82,Critical
MRG-2024-12695,2024-06-30,2024-07-04,North America,Mexico,Consumer,Apparel,Accessories,5,353.73,0.1,1591.79,435.04,38.72,Medium
MRG-2024-11544,2024-06-30,2024-07-01,APAC,Japan,Consumer,Electronics,Audio,6,420.41,0.1,2270.21,120.36,27.83,Medium
MRG-2024-11557,2024-06-30,2024-07-07,Europe,France,Home Office,Home & Living,Decor,2,120.17,0.15,204.29,59.94,14.88,High
MRG-2024-15736,2024-06-30,2024-07-06,North America,Canada,Consumer,Home & Living,Decor,1,199.18,0.0,199.18,66.48,7.23,Low
MRG-2024-10895,2024-06-30,2024-07-06,North America,Mexico,Corporate,Apparel,Footwear,4,444.42,0.1,1599.91,117.1,26.27,Medium
MRG-2024-15810,2024-06-30,2024-07-08,Europe,Germany,Corporate,Home & Living,Kitchenware,10,378.15,0.05,3592.42,522.8,57.27,Critical
MRG-2024-11020,2024-06-30,2024-07-08,North America,Mexico,Consumer,Apparel,Activewear,10,371.62,0.0,3716.2,753.81,48.54,High
MRG-2024-12437,2024-07-01,2024-07-06,North America,Canada,Home Office,Apparel,Activewear,11,263.48,0.0,2898.28,1147.69,27.98,Medium
MRG-2024-10983,2024-07-01,2024-07-09,Europe,Germany,Consumer,Apparel,Activewear,11,267.08,0.05,2790.99,668.57,20.26,Low
MRG-2024-11210,2024-07-01,2024-07-06,North America,Canada,Consumer,Apparel,Accessories,9,232.1,0.05,1984.45,734.72,40.74,Critical
MRG-2024-15732,2024-07-01,2024-07-06,Europe,United Kingdom,Corporate,Home & Living,Furniture,11,408.56,0.0,4494.16,1212.94,39.02,High
MRG-2024-10553,2024-07-01,2024-07-06,North America,United States,Consumer,Home & Living,Bedding,10,199.2,0.0,1992.0,298.65,61.47,High
MRG-2024-14672,2024-07-02,2024-07-09,Europe,United Kingdom,Corporate,Home & Living,Furniture,4,175.2,0.0,700.8,156.09,36.96,Low
MRG-2024-12295,2024-07-02,2024-07-07,Europe,France,Corporate,Electronics,Audio,7,197.37,0.2,1105.27,141.51,38.9,High
MRG-2024-11852,2024-07-02,2024-07-07,North America,Mexico,Consumer,Electronics,Audio,11,269.76,0.15,2522.26,649.08,75.18,Medium
MRG-2024-10233,2024-07-02,2024-07-04,APAC,Singapore,Consumer,Electronics,Wearables,9,113.54,0.15,868.58,179.35,47.75,Low
MRG-2024-13433,2024-07-02,2024-07-09,APAC,Japan,Corporate,Electronics,Smart Home,4,163.5,0.1,588.6,107.48,20.69,Medium
MRG-2024-11528,2024-07-02,2024-07-09,Europe,France,Consumer,Electronics,Smart Home,1,280.6,0.0,280.6,40.91,9.46,High
MRG-2024-13201,2024-07-02,2024-07-05,APAC,India,Consumer,Apparel,Footwear,11,276.15,0.3,2126.36,-126.79,53.63,High
MRG-2024-15010,2024-07-02,2024-07-09,North America,Mexico,Home Office,Electronics,Audio,2,442.43,0.0,884.86,80.76,18.29,Low
MRG-2024-11518,2024-07-02,2024-07-10,Europe,France,Corporate,Home & Living,Furniture,11,110.27,0.2,970.38,141.07,43.71,Low
MRG-2024-13154,2024-07-03,2024-07-05,APAC,Singapore,Consumer,Apparel,Outerwear,7,144.13,0.0,1008.91,128.33,37.67,High
MRG-2024-15911,2024-07-03,2024-07-11,North America,Mexico,Consumer,Apparel,Activewear,8,26.79,0.1,192.89,9.91,16.74,Critical
MRG-2024-10147,2024-07-04,2024-07-10,APAC,India,Corporate,Apparel,Activewear,9,359.49,0.0,3235.41,1315.56,69.08,Medium
MRG-2024-15719,2024-07-04,2024-07-08,Europe,United Kingdom,Corporate,Apparel,Accessories,10,429.59,0.0,4295.9,1515.86,42.09,Medium
MRG-2024-11072,2024-07-04,2024-07-06,Europe,United Kingdom,Corporate,Home & Living,Decor,4,46.63,0.0,186.52,20.81,29.82,Medium
MRG-2024-11825,2024-07-04,2024-07-06,Europe,Spain,Home Office,Apparel,Footwear,2,172.69,0.2,276.3,21.59,23.24,Low
MRG-2024-10189,2024-07-04,2024-07-08,North America,Canada,Corporate,Home & Living,Kitchenware,8,354.85,0.3,1987.16,164.88,21.72,Low
MRG-2024-15103,2024-07-04,2024-07-11,Europe,France,Corporate,Electronics,Accessories,11,238.55,0.05,2492.85,212.06,36.66,Low
MRG-2024-10552,2024-07-04,2024-07-08,Europe,Germany,Home Office,Electronics,Accessories,5,128.93,0.3,451.25,-67.69,26.61,High
MRG-2024-13470,2024-07-05,2024-07-12,APAC,Australia,Consumer,Electronics,Wearables,2,141.72,0.2,226.75,61.77,20.3,Medium
MRG-2024-15466,2024-07-05,2024-07-06,APAC,Singapore,Corporate,Home & Living,Furniture,11,184.62,0.2,1624.66,239.7,73.22,High
MRG-2024-12893,2024-07-05,2024-07-08,APAC,Singapore,Consumer,Electronics,Wearables,4,215.6,0.15,733.04,170.49,17.31,Medium
MRG-2024-15130,2024-07-05,2024-07-10,North America,United States,Consumer,Electronics,Wearables,1,369.53,0.0,369.53,67.84,15.32,Low
MRG-2024-10910,2024-07-05,2024-07-12,North America,Mexico,Consumer,Electronics,Audio,3,261.38,0.0,784.14,285.34,11.83,Low
MRG-2024-10266,2024-07-06,2024-07-09,Europe,Germany,Consumer,Electronics,Wearables,5,205.15,0.3,718.02,-107.7,18.99,High
MRG-2024-13518,2024-07-06,2024-07-11,APAC,Australia,Consumer,Apparel,Activewear,7,302.57,0.0,2117.99,639.34,27.62,Medium
MRG-2024-10136,2024-07-06,2024-07-10,North America,Mexico,Consumer,Electronics,Audio,6,188.05,0.05,1071.88,228.8,13.44,Medium
MRG-2024-10547,2024-07-06,2024-07-14,APAC,India,Consumer,Electronics,Accessories,4,292.81,0.2,936.99,-56.51,16.36,High
MRG-2024-11095,2024-07-06,2024-07-12,North America,Mexico,Home Office,Home & Living,Bedding,7,181.56,0.15,1080.28,172.96,46.32,Medium
MRG-2024-13354,2024-07-06,2024-07-13,APAC,Singapore,Home Office,Apparel,Accessories,1,45.45,0.1,40.91,8.5,5.9,High
MRG-2024-12216,2024-07-07,2024-07-10,North America,United States,Consumer,Home & Living,Kitchenware,7,336.72,0.0,2357.04,980.68,8.1,Low
MRG-2024-14290,2024-07-07,2024-07-09,Europe,France,Consumer,Apparel,Footwear,10,124.19,0.2,993.52,281.97,69.3,Low
MRG-2024-10423,2024-07-07,2024-07-09,North America,Canada,Consumer,Apparel,Footwear,4,116.09,0.05,441.14,119.61,24.25,Medium
MRG-2024-10259,2024-07-07,2024-07-10,APAC,Australia,Consumer,Home & Living,Bedding,3,114.65,0.0,343.95,34.62,15.08,Medium
MRG-2024-11047,2024-07-07,2024-07-08,APAC,Singapore,Consumer,Electronics,Wearables,5,177.07,0.1,796.82,130.77,22.2,Medium
MRG-2024-11991,2024-07-07,2024-07-11,North America,United States,Consumer,Apparel,Footwear,10,362.7,0.0,3627.0,844.74,48.38,Low
MRG-2024-12211,2024-07-07,2024-07-10,North America,United States,Consumer,Apparel,Activewear,9,319.58,0.0,2876.22,959.88,19.31,Low
MRG-2024-13207,2024-07-07,2024-07-08,APAC,Australia,Home Office,Apparel,Outerwear,9,69.68,0.2,501.7,50.11,50.25,Critical
MRG-2024-15970,2024-07-07,2024-07-14,North America,Canada,Consumer,Apparel,Activewear,2,90.63,0.2,145.01,21.49,16.13,Critical
MRG-2024-11889,2024-07-07,2024-07-14,North America,United States,Home Office,Apparel,Footwear,11,248.34,0.05,2595.15,796.43,28.51,Medium
MRG-2024-12173,2024-07-08,2024-07-12,APAC,Japan,Consumer,Electronics,Accessories,9,183.23,0.0,1649.07,443.02,54.43,Low
MRG-2024-14900,2024-07-08,2024-07-09,Europe,Germany,Consumer,Electronics,Wearables,1,170.43,0.0,170.43,52.14,13.59,High
MRG-2024-10759,2024-07-08,2024-07-13,North America,United States,Consumer,Apparel,Outerwear,11,129.12,0.2,1136.26,131.6,68.33,Medium
MRG-2024-11134,2024-07-08,2024-07-12,North America,Canada,Home Office,Electronics,Smart Home,7,277.99,0.15,1654.04,23.42,42.64,High
MRG-2024-11325,2024-07-08,2024-07-13,Europe,United Kingdom,Corporate,Apparel,Accessories,4,402.21,0.3,1126.19,98.74,19.47,Low
MRG-2024-15715,2024-07-08,2024-07-11,Europe,Germany,Corporate,Electronics,Accessories,2,405.9,0.1,730.62,208.88,10.22,Medium
MRG-2024-13886,2024-07-08,2024-07-09,Europe,Germany,Consumer,Apparel,Accessories,7,167.14,0.05,1111.48,300.41,33.86,Medium
MRG-2024-10118,2024-07-08,2024-07-15,Europe,Germany,Corporate,Home & Living,Furniture,7,25.72,0.1,162.04,31.2,15.62,Medium
MRG-2024-12183,2024-07-09,2024-07-17,Europe,Germany,Consumer,Electronics,Wearables,10,149.98,0.2,1199.84,82.78,27.1,Medium
MRG-2024-11319,2024-07-09,2024-07-15,Europe,Germany,Consumer,Home & Living,Kitchenware,10,402.84,0.0,4028.4,690.25,44.97,High
MRG-2024-13805,2024-07-09,2024-07-11,Europe,France,Consumer,Apparel,Outerwear,6,437.72,0.2,2101.06,220.71,27.01,High
MRG-2024-10446,2024-07-09,2024-07-12,North America,Mexico,Consumer,Electronics,Audio,10,229.02,0.1,2061.18,56.98,66.12,Medium
MRG-2024-13317,2024-07-09,2024-07-12,APAC,Singapore,Corporate,Electronics,Wearables,7,321.42,0.05,2137.44,668.42,25.37,Medium
MRG-2024-11067,2024-07-09,2024-07-11,North America,Mexico,Corporate,Apparel,Outerwear,4,301.63,0.3,844.56,-22.99,18.48,Medium
MRG-2024-11123,2024-07-09,2024-07-16,APAC,Australia,Consumer,Home & Living,Kitchenware,11,416.48,0.1,4123.15,316.0,71.57,Medium
MRG-2024-11152,2024-07-09,2024-07-10,North America,Mexico,Consumer,Apparel,Activewear,3,319.17,0.0,957.51,227.95,16.86,Medium
MRG-2024-13751,2024-07-09,2024-07-14,North America,Mexico,Corporate,Electronics,Accessories,10,34.85,0.15,296.22,1.75,17.85,High
MRG-2024-11479,2024-07-10,2024-07-12,North America,United States,Home Office,Apparel,Activewear,1,17.51,0.2,14.01,2.41,11.25,Medium
MRG-2024-13866,2024-07-10,2024-07-13,Europe,Germany,Corporate,Electronics,Accessories,9,142.51,0.3,897.81,70.61,35.86,Medium
MRG-2024-14003,2024-07-10,2024-07-17,APAC,India,Corporate,Electronics,Accessories,10,373.95,0.1,3365.55,954.27,51.73,High
MRG-2024-13840,2024-07-10,2024-07-14,Europe,United Kingdom,Consumer,Electronics,Wearables,8,154.8,0.05,1176.48,305.92,50.7,Medium
MRG-2024-14438,2024-07-10,2024-07-17,North America,Canada,Corporate,Home & Living,Kitchenware,11,226.69,0.0,2493.59,545.74,74.46,Low
MRG-2024-13812,2024-07-10,2024-07-16,North America,United States,Consumer,Home & Living,Bedding,10,98.89,0.05,939.45,111.37,38.13,Medium
MRG-2024-11186,2024-07-10,2024-07-11,North America,United States,Consumer,Apparel,Accessories,3,359.21,0.3,754.34,126.87,22.6,Low
MRG-2024-12422,2024-07-11,2024-07-13,Europe,United Kingdom,Consumer,Home & Living,Decor,1,87.65,0.05,83.27,9.38,8.77,Medium
MRG-2024-13808,2024-07-11,2024-07-16,Europe,United Kingdom,Consumer,Home & Living,Kitchenware,6,392.39,0.2,1883.47,45.28,52.47,Critical
MRG-2024-15343,2024-07-11,2024-07-14,North America,Canada,Corporate,Electronics,Wearables,4,199.89,0.2,639.65,104.62,12.7,Medium
MRG-2024-11049,2024-07-11,2024-07-13,North America,United States,Home Office,Home & Living,Kitchenware,11,319.72,0.15,2989.38,60.6,20.74,Low
MRG-2024-15677,2024-07-11,2024-07-16,Europe,France,Corporate,Home & Living,Furniture,8,309.55,0.0,2476.4,455.2,26.48,Low
MRG-2024-10551,2024-07-11,2024-07-17,North America,Canada,Home Office,Apparel,Accessories,2,207.69,0.3,290.77,-31.22,23.94,High
MRG-2024-15533,2024-07-11,2024-07-12,North America,Mexico,Consumer,Electronics,Audio,1,377.67,0.0,377.67,131.42,16.88,Medium
MRG-2024-13782,2024-07-12,2024-07-20,North America,Mexico,Consumer,Apparel,Outerwear,5,283.21,0.05,1345.25,474.38,21.7,Low
MRG-2024-13117,2024-07-12,2024-07-13,North America,Mexico,Home Office,Apparel,Accessories,11,404.89,0.15,3785.72,925.5,29.56,Medium
MRG-2024-14983,2024-07-12,2024-07-15,North America,Canada,Consumer,Apparel,Outerwear,11,212.13,0.15,1983.42,586.09,70.7,Medium
MRG-2024-11483,2024-07-12,2024-07-20,North America,Canada,Consumer,Electronics,Wearables,9,70.82,0.3,446.17,38.28,58.18,Medium
MRG-2024-12371,2024-07-12,2024-07-13,North America,United States,Consumer,Electronics,Accessories,11,94.17,0.05,984.08,292.71,25.25,Low
MRG-2024-14080,2024-07-12,2024-07-17,North America,United States,Consumer,Apparel,Footwear,4,210.57,0.15,715.94,62.44,22.13,Medium
MRG-2024-11855,2024-07-12,2024-07-20,APAC,Australia,Consumer,Electronics,Audio,7,133.2,0.2,745.92,179.65,49.71,Medium
MRG-2024-12354,2024-07-12,2024-07-15,Europe,Spain,Home Office,Electronics,Accessories,11,237.02,0.05,2476.86,375.65,37.87,Low
MRG-2024-11625,2024-07-12,2024-07-15,Europe,United Kingdom,Consumer,Apparel,Activewear,9,223.34,0.05,1909.56,610.11,48.48,Medium
MRG-2024-13857,2024-07-13,2024-07-17,Europe,Germany,Consumer,Electronics,Audio,3,134.56,0.2,322.94,20.47,25.43,Medium
MRG-2024-14206,2024-07-13,2024-07-19,Europe,Spain,Consumer,Home & Living,Kitchenware,11,303.7,0.05,3173.66,672.68,59.91,Low
MRG-2024-12658,2024-07-13,2024-07-17,Europe,Spain,Home Office,Apparel,Footwear,2,159.02,0.1,286.24,69.14,9.64,High
MRG-2024-13306,2024-07-13,2024-07-20,North America,Canada,Consumer,Apparel,Footwear,8,79.41,0.0,635.28,236.71,61.87,Low
MRG-2024-14263,2024-07-14,2024-07-22,Europe,United Kingdom,Consumer,Home & Living,Decor,3,362.91,0.0,1088.73,266.38,22.81,Low
MRG-2024-15612,2024-07-15,2024-07-21,North America,United States,Corporate,Electronics,Audio,9,45.54,0.15,348.38,79.97,71.06,High
MRG-2024-15616,2024-07-15,2024-07-18,North America,Canada,Consumer,Electronics,Accessories,2,338.25,0.15,575.02,121.46,20.75,Low
MRG-2024-12351,2024-07-15,2024-07-21,North America,Mexico,Home Office,Apparel,Activewear,5,213.75,0.0,1068.75,335.5,27.23,Low
MRG-2024-14115,2024-07-15,2024-07-23,North America,United States,Consumer,Apparel,Accessories,3,135.18,0.2,324.43,12.49,20.41,Medium
MRG-2024-12828,2024-07-15,2024-07-17,North America,Mexico,Consumer,Electronics,Audio,3,32.44,0.0,97.32,27.27,12.71,Low
MRG-2024-11676,2024-07-15,2024-07-17,North America,United States,Consumer,Electronics,Audio,7,210.4,0.0,1472.8,494.96,28.19,Medium
MRG-2024-10063,2024-07-15,2024-07-16,North America,United States,Consumer,Apparel,Accessories,9,30.52,0.0,274.68,32.4,21.38,Medium
MRG-2024-13444,2024-07-15,2024-07-16,APAC,Japan,Consumer,Apparel,Footwear,3,314.8,0.0,944.4,315.81,30.65,Critical
MRG-2024-14215,2024-07-16,2024-07-23,Europe,Spain,Corporate,Home & Living,Kitchenware,3,145.27,0.1,392.23,21.03,27.79,Low
MRG-2024-14543,2024-07-16,2024-07-19,North America,United States,Corporate,Home & Living,Furniture,2,288.13,0.2,461.01,100.25,10.57,High
MRG-2024-13137,2024-07-16,2024-07-18,APAC,Australia,Consumer,Electronics,Audio,10,246.03,0.0,2460.3,756.9,19.68,High
MRG-2024-11441,2024-07-17,2024-07-25,Europe,Germany,Consumer,Apparel,Outerwear,11,210.25,0.0,2312.75,216.46,65.26,Low
MRG-2024-11411,2024-07-17,2024-07-25,APAC,Singapore,Consumer,Apparel,Footwear,8,196.12,0.0,1568.96,650.39,53.13,High
MRG-2024-12490,2024-07-17,2024-07-18,APAC,India,Consumer,Electronics,Audio,8,90.61,0.05,688.64,260.21,28.13,Low
MRG-2024-13545,2024-07-17,2024-07-20,APAC,Singapore,Consumer,Apparel,Outerwear,10,114.66,0.05,1089.27,64.18,72.22,Low
MRG-2024-11226,2024-07-17,2024-07-22,North America,Canada,Home Office,Home & Living,Furniture,10,149.74,0.0,1497.4,232.93,62.33,Critical
MRG-2024-10177,2024-07-18,2024-07-23,APAC,Japan,Corporate,Apparel,Activewear,9,287.5,0.2,2070.0,328.25,17.16,Low
MRG-2024-14501,2024-07-18,2024-07-26,North America,United States,Consumer,Home & Living,Kitchenware,10,85.61,0.3,599.27,-13.0,30.66,High
MRG-2024-11457,2024-07-18,2024-07-22,North America,United States,Home Office,Home & Living,Bedding,5,149.28,0.2,597.12,-81.56,35.92,High
MRG-2024-15513,2024-07-18,2024-07-23,Europe,France,Home Office,Electronics,Smart Home,10,292.33,0.0,2923.3,798.47,16.57,High
MRG-2024-14175,2024-07-19,2024-07-27,North America,Canada,Consumer,Electronics,Audio,2,185.83,0.3,260.16,27.24,14.8,Low
MRG-2024-15236,2024-07-19,2024-07-24,North America,United States,Consumer,Electronics,Accessories,2,315.4,0.0,630.8,60.22,15.09,High
MRG-2024-13213,2024-07-19,2024-07-23,North America,Canada,Consumer,Electronics,Audio,4,44.23,0.15,150.38,36.48,18.66,Medium
MRG-2024-14399,2024-07-19,2024-07-20,Europe,United Kingdom,Consumer,Apparel,Outerwear,2,320.75,0.05,609.42,57.85,15.84,Low
MRG-2024-14214,2024-07-19,2024-07-24,North America,Canada,Consumer,Electronics,Wearables,11,430.51,0.3,3314.93,-76.56,72.86,Medium
MRG-2024-15919,2024-07-19,2024-07-24,North America,Mexico,Home Office,Electronics,Wearables,5,322.22,0.15,1369.43,266.35,41.46,Low
MRG-2024-14046,2024-07-19,2024-07-25,Europe,Germany,Corporate,Home & Living,Decor,7,349.42,0.0,2445.94,461.23,22.2,Low
MRG-2024-14656,2024-07-20,2024-07-26,North America,United States,Consumer,Home & Living,Kitchenware,8,438.59,0.15,2982.41,-82.61,58.63,Low
MRG-2024-12306,2024-07-20,2024-07-27,Europe,Germany,Corporate,Home & Living,Kitchenware,1,128.81,0.2,103.05,12.56,14.81,High
MRG-2024-15178,2024-07-20,2024-07-28,APAC,Japan,Consumer,Home & Living,Furniture,10,47.85,0.3,334.95,78.72,28.01,Low
MRG-2024-13303,2024-07-20,2024-07-24,Europe,France,Corporate,Electronics,Wearables,8,175.16,0.3,980.9,86.88,44.1,High
MRG-2024-11499,2024-07-20,2024-07-25,North America,United States,Consumer,Apparel,Outerwear,11,148.63,0.2,1307.94,-15.28,43.82,Medium
MRG-2024-14949,2024-07-20,2024-07-26,North America,United States,Corporate,Home & Living,Decor,9,22.21,0.0,199.89,68.93,35.0,Low
MRG-2024-13358,2024-07-21,2024-07-28,North America,United States,Consumer,Electronics,Smart Home,2,271.19,0.0,542.38,138.29,16.38,High
MRG-2024-13276,2024-07-21,2024-07-25,Europe,Germany,Corporate,Electronics,Smart Home,1,90.94,0.3,63.66,1.17,6.8,Medium
MRG-2024-11823,2024-07-21,2024-07-25,Europe,United Kingdom,Consumer,Home & Living,Bedding,6,192.12,0.3,806.9,15.9,50.94,Low
MRG-2024-15042,2024-07-21,2024-07-26,North America,United States,Consumer,Electronics,Audio,4,429.33,0.15,1459.72,49.17,36.66,Low
MRG-2024-12576,2024-07-21,2024-07-28,North America,Canada,Consumer,Electronics,Accessories,10,115.97,0.1,1043.73,216.65,42.01,Medium
MRG-2024-15068,2024-07-21,2024-07-26,Europe,France,Corporate,Electronics,Wearables,9,99.54,0.0,895.86,369.08,63.28,High
MRG-2024-11551,2024-07-22,2024-07-28,North America,Canada,Consumer,Home & Living,Kitchenware,6,243.21,0.2,1167.41,214.79,39.27,Medium
MRG-2024-11197,2024-07-22,2024-07-25,Europe,United Kingdom,Consumer,Home & Living,Bedding,10,275.91,0.05,2621.14,529.73,36.68,Critical
MRG-2024-15974,2024-07-22,2024-07-29,North America,Canada,Consumer,Apparel,Accessories,8,76.55,0.0,612.4,191.69,53.73,Medium
MRG-2024-13749,2024-07-22,2024-07-25,APAC,Japan,Consumer,Electronics,Smart Home,5,268.69,0.0,1343.45,437.09,16.31,Low
MRG-2024-10713,2024-07-22,2024-07-25,North America,United States,Consumer,Electronics,Accessories,11,183.81,0.0,2021.91,392.08,76.62,Low
MRG-2024-10856,2024-07-22,2024-07-23,Europe,United Kingdom,Consumer,Electronics,Accessories,1,120.31,0.05,114.29,19.66,4.64,Medium
MRG-2024-13531,2024-07-22,2024-07-25,Europe,France,Home Office,Electronics,Wearables,2,124.56,0.15,211.75,54.26,13.46,High
MRG-2024-11395,2024-07-22,2024-07-28,North America,United States,Consumer,Electronics,Accessories,2,349.47,0.3,489.26,39.38,24.02,Low
MRG-2024-14150,2024-07-23,2024-07-29,North America,Mexico,Corporate,Apparel,Activewear,2,257.25,0.2,411.6,105.73,16.43,Medium
MRG-2024-14444,2024-07-23,2024-07-28,North America,Canada,Consumer,Electronics,Smart Home,2,200.05,0.0,400.1,149.25,10.83,Medium
MRG-2024-10540,2024-07-23,2024-07-26,Europe,United Kingdom,Consumer,Home & Living,Decor,2,243.76,0.0,487.52,71.41,11.48,Low
MRG-2024-14573,2024-07-23,2024-07-25,North America,United States,Consumer,Home & Living,Decor,4,413.85,0.0,1655.4,653.66,12.27,Medium
MRG-2024-11172,2024-07-23,2024-07-31,APAC,India,Consumer,Home & Living,Decor,2,182.26,0.1,328.07,45.14,22.45,Low
MRG-2024-14270,2024-07-23,2024-07-28,North America,Canada,Consumer,Home & Living,Kitchenware,5,83.17,0.0,415.85,164.22,42.37,Low
MRG-2024-14098,2024-07-24,2024-07-29,Europe,United Kingdom,Home Office,Electronics,Smart Home,11,288.36,0.2,2537.57,473.44,20.58,Medium
MRG-2024-12633,2024-07-24,2024-08-01,Europe,France,Consumer,Home & Living,Furniture,6,60.41,0.0,362.46,93.81,11.02,Low
MRG-2024-10579,2024-07-24,2024-08-01,North America,Canada,Consumer,Apparel,Accessories,11,324.31,0.0,3567.41,1263.27,33.84,High
MRG-2024-14161,2024-07-24,2024-07-25,North America,Canada,Corporate,Home & Living,Furniture,8,11.56,0.0,92.48,10.07,27.13,Medium
MRG-2024-10172,2024-07-24,2024-07-31,North America,Mexico,Consumer,Electronics,Accessories,3,281.45,0.05,802.13,95.0,23.24,High
MRG-2024-14951,2024-07-24,2024-08-01,North America,United States,Consumer,Electronics,Audio,9,402.58,0.0,3623.22,692.32,41.6,Medium
MRG-2024-10947,2024-07-24,2024-07-28,North America,Mexico,Corporate,Electronics,Audio,4,344.45,0.0,1377.8,120.89,12.95,Critical
MRG-2024-10720,2024-07-25,2024-07-31,Europe,Germany,Consumer,Home & Living,Decor,2,185.29,0.05,352.05,58.1,24.41,Low
MRG-2024-15944,2024-07-25,2024-07-26,APAC,India,Consumer,Home & Living,Furniture,9,305.92,0.05,2615.62,846.17,57.88,High
MRG-2024-15007,2024-07-25,2024-08-01,APAC,Japan,Consumer,Electronics,Audio,10,391.57,0.0,3915.7,1056.83,31.45,High
MRG-2024-10246,2024-07-25,2024-08-01,North America,Mexico,Consumer,Electronics,Wearables,8,292.28,0.3,1636.77,-91.82,20.71,High
MRG-2024-11960,2024-07-25,2024-08-02,Europe,Germany,Consumer,Home & Living,Kitchenware,9,133.68,0.0,1203.12,453.75,55.95,Low
MRG-2024-11030,2024-07-26,2024-08-02,Europe,Germany,Consumer,Home & Living,Kitchenware,2,119.14,0.0,238.28,91.36,10.14,Low
MRG-2024-15435,2024-07-26,2024-08-02,APAC,Singapore,Consumer,Home & Living,Bedding,6,94.02,0.0,564.12,152.04,28.59,Medium
MRG-2024-12921,2024-07-26,2024-07-31,North America,Canada,Corporate,Home & Living,Furniture,5,301.3,0.0,1506.5,361.38,39.71,High
MRG-2024-15713,2024-07-26,2024-07-28,North America,Mexico,Corporate,Electronics,Wearables,11,361.62,0.3,2784.47,-417.67,57.86,High
MRG-2024-12269,2024-07-26,2024-08-02,Europe,United Kingdom,Consumer,Home & Living,Bedding,8,12.18,0.0,97.44,36.77,31.72,Medium
MRG-2024-14245,2024-07-27,2024-07-28,Europe,Germany,Home Office,Electronics,Smart Home,9,168.71,0.3,1062.87,236.19,18.38,High
MRG-2024-10494,2024-07-27,2024-08-03,North America,Canada,Consumer,Electronics,Smart Home,1,94.31,0.3,66.02,7.84,10.35,Low
MRG-2024-14855,2024-07-27,2024-07-29,North America,Mexico,Consumer,Home & Living,Bedding,2,269.16,0.2,430.66,-41.99,15.31,Low
MRG-2024-12174,2024-07-27,2024-08-03,APAC,India,Consumer,Apparel,Footwear,2,385.65,0.0,771.3,229.0,16.7,Medium
MRG-2024-12247,2024-07-27,2024-07-30,Europe,United Kingdom,Home Office,Electronics,Smart Home,3,364.25,0.0,1092.75,447.58,10.05,Low
MRG-2024-10047,2024-07-28,2024-08-05,Europe,United Kingdom,Consumer,Electronics,Accessories,10,43.38,0.05,412.11,122.24,38.71,Medium
MRG-2024-14634,2024-07-28,2024-08-05,Europe,United Kingdom,Consumer,Apparel,Footwear,1,286.06,0.05,271.76,32.19,9.05,Medium
MRG-2024-12059,2024-07-28,2024-07-29,North America,Canada,Consumer,Electronics,Smart Home,5,105.46,0.15,448.2,133.12,40.05,Medium
MRG-2024-15484,2024-07-28,2024-07-31,North America,Mexico,Consumer,Home & Living,Bedding,6,149.68,0.0,898.08,251.32,34.45,Medium
MRG-2024-15139,2024-07-28,2024-08-05,Europe,Spain,Consumer,Apparel,Footwear,7,363.2,0.3,1779.68,304.81,38.31,Medium
MRG-2024-13769,2024-07-29,2024-07-30,APAC,Japan,Corporate,Electronics,Smart Home,10,90.76,0.0,907.6,366.74,45.27,Medium
MRG-2024-14749,2024-07-29,2024-08-06,Europe,United Kingdom,Home Office,Apparel,Footwear,2,271.33,0.0,542.66,192.28,14.73,Low
MRG-2024-12908,2024-07-29,2024-08-01,Europe,France,Consumer,Electronics,Accessories,7,61.11,0.0,427.77,146.31,25.99,Medium
MRG-2024-11044,2024-07-29,2024-08-01,APAC,Australia,Consumer,Apparel,Activewear,1,403.0,0.1,362.7,57.74,20.38,Critical
MRG-2024-15459,2024-07-29,2024-07-30,APAC,India,Home Office,Apparel,Footwear,6,95.37,0.0,572.22,160.49,34.04,Critical
MRG-2024-12429,2024-07-30,2024-08-01,Europe,Spain,Consumer,Apparel,Outerwear,4,372.21,0.0,1488.84,288.13,10.95,Low
MRG-2024-15230,2024-07-30,2024-08-03,APAC,India,Corporate,Home & Living,Kitchenware,8,85.78,0.0,686.24,171.64,16.86,High
MRG-2024-15053,2024-07-30,2024-08-02,Europe,Spain,Home Office,Home & Living,Kitchenware,1,268.4,0.0,268.4,49.61,9.11,Low
MRG-2024-15528,2024-07-30,2024-08-04,North America,United States,Home Office,Electronics,Smart Home,1,25.74,0.05,24.45,1.3,6.71,Medium
MRG-2024-14192,2024-07-30,2024-08-06,Europe,France,Consumer,Home & Living,Furniture,5,26.64,0.05,126.54,47.81,22.9,Medium
MRG-2024-12373,2024-07-31,2024-08-03,North America,Mexico,Consumer,Home & Living,Furniture,3,304.07,0.1,820.99,19.62,23.27,Medium
MRG-2024-10164,2024-07-31,2024-08-01,North America,United States,Consumer,Home & Living,Bedding,9,252.86,0.0,2275.74,426.84,46.42,Low
MRG-2024-12963,2024-08-01,2024-08-04,North America,Canada,Consumer,Home & Living,Furniture,2,376.98,0.0,753.96,95.63,9.34,Medium
MRG-2024-10876,2024-08-01,2024-08-06,Europe,United Kingdom,Consumer,Apparel,Accessories,8,235.82,0.3,1320.59,-198.09,48.83,Medium
MRG-2024-14776,2024-08-02,2024-08-07,Europe,France,Corporate,Apparel,Accessories,4,204.86,0.0,819.44,256.41,28.53,High
MRG-2024-15727,2024-08-02,2024-08-10,North America,United States,Consumer,Apparel,Accessories,2,256.69,0.05,487.71,69.04,15.61,Medium
MRG-2024-15661,2024-08-02,2024-08-04,Europe,Germany,Consumer,Apparel,Accessories,7,145.03,0.15,862.93,202.8,29.89,Medium
MRG-2024-12759,2024-08-02,2024-08-10,North America,United States,Consumer,Home & Living,Decor,4,283.29,0.0,1133.16,249.23,36.13,Medium
MRG-2024-12504,2024-08-02,2024-08-07,North America,Canada,Home Office,Apparel,Footwear,3,64.82,0.05,184.74,5.23,15.24,Medium
MRG-2024-11148,2024-08-02,2024-08-07,North America,Canada,Consumer,Electronics,Wearables,10,245.12,0.15,2083.52,448.43,43.2,Medium
MRG-2024-12887,2024-08-03,2024-08-10,North America,United States,Consumer,Home & Living,Decor,6,39.46,0.0,236.76,98.42,16.42,Low
MRG-2024-11491,2024-08-03,2024-08-04,North America,United States,Home Office,Apparel,Accessories,7,170.33,0.15,1013.46,294.04,41.43,Low
MRG-2024-10022,2024-08-04,2024-08-12,North America,United States,Corporate,Electronics,Smart Home,1,270.74,0.0,270.74,97.57,15.59,Low
MRG-2024-10955,2024-08-04,2024-08-06,North America,Canada,Consumer,Electronics,Accessories,4,404.05,0.0,1616.2,464.05,20.34,Critical
MRG-2024-13544,2024-08-04,2024-08-05,Europe,United Kingdom,Consumer,Home & Living,Decor,8,126.31,0.15,858.91,103.48,48.69,High
MRG-2024-12338,2024-08-04,2024-08-10,North America,Mexico,Consumer,Apparel,Accessories,3,316.11,0.2,758.66,65.22,14.52,Low
MRG-2024-10083,2024-08-04,2024-08-09,APAC,Australia,Consumer,Electronics,Wearables,5,200.08,0.1,900.36,59.42,39.41,Medium
MRG-2024-12496,2024-08-04,2024-08-10,Europe,United Kingdom,Consumer,Home & Living,Bedding,7,121.21,0.0,848.47,245.52,42.66,Low
MRG-2024-15402,2024-08-04,2024-08-08,Europe,France,Corporate,Electronics,Smart Home,10,33.68,0.2,269.44,-4.0,42.2,Medium
MRG-2024-10288,2024-08-04,2024-08-11,Europe,France,Consumer,Home & Living,Decor,2,45.82,0.2,73.31,-5.61,22.09,Medium
MRG-2024-11947,2024-08-05,2024-08-07,APAC,Japan,Corporate,Home & Living,Bedding,7,365.22,0.15,2173.06,374.23,31.91,Low
MRG-2024-13919,2024-08-05,2024-08-13,Europe,Germany,Consumer,Apparel,Footwear,4,375.79,0.0,1503.16,253.99,29.32,Critical
MRG-2024-14347,2024-08-05,2024-08-09,North America,Canada,Consumer,Electronics,Audio,7,443.59,0.05,2949.87,641.64,48.18,High
MRG-2024-11196,2024-08-05,2024-08-06,APAC,Japan,Consumer,Electronics,Accessories,5,209.63,0.0,1048.15,181.62,32.77,Low
MRG-2024-12301,2024-08-06,2024-08-12,North America,Mexico,Home Office,Electronics,Accessories,5,12.3,0.1,55.35,13.82,36.64,High
MRG-2024-15045,2024-08-06,2024-08-08,Europe,Germany,Consumer,Apparel,Outerwear,5,347.02,0.0,1735.1,170.5,19.81,Low
MRG-2024-14025,2024-08-06,2024-08-14,North America,United States,Consumer,Home & Living,Furniture,5,310.73,0.0,1553.65,419.92,29.12,Medium
MRG-2024-11250,2024-08-06,2024-08-14,North America,Canada,Home Office,Apparel,Accessories,7,195.03,0.2,1092.17,8.12,40.14,Medium
MRG-2024-10532,2024-08-06,2024-08-08,North America,Mexico,Consumer,Apparel,Outerwear,4,37.31,0.0,149.24,24.37,18.91,Medium
MRG-2024-10058,2024-08-07,2024-08-09,North America,Mexico,Consumer,Electronics,Wearables,11,317.79,0.15,2971.34,125.69,43.7,Medium
MRG-2024-13493,2024-08-07,2024-08-11,North America,Canada,Consumer,Apparel,Activewear,2,362.91,0.05,689.53,69.78,20.2,Medium
MRG-2024-12930,2024-08-07,2024-08-13,North America,Canada,Consumer,Home & Living,Bedding,9,446.29,0.0,4016.61,1512.8,14.72,Medium
MRG-2024-11424,2024-08-08,2024-08-11,North America,United States,Consumer,Home & Living,Furniture,4,388.02,0.0,1552.08,366.76,14.64,Critical
MRG-2024-15582,2024-08-08,2024-08-16,North America,Canada,Corporate,Electronics,Accessories,4,388.27,0.2,1242.46,287.84,36.63,Medium
MRG-2024-13595,2024-08-08,2024-08-09,APAC,Singapore,Consumer,Apparel,Accessories,6,366.57,0.0,2199.42,427.6,47.71,Medium
MRG-2024-12092,2024-08-08,2024-08-10,APAC,Japan,Corporate,Apparel,Outerwear,3,319.08,0.15,813.65,141.44,14.09,Low
MRG-2024-14982,2024-08-08,2024-08-15,Europe,Spain,Corporate,Electronics,Audio,7,48.46,0.3,237.45,18.74,43.94,Medium
MRG-2024-12063,2024-08-08,2024-08-09,North America,United States,Consumer,Home & Living,Bedding,10,99.24,0.0,992.4,348.79,42.09,Low
MRG-2024-13290,2024-08-08,2024-08-12,North America,Mexico,Corporate,Apparel,Accessories,9,41.28,0.2,297.22,-11.01,33.96,Low
MRG-2024-11561,2024-08-09,2024-08-17,North America,United States,Consumer,Home & Living,Kitchenware,11,349.76,0.3,2693.15,82.42,74.17,Medium
MRG-2024-11618,2024-08-09,2024-08-14,APAC,Singapore,Consumer,Home & Living,Bedding,5,400.7,0.0,2003.5,382.04,29.54,Medium
MRG-2024-14628,2024-08-09,2024-08-14,Europe,Germany,Consumer,Home & Living,Furniture,1,209.78,0.0,209.78,84.23,18.17,Low
MRG-2024-13299,2024-08-09,2024-08-14,North America,Canada,Consumer,Home & Living,Bedding,2,252.23,0.3,353.12,-37.0,17.73,Low
MRG-2024-13823,2024-08-09,2024-08-11,APAC,Japan,Consumer,Home & Living,Bedding,7,25.04,0.3,122.7,7.15,39.94,Medium
MRG-2024-15134,2024-08-10,2024-08-14,North America,Mexico,Consumer,Home & Living,Bedding,11,419.59,0.2,3692.39,830.24,33.03,Low
MRG-2024-12941,2024-08-10,2024-08-15,APAC,Japan,Consumer,Home & Living,Kitchenware,9,295.56,0.15,2261.03,-169.53,29.62,Medium
MRG-2024-12294,2024-08-10,2024-08-18,North America,United States,Corporate,Electronics,Accessories,8,434.72,0.0,3477.76,1401.43,59.05,High
MRG-2024-11761,2024-08-11,2024-08-12,North America,United States,Consumer,Apparel,Accessories,6,95.84,0.05,546.29,188.29,14.21,High
MRG-2024-13437,2024-08-11,2024-08-14,Europe,France,Consumer,Electronics,Wearables,4,406.07,0.1,1461.85,434.8,27.49,Medium
MRG-2024-12027,2024-08-11,2024-08-16,Europe,United Kingdom,Home Office,Apparel,Activewear,11,262.39,0.0,2886.29,355.49,45.71,Medium
MRG-2024-13174,2024-08-11,2024-08-13,North America,Canada,Consumer,Home & Living,Decor,1,145.97,0.0,145.97,53.73,11.42,Critical
MRG-2024-14000,2024-08-11,2024-08-12,Europe,France,Corporate,Home & Living,Decor,2,375.09,0.2,600.14,69.83,18.3,High
MRG-2024-15883,2024-08-11,2024-08-18,North America,United States,Home Office,Electronics,Audio,9,239.92,0.05,2051.32,141.12,28.79,Low
MRG-2024-11054,2024-08-11,2024-08-19,North America,Mexico,Home Office,Electronics,Accessories,4,301.43,0.2,964.58,196.77,13.48,High
MRG-2024-15257,2024-08-11,2024-08-13,North America,Canada,Home Office,Electronics,Smart Home,9,66.73,0.2,480.46,-15.42,40.1,High
MRG-2024-11090,2024-08-11,2024-08-13,North America,Mexico,Home Office,Apparel,Accessories,4,252.18,0.0,1008.72,267.85,33.5,Medium
MRG-2024-12445,2024-08-11,2024-08-18,North America,Canada,Consumer,Home & Living,Furniture,11,39.65,0.1,392.53,99.91,39.51,Low
MRG-2024-10886,2024-08-11,2024-08-18,APAC,Australia,Consumer,Electronics,Audio,1,415.06,0.05,394.31,104.5,15.88,Medium
MRG-2024-15840,2024-08-12,2024-08-20,APAC,Singapore,Home Office,Apparel,Outerwear,4,185.89,0.05,706.38,142.36,14.99,Medium
MRG-2024-15748,2024-08-12,2024-08-16,North America,United States,Consumer,Home & Living,Furniture,9,177.47,0.0,1597.23,276.11,36.37,High
MRG-2024-12739,2024-08-12,2024-08-19,Europe,Germany,Consumer,Home & Living,Furniture,5,365.22,0.0,1826.1,395.76,36.34,Medium
MRG-2024-12033,2024-08-12,2024-08-15,Europe,United Kingdom,Consumer,Electronics,Smart Home,9,308.57,0.0,2777.13,526.05,57.65,High
MRG-2024-13462,2024-08-12,2024-08-18,North America,United States,Consumer,Electronics,Audio,8,283.03,0.0,2264.24,639.73,29.34,Low
MRG-2024-12981,2024-08-12,2024-08-17,North America,Canada,Home Office,Electronics,Accessories,8,287.93,0.05,2188.27,735.35,17.17,Medium
MRG-2024-12974,2024-08-12,2024-08-14,North America,Mexico,Consumer,Electronics,Accessories,5,220.34,0.15,936.45,95.54,14.45,Medium
MRG-2024-10220,2024-08-12,2024-08-20,Europe,France,Consumer,Home & Living,Kitchenware,7,353.41,0.0,2473.87,208.34,33.52,Critical
MRG-2024-12378,2024-08-13,2024-08-21,APAC,Japan,Corporate,Electronics,Accessories,2,216.76,0.15,368.49,33.71,15.02,Low
MRG-2024-12252,2024-08-13,2024-08-17,North America,United States,Consumer,Electronics,Smart Home,6,209.35,0.05,1193.29,111.93,25.35,Medium
MRG-2024-14701,2024-08-13,2024-08-15,APAC,India,Consumer,Apparel,Outerwear,11,89.57,0.0,985.27,309.4,15.61,Medium
MRG-2024-12166,2024-08-13,2024-08-15,Europe,United Kingdom,Consumer,Home & Living,Decor,4,257.2,0.3,720.16,-81.43,7.34,Medium
MRG-2024-12780,2024-08-13,2024-08-20,Europe,France,Consumer,Apparel,Accessories,9,294.29,0.0,2648.61,621.4,58.42,Low
MRG-2024-13928,2024-08-13,2024-08-17,North America,Canada,Consumer,Home & Living,Furniture,9,111.14,0.0,1000.26,267.79,21.0,High
MRG-2024-15074,2024-08-13,2024-08-16,Europe,Spain,Corporate,Apparel,Outerwear,2,142.54,0.3,199.56,-19.26,16.61,Low
MRG-2024-12936,2024-08-13,2024-08-15,Europe,Spain,Corporate,Electronics,Audio,2,234.99,0.1,422.98,136.89,15.65,Low
MRG-2024-15981,2024-08-14,2024-08-19,North America,Canada,Consumer,Electronics,Audio,2,322.22,0.0,644.44,200.17,15.83,High
MRG-2024-10308,2024-08-14,2024-08-22,North America,Mexico,Consumer,Apparel,Footwear,11,58.58,0.0,644.38,240.77,39.12,Medium
MRG-2024-11569,2024-08-14,2024-08-15,APAC,Japan,Consumer,Apparel,Footwear,6,418.61,0.1,2260.49,113.12,9.0,Medium
MRG-2024-14532,2024-08-14,2024-08-20,North America,Mexico,Consumer,Home & Living,Furniture,11,147.43,0.1,1459.56,64.18,13.05,Medium
MRG-2024-15657,2024-08-15,2024-08-22,North America,Canada,Home Office,Apparel,Footwear,11,194.61,0.1,1926.64,463.05,42.2,Medium
MRG-2024-10654,2024-08-15,2024-08-20,North America,Canada,Consumer,Electronics,Audio,9,348.91,0.15,2669.16,138.69,18.76,Low
MRG-2024-13614,2024-08-15,2024-08-19,Europe,United Kingdom,Corporate,Apparel,Footwear,3,32.47,0.0,97.41,31.92,18.92,High
MRG-2024-14141,2024-08-15,2024-08-19,Europe,Spain,Consumer,Electronics,Wearables,9,171.48,0.0,1543.32,427.16,62.18,Low
MRG-2024-11788,2024-08-15,2024-08-17,APAC,Singapore,Consumer,Home & Living,Bedding,7,296.6,0.0,2076.2,513.43,36.97,Medium
MRG-2024-14829,2024-08-15,2024-08-18,APAC,Japan,Consumer,Home & Living,Furniture,1,71.0,0.0,71.0,23.84,14.88,High
MRG-2024-13088,2024-08-16,2024-08-24,APAC,Australia,Consumer,Electronics,Accessories,1,439.1,0.3,307.37,-40.82,9.67,Low
MRG-2024-14009,2024-08-16,2024-08-24,Europe,United Kingdom,Consumer,Apparel,Accessories,8,257.19,0.1,1851.77,334.41,42.93,Medium
MRG-2024-14155,2024-08-16,2024-08-20,North America,United States,Consumer,Apparel,Activewear,2,31.55,0.0,63.1,6.35,12.23,Medium
MRG-2024-14888,2024-08-16,2024-08-22,Europe,Germany,Consumer,Electronics,Accessories,11,90.92,0.15,850.1,17.25,42.65,Critical
MRG-2024-10652,2024-08-17,2024-08-20,North America,Canada,Corporate,Apparel,Accessories,5,243.38,0.15,1034.37,252.23,31.3,Low
MRG-2024-13811,2024-08-17,2024-08-18,APAC,Australia,Corporate,Apparel,Activewear,4,109.5,0.0,438.0,179.6,14.15,Low
MRG-2024-11962,2024-08-17,2024-08-25,Europe,United Kingdom,Consumer,Electronics,Audio,11,168.56,0.0,1854.16,385.05,43.03,Low
MRG-2024-14221,2024-08-17,2024-08-20,Europe,France,Consumer,Home & Living,Bedding,7,280.31,0.1,1765.95,505.58,17.67,Low
MRG-2024-15027,2024-08-18,2024-08-21,Europe,France,Consumer,Home & Living,Kitchenware,3,110.67,0.3,232.41,-34.86,17.8,High
MRG-2024-15055,2024-08-18,2024-08-22,APAC,India,Home Office,Apparel,Outerwear,8,309.51,0.3,1733.26,113.01,21.61,Medium
MRG-2024-15775,2024-08-18,2024-08-21,Europe,Spain,Consumer,Apparel,Accessories,3,132.92,0.2,319.01,-2.91,14.96,Low
MRG-2024-13743,2024-08-18,2024-08-25,North America,Mexico,Consumer,Home & Living,Furniture,3,153.29,0.0,459.87,89.49,19.81,Medium
MRG-2024-10627,2024-08-18,2024-08-23,Europe,Spain,Corporate,Home & Living,Bedding,11,324.29,0.15,3032.11,236.54,26.78,Low
MRG-2024-14286,2024-08-19,2024-08-24,North America,United States,Home Office,Apparel,Outerwear,3,353.34,0.3,742.01,49.34,15.05,Medium
MRG-2024-11078,2024-08-19,2024-08-22,North America,Canada,Corporate,Electronics,Smart Home,8,183.2,0.15,1245.76,244.85,26.27,High
MRG-2024-10341,2024-08-19,2024-08-21,North America,United States,Consumer,Electronics,Audio,9,69.37,0.2,499.46,107.37,45.9,Medium
MRG-2024-13745,2024-08-19,2024-08-26,North America,Canada,Consumer,Electronics,Audio,8,130.48,0.0,1043.84,407.87,32.66,Low
MRG-2024-11791,2024-08-19,2024-08-24,North America,Canada,Corporate,Electronics,Smart Home,10,406.22,0.0,4062.2,1012.36,39.05,High
MRG-2024-15809,2024-08-19,2024-08-23,North America,United States,Consumer,Home & Living,Furniture,9,151.66,0.0,1364.94,218.2,49.02,Low
MRG-2024-10333,2024-08-19,2024-08-23,North America,Canada,Consumer,Home & Living,Bedding,1,311.03,0.05,295.48,12.04,13.29,Low
MRG-2024-13907,2024-08-20,2024-08-27,North America,Canada,Corporate,Home & Living,Furniture,1,173.01,0.1,155.71,27.2,11.52,Low
MRG-2024-13372,2024-08-20,2024-08-22,APAC,India,Corporate,Apparel,Activewear,3,365.98,0.3,768.56,-24.09,25.59,Critical
MRG-2024-15564,2024-08-20,2024-08-25,Europe,Germany,Consumer,Apparel,Outerwear,3,166.01,0.3,348.62,17.16,5.77,Low
MRG-2024-10683,2024-08-21,2024-08-23,Europe,Germany,Corporate,Apparel,Footwear,9,25.2,0.1,204.12,7.81,53.52,Medium
MRG-2024-14166,2024-08-21,2024-08-25,North America,Canada,Corporate,Apparel,Outerwear,11,363.05,0.0,3993.55,1493.07,71.71,High
MRG-2024-11627,2024-08-21,2024-08-26,North America,United States,Consumer,Apparel,Activewear,6,77.56,0.1,418.82,33.52,49.21,High
MRG-2024-11222,2024-08-21,2024-08-23,North America,Mexico,Consumer,Apparel,Outerwear,2,54.79,0.05,104.1,10.26,13.63,Medium
MRG-2024-12473,2024-08-21,2024-08-28,Europe,United Kingdom,Home Office,Home & Living,Kitchenware,2,17.17,0.15,29.19,1.2,15.23,Low
MRG-2024-15679,2024-08-21,2024-08-28,Europe,Germany,Corporate,Apparel,Activewear,2,314.77,0.0,629.54,181.42,13.09,High
MRG-2024-14920,2024-08-21,2024-08-22,APAC,Singapore,Consumer,Home & Living,Furniture,6,418.63,0.0,2511.78,580.1,33.72,Medium
MRG-2024-13397,2024-08-21,2024-08-27,North America,Canada,Consumer,Electronics,Accessories,3,274.7,0.05,782.89,92.71,18.2,Low
MRG-2024-12060,2024-08-21,2024-08-26,Europe,Germany,Consumer,Home & Living,Kitchenware,7,258.02,0.0,1806.14,545.79,23.57,Medium
MRG-2024-14643,2024-08-21,2024-08-22,North America,Mexico,Consumer,Home & Living,Decor,6,364.54,0.1,1968.52,-12.44,11.35,Medium
MRG-2024-15323,2024-08-22,2024-08-27,North America,Mexico,Home Office,Home & Living,Kitchenware,7,435.45,0.0,3048.15,412.38,46.81,High
MRG-2024-13665,2024-08-22,2024-08-27,Europe,France,Consumer,Apparel,Footwear,6,191.42,0.05,1091.09,351.35,39.87,High
MRG-2024-12728,2024-08-22,2024-08-24,North America,Canada,Home Office,Electronics,Audio,8,254.12,0.0,2032.96,251.54,26.62,High
MRG-2024-10205,2024-08-23,2024-08-30,APAC,Japan,Consumer,Apparel,Accessories,2,302.02,0.3,422.83,45.53,13.14,Medium
MRG-2024-13189,2024-08-23,2024-08-25,North America,Mexico,Consumer,Home & Living,Bedding,11,395.17,0.0,4346.87,1330.2,46.38,Medium
MRG-2024-14500,2024-08-23,2024-08-31,North America,United States,Corporate,Electronics,Wearables,10,29.17,0.0,291.7,87.7,17.5,Low
MRG-2024-10768,2024-08-23,2024-08-26,Europe,United Kingdom,Consumer,Electronics,Wearables,9,84.99,0.1,688.42,55.94,24.55,Medium
MRG-2024-14705,2024-08-23,2024-08-25,Europe,France,Home Office,Electronics,Accessories,3,217.07,0.0,651.21,54.58,12.31,Critical
MRG-2024-11780,2024-08-23,2024-08-31,APAC,Singapore,Home Office,Electronics,Wearables,9,429.58,0.0,3866.22,959.83,34.55,High
MRG-2024-12481,2024-08-23,2024-08-30,North America,Canada,Consumer,Electronics,Smart Home,5,166.67,0.3,583.35,-12.73,21.79,Low
MRG-2024-13636,2024-08-23,2024-08-31,Europe,United Kingdom,Consumer,Electronics,Wearables,10,163.71,0.05,1555.24,232.64,45.42,High
MRG-2024-11662,2024-08-23,2024-08-26,North America,Canada,Corporate,Home & Living,Furniture,8,138.35,0.2,885.44,-76.49,10.79,Low
MRG-2024-14950,2024-08-23,2024-08-31,APAC,India,Corporate,Apparel,Accessories,3,329.48,0.0,988.44,262.57,19.92,Medium
MRG-2024-15978,2024-08-23,2024-08-25,APAC,Australia,Consumer,Home & Living,Decor,10,232.62,0.2,1860.96,-120.9,61.78,Critical
MRG-2024-13610,2024-08-23,2024-08-28,North America,Canada,Consumer,Apparel,Footwear,10,437.6,0.05,4157.2,396.66,24.01,Low
MRG-2024-10251,2024-08-24,2024-08-26,APAC,Japan,Consumer,Apparel,Accessories,7,277.75,0.1,1749.83,628.69,49.13,Critical
MRG-2024-14310,2024-08-24,2024-08-25,North America,Mexico,Corporate,Apparel,Activewear,2,352.9,0.3,494.06,66.5,24.16,High
MRG-2024-14644,2024-08-24,2024-08-31,North America,United States,Consumer,Electronics,Accessories,7,17.57,0.2,98.39,26.99,13.11,Low
MRG-2024-14674,2024-08-24,2024-09-01,North America,United States,Corporate,Home & Living,Furniture,10,269.97,0.05,2564.71,230.83,48.03,Low
MRG-2024-14109,2024-08-24,2024-08-26,North America,United States,Home Office,Electronics,Wearables,8,17.09,0.05,129.88,41.15,32.3,Low
MRG-2024-10757,2024-08-24,2024-08-25,North America,Canada,Consumer,Apparel,Accessories,6,355.85,0.0,2135.1,690.34,10.25,Medium
MRG-2024-14442,2024-08-24,2024-08-30,APAC,Australia,Consumer,Home & Living,Kitchenware,8,178.12,0.05,1353.71,469.7,25.13,Low
MRG-2024-10651,2024-08-25,2024-08-26,North America,Canada,Home Office,Apparel,Outerwear,3,55.79,0.2,133.9,24.3,16.61,Critical
MRG-2024-15288,2024-08-25,2024-08-31,APAC,Australia,Corporate,Apparel,Outerwear,7,215.57,0.3,1056.29,-150.58,29.58,High
MRG-2024-13352,2024-08-25,2024-08-28,North America,Canada,Consumer,Apparel,Footwear,7,427.03,0.15,2540.83,641.93,18.54,Medium
MRG-2024-10497,2024-08-25,2024-08-26,APAC,Australia,Consumer,Electronics,Audio,4,38.3,0.0,153.2,58.55,33.76,High
MRG-2024-11436,2024-08-25,2024-08-26,Europe,United Kingdom,Consumer,Home & Living,Kitchenware,8,384.5,0.05,2922.2,963.31,37.03,Medium
MRG-2024-12337,2024-08-26,2024-08-29,Europe,France,Consumer,Apparel,Activewear,5,346.44,0.0,1732.2,608.49,35.67,Low
MRG-2024-12926,2024-08-26,2024-09-01,Europe,France,Consumer,Electronics,Accessories,5,77.77,0.0,388.85,50.95,28.85,Low
MRG-2024-10733,2024-08-26,2024-09-03,North America,United States,Corporate,Apparel,Footwear,8,193.84,0.2,1240.58,149.21,26.18,High
MRG-2024-14548,2024-08-26,2024-09-02,North America,United States,Consumer,Electronics,Audio,4,378.05,0.0,1512.2,128.71,8.47,Low
MRG-2024-13552,2024-08-27,2024-09-04,Europe,United Kingdom,Home Office,Electronics,Smart Home,10,406.91,0.1,3662.19,209.41,37.22,High
MRG-2024-12618,2024-08-28,2024-09-01,Europe,Spain,Consumer,Apparel,Activewear,2,268.94,0.15,457.2,-6.56,6.14,Critical
MRG-2024-11619,2024-08-28,2024-09-04,APAC,Australia,Consumer,Apparel,Accessories,8,154.53,0.05,1174.43,228.42,27.23,Medium
MRG-2024-12817,2024-08-28,2024-09-05,Europe,France,Consumer,Apparel,Footwear,9,432.24,0.1,3501.14,462.48,69.0,Low
MRG-2024-15934,2024-08-28,2024-08-31,Europe,United Kingdom,Corporate,Home & Living,Bedding,2,145.3,0.0,290.6,25.48,17.04,Low
MRG-2024-11280,2024-08-28,2024-09-03,North America,Mexico,Corporate,Apparel,Accessories,9,243.18,0.05,2079.19,749.69,50.25,Low
MRG-2024-15207,2024-08-29,2024-09-05,North America,Canada,Consumer,Home & Living,Decor,11,170.2,0.15,1591.37,145.38,80.73,Low
MRG-2024-12262,2024-08-29,2024-08-30,North America,Mexico,Consumer,Home & Living,Kitchenware,6,95.13,0.2,456.62,16.24,22.82,Medium
MRG-2024-10214,2024-08-30,2024-09-07,North America,Mexico,Consumer,Home & Living,Kitchenware,10,270.31,0.3,1892.17,-91.94,68.66,Medium
MRG-2024-11609,2024-08-30,2024-09-06,Europe,United Kingdom,Consumer,Home & Living,Bedding,9,261.47,0.3,1647.26,-171.89,26.15,Medium
MRG-2024-12113,2024-08-30,2024-09-02,Europe,United Kingdom,Consumer,Apparel,Accessories,4,115.46,0.0,461.84,178.3,27.93,Low
MRG-2024-13286,2024-08-30,2024-09-02,North America,United States,Consumer,Home & Living,Furniture,7,416.75,0.0,2917.25,540.65,48.48,Medium
MRG-2024-10833,2024-08-30,2024-09-01,Europe,United Kingdom,Corporate,Apparel,Activewear,4,152.14,0.2,486.85,24.96,17.74,High
MRG-2024-12224,2024-08-30,2024-08-31,Europe,Spain,Home Office,Apparel,Activewear,2,221.57,0.1,398.83,60.87,15.03,Medium
MRG-2024-10522,2024-08-30,2024-09-03,North America,United States,Corporate,Apparel,Footwear,9,386.9,0.05,3307.99,971.71,42.89,High
MRG-2024-10254,2024-08-30,2024-09-02,North America,United States,Consumer,Apparel,Accessories,8,267.96,0.05,2036.5,552.45,25.19,Medium
MRG-2024-14237,2024-08-30,2024-09-07,Europe,Germany,Home Office,Electronics,Smart Home,7,79.99,0.05,531.93,100.2,14.5,Medium
MRG-2024-10430,2024-08-30,2024-09-04,Europe,Spain,Corporate,Home & Living,Bedding,3,335.88,0.1,906.88,315.12,19.61,Medium
MRG-2024-10055,2024-08-31,2024-09-01,North America,Mexico,Corporate,Apparel,Footwear,8,390.53,0.2,2499.39,298.14,13.68,Medium
MRG-2024-10209,2024-08-31,2024-09-05,APAC,Australia,Consumer,Apparel,Accessories,6,309.4,0.3,1299.48,225.86,31.51,Low
MRG-2024-10918,2024-08-31,2024-09-02,APAC,Australia,Consumer,Apparel,Activewear,9,92.88,0.15,710.53,94.57,56.07,Medium
MRG-2024-10962,2024-08-31,2024-09-03,North America,United States,Home Office,Apparel,Footwear,5,178.87,0.2,715.48,-73.11,27.76,Medium
MRG-2024-15530,2024-09-01,2024-09-07,North America,Mexico,Corporate,Electronics,Audio,11,312.74,0.15,2924.12,-76.96,16.93,Low
MRG-2024-12361,2024-09-01,2024-09-05,North America,Mexico,Home Office,Apparel,Accessories,9,378.66,0.0,3407.94,772.52,17.61,Medium
MRG-2024-13385,2024-09-01,2024-09-06,North America,Mexico,Consumer,Home & Living,Decor,7,55.81,0.0,390.67,162.12,22.03,Medium
MRG-2024-13458,2024-09-01,2024-09-02,Europe,Germany,Consumer,Home & Living,Decor,10,129.64,0.05,1231.58,33.93,64.76,Low
MRG-2024-13529,2024-09-01,2024-09-05,North America,Mexico,Consumer,Electronics,Accessories,3,416.37,0.2,999.29,137.87,20.89,Medium
MRG-2024-14533,2024-09-01,2024-09-09,APAC,Australia,Corporate,Home & Living,Kitchenware,6,67.23,0.0,403.38,46.45,13.13,High
MRG-2024-15994,2024-09-01,2024-09-09,North America,United States,Consumer,Home & Living,Decor,8,405.83,0.05,3084.31,622.91,39.67,Medium
MRG-2024-12668,2024-09-01,2024-09-03,Europe,Spain,Consumer,Home & Living,Decor,9,190.27,0.05,1626.81,294.21,17.84,Low
MRG-2024-10068,2024-09-01,2024-09-03,Europe,Germany,Consumer,Electronics,Accessories,4,361.25,0.0,1445.0,221.9,13.46,High
MRG-2024-14604,2024-09-02,2024-09-10,APAC,Australia,Consumer,Home & Living,Furniture,7,63.86,0.0,447.02,86.89,43.93,Medium
MRG-2024-12209,2024-09-02,2024-09-09,Europe,Germany,Home Office,Home & Living,Furniture,5,200.85,0.3,702.97,39.83,38.59,High
MRG-2024-14937,2024-09-02,2024-09-08,North America,Mexico,Home Office,Apparel,Outerwear,11,284.5,0.3,2190.65,374.51,61.15,Low
MRG-2024-15924,2024-09-03,2024-09-05,Europe,Germany,Corporate,Home & Living,Furniture,8,305.98,0.3,1713.49,148.56,36.69,Low
MRG-2024-14781,2024-09-03,2024-09-05,North America,Canada,Consumer,Home & Living,Kitchenware,11,400.15,0.0,4401.65,1627.55,22.55,Medium
MRG-2024-11110,2024-09-03,2024-09-08,North America,United States,Corporate,Home & Living,Decor,7,127.17,0.0,890.19,79.77,13.98,Low
MRG-2024-12405,2024-09-03,2024-09-10,APAC,Australia,Consumer,Home & Living,Bedding,8,164.34,0.0,1314.72,534.59,59.07,Critical
MRG-2024-11848,2024-09-03,2024-09-07,North America,Mexico,Consumer,Apparel,Accessories,11,87.07,0.3,670.44,15.39,19.46,Low
MRG-2024-15471,2024-09-03,2024-09-05,North America,Mexico,Consumer,Home & Living,Furniture,9,371.76,0.05,3178.55,1002.27,49.45,Low
MRG-2024-10190,2024-09-03,2024-09-11,APAC,Australia,Consumer,Apparel,Accessories,2,257.23,0.05,488.74,26.43,13.78,High
MRG-2024-14049,2024-09-03,2024-09-07,North America,Mexico,Corporate,Home & Living,Bedding,1,370.32,0.2,296.26,-13.59,17.19,High
MRG-2024-10440,2024-09-03,2024-09-06,North America,United States,Consumer,Electronics,Wearables,6,283.62,0.0,1701.72,295.97,21.33,High
MRG-2024-12657,2024-09-03,2024-09-05,North America,United States,Consumer,Home & Living,Kitchenware,1,285.3,0.15,242.5,32.87,16.54,Low
MRG-2024-13806,2024-09-03,2024-09-06,APAC,Japan,Corporate,Electronics,Accessories,10,50.14,0.0,501.4,164.99,45.81,High
MRG-2024-10968,2024-09-03,2024-09-08,APAC,Australia,Home Office,Home & Living,Bedding,10,219.73,0.0,2197.3,419.99,51.21,High
MRG-2024-12464,2024-09-03,2024-09-08,Europe,Germany,Consumer,Home & Living,Furniture,9,207.38,0.0,1866.42,210.13,21.04,Medium
MRG-2024-15703,2024-09-04,2024-09-11,North America,Canada,Consumer,Home & Living,Bedding,7,20.53,0.05,136.52,11.39,34.73,High
MRG-2024-13729,2024-09-04,2024-09-12,APAC,Japan,Consumer,Apparel,Activewear,11,232.33,0.0,2555.63,1014.49,70.53,High
MRG-2024-13116,2024-09-04,2024-09-08,North America,Mexico,Consumer,Home & Living,Bedding,1,260.02,0.05,247.02,85.42,14.3,High
MRG-2024-11209,2024-09-04,2024-09-08,North America,United States,Consumer,Electronics,Accessories,9,306.17,0.0,2755.53,233.48,27.45,Medium
MRG-2024-15876,2024-09-04,2024-09-11,North America,Canada,Consumer,Apparel,Accessories,8,177.4,0.3,993.44,50.88,50.16,Low
MRG-2024-14668,2024-09-05,2024-09-09,Europe,France,Consumer,Home & Living,Decor,5,356.24,0.1,1603.08,366.57,34.92,Medium
MRG-2024-11807,2024-09-05,2024-09-09,Europe,United Kingdom,Corporate,Electronics,Smart Home,8,154.02,0.0,1232.16,508.62,46.75,Medium
MRG-2024-13746,2024-09-05,2024-09-07,North America,Mexico,Consumer,Electronics,Wearables,6,38.49,0.15,196.3,43.54,43.22,High
MRG-2024-11486,2024-09-05,2024-09-07,North America,Mexico,Corporate,Home & Living,Bedding,10,336.71,0.2,2693.68,99.31,68.84,Low
MRG-2024-14658,2024-09-05,2024-09-12,North America,Mexico,Home Office,Home & Living,Kitchenware,8,98.25,0.0,786.0,235.92,40.41,Low
MRG-2024-15723,2024-09-05,2024-09-10,Europe,France,Consumer,Apparel,Footwear,9,159.25,0.0,1433.25,199.76,38.78,Low
MRG-2024-12376,2024-09-05,2024-09-12,Europe,Spain,Corporate,Electronics,Audio,7,194.55,0.1,1225.66,178.27,46.14,Medium
MRG-2024-11520,2024-09-05,2024-09-08,North America,Canada,Corporate,Electronics,Audio,1,248.46,0.0,248.46,67.33,16.42,High
MRG-2024-13384,2024-09-05,2024-09-12,North America,United States,Consumer,Apparel,Footwear,2,419.67,0.0,839.34,313.3,15.76,Low
MRG-2024-12935,2024-09-06,2024-09-13,APAC,India,Corporate,Electronics,Audio,6,410.59,0.0,2463.54,305.06,27.85,Medium
MRG-2024-14357,2024-09-06,2024-09-13,APAC,Singapore,Home Office,Apparel,Activewear,2,345.87,0.0,691.74,280.79,16.71,Low
MRG-2024-12085,2024-09-06,2024-09-09,North America,Canada,Corporate,Electronics,Smart Home,5,353.68,0.3,1237.88,-157.12,20.44,Medium
MRG-2024-15349,2024-09-06,2024-09-09,North America,Mexico,Home Office,Apparel,Accessories,1,108.03,0.0,108.03,32.81,17.81,Critical
MRG-2024-13170,2024-09-07,2024-09-12,Europe,France,Consumer,Home & Living,Bedding,11,115.88,0.05,1210.95,299.33,31.8,High
MRG-2024-15284,2024-09-07,2024-09-09,Europe,Germany,Home Office,Apparel,Accessories,4,412.82,0.05,1568.72,180.05,24.29,Medium
MRG-2024-13510,2024-09-07,2024-09-13,North America,United States,Corporate,Electronics,Smart Home,10,53.06,0.2,424.48,72.75,39.48,High
MRG-2024-11705,2024-09-07,2024-09-09,North America,Canada,Corporate,Apparel,Activewear,6,151.56,0.0,909.36,157.9,23.98,Medium
MRG-2024-14429,2024-09-07,2024-09-12,APAC,Japan,Home Office,Electronics,Accessories,8,273.19,0.05,2076.24,158.7,35.32,Medium
MRG-2024-15632,2024-09-07,2024-09-13,North America,Canada,Consumer,Home & Living,Furniture,7,291.32,0.3,1427.47,-59.42,49.47,Low
MRG-2024-15385,2024-09-07,2024-09-09,APAC,Japan,Consumer,Home & Living,Decor,3,239.17,0.0,717.51,164.56,16.39,Low
MRG-2024-12195,2024-09-08,2024-09-15,North America,United States,Corporate,Apparel,Activewear,2,434.4,0.0,868.8,354.98,19.35,High
MRG-2024-11952,2024-09-08,2024-09-10,Europe,United Kingdom,Consumer,Electronics,Audio,6,64.73,0.0,388.38,43.98,20.21,Low
MRG-2024-11541,2024-09-08,2024-09-11,Europe,France,Corporate,Apparel,Outerwear,3,445.88,0.3,936.35,1.36,15.87,Low
MRG-2024-10668,2024-09-08,2024-09-11,APAC,Japan,Corporate,Electronics,Audio,8,173.33,0.05,1317.31,67.12,29.94,Medium
MRG-2024-12863,2024-09-08,2024-09-10,Europe,France,Consumer,Apparel,Activewear,1,380.48,0.15,323.41,2.69,19.9,Low
MRG-2024-11669,2024-09-08,2024-09-10,APAC,Australia,Corporate,Home & Living,Kitchenware,10,338.56,0.0,3385.6,882.14,50.94,Medium
MRG-2024-10505,2024-09-09,2024-09-14,North America,Canada,Consumer,Electronics,Accessories,6,239.44,0.15,1221.14,297.18,18.26,Medium
MRG-2024-11171,2024-09-09,2024-09-11,Europe,France,Corporate,Apparel,Activewear,8,63.95,0.0,511.6,118.53,37.5,Medium
MRG-2024-10292,2024-09-09,2024-09-16,Europe,France,Consumer,Electronics,Wearables,7,147.1,0.15,875.25,151.42,18.72,Medium
MRG-2024-12498,2024-09-09,2024-09-10,Europe,Germany,Consumer,Electronics,Smart Home,1,173.1,0.0,173.1,29.05,16.74,Medium
MRG-2024-11538,2024-09-10,2024-09-12,APAC,Australia,Consumer,Electronics,Wearables,11,255.45,0.2,2247.96,545.9,70.03,Low
MRG-2024-11122,2024-09-10,2024-09-13,North America,Mexico,Corporate,Apparel,Activewear,4,17.81,0.0,71.24,12.62,28.33,Medium
MRG-2024-14014,2024-09-10,2024-09-15,North America,Canada,Consumer,Apparel,Footwear,11,159.72,0.0,1756.92,636.99,23.26,Medium
MRG-2024-13728,2024-09-10,2024-09-15,APAC,Singapore,Home Office,Home & Living,Decor,1,168.91,0.1,152.02,11.86,13.57,High
MRG-2024-10031,2024-09-10,2024-09-15,Europe,France,Home Office,Home & Living,Furniture,9,46.77,0.0,420.93,127.83,57.65,Low
MRG-2024-15434,2024-09-11,2024-09-16,Europe,Germany,Consumer,Electronics,Audio,10,227.59,0.15,1934.52,475.49,65.3,Medium
MRG-2024-14277,2024-09-11,2024-09-15,Europe,France,Consumer,Electronics,Accessories,10,209.5,0.0,2095.0,667.16,34.44,Low
MRG-2024-13193,2024-09-11,2024-09-17,Europe,Germany,Home Office,Electronics,Audio,9,311.03,0.0,2799.27,1044.56,46.16,High
MRG-2024-14224,2024-09-11,2024-09-15,North America,Mexico,Consumer,Apparel,Outerwear,9,197.3,0.05,1686.91,563.73,25.01,Medium
MRG-2024-14130,2024-09-12,2024-09-20,North America,United States,Consumer,Home & Living,Kitchenware,3,309.1,0.3,649.11,-22.88,15.96,High
MRG-2024-15900,2024-09-12,2024-09-19,APAC,Singapore,Consumer,Electronics,Audio,5,101.83,0.2,407.32,-3.11,35.93,Medium
MRG-2024-13737,2024-09-12,2024-09-15,North America,Canada,Corporate,Home & Living,Bedding,1,250.5,0.2,200.4,-0.63,13.74,Medium
MRG-2024-13882,2024-09-12,2024-09-16,Europe,Germany,Consumer,Apparel,Outerwear,7,144.97,0.1,913.31,274.93,39.67,Medium
MRG-2024-14564,2024-09-12,2024-09-13,North America,United States,Consumer,Home & Living,Furniture,11,139.29,0.0,1532.19,284.61,48.23,Low
MRG-2024-10073,2024-09-12,2024-09-17,North America,United States,Consumer,Electronics,Wearables,9,182.59,0.3,1150.32,150.36,60.85,Low
MRG-2024-14566,2024-09-13,2024-09-17,Europe,Spain,Consumer,Electronics,Audio,10,442.73,0.0,4427.3,1326.19,52.96,High
MRG-2024-10514,2024-09-13,2024-09-19,Europe,United Kingdom,Consumer,Home & Living,Decor,9,351.51,0.2,2530.87,36.4,19.39,Medium
MRG-2024-15465,2024-09-13,2024-09-19,North America,Mexico,Consumer,Apparel,Accessories,2,211.78,0.0,423.56,148.02,17.65,High
MRG-2024-11726,2024-09-13,2024-09-19,Europe,France,Consumer,Apparel,Activewear,3,96.38,0.1,260.23,57.74,9.83,High
MRG-2024-10226,2024-09-14,2024-09-18,North America,Mexico,Consumer,Electronics,Smart Home,1,71.72,0.05,68.13,7.55,16.33,High
MRG-2024-10137,2024-09-14,2024-09-22,Europe,United Kingdom,Home Office,Electronics,Accessories,2,185.53,0.0,371.06,63.51,18.78,High
MRG-2024-15058,2024-09-14,2024-09-22,North America,United States,Consumer,Apparel,Outerwear,11,269.01,0.0,2959.11,443.79,35.27,Medium
MRG-2024-13697,2024-09-14,2024-09-15,North America,Canada,Consumer,Apparel,Footwear,11,422.97,0.05,4420.04,1426.45,71.78,High
MRG-2024-15406,2024-09-15,2024-09-22,North America,Mexico,Corporate,Home & Living,Decor,4,134.63,0.05,511.59,162.25,5.84,Low
MRG-2024-14375,2024-09-15,2024-09-18,North America,Mexico,Home Office,Home & Living,Decor,6,165.54,0.0,993.24,260.12,33.84,High
MRG-2024-15915,2024-09-15,2024-09-16,APAC,India,Corporate,Apparel,Footwear,10,11.74,0.0,117.4,17.41,50.37,Medium
MRG-2024-14772,2024-09-16,2024-09-17,North America,Mexico,Consumer,Electronics,Accessories,8,36.71,0.15,249.63,20.73,41.06,Medium
MRG-2024-14067,2024-09-16,2024-09-23,North America,Mexico,Consumer,Electronics,Wearables,10,267.65,0.3,1873.55,67.75,29.9,Medium
MRG-2024-12548,2024-09-16,2024-09-19,North America,Canada,Home Office,Home & Living,Furniture,1,224.81,0.15,191.09,52.69,8.01,Medium
MRG-2024-10827,2024-09-16,2024-09-23,North America,United States,Consumer,Apparel,Outerwear,10,167.38,0.3,1171.66,5.72,70.39,High
MRG-2024-15403,2024-09-16,2024-09-23,Europe,Germany,Consumer,Electronics,Audio,11,92.06,0.0,1012.66,173.38,36.59,Low
MRG-2024-13908,2024-09-16,2024-09-24,North America,Mexico,Consumer,Home & Living,Furniture,6,183.85,0.15,937.63,-7.07,20.86,Medium
MRG-2024-14233,2024-09-16,2024-09-19,North America,Canada,Corporate,Apparel,Accessories,4,414.08,0.05,1573.5,456.1,24.12,Medium
MRG-2024-14716,2024-09-16,2024-09-18,North America,Canada,Consumer,Apparel,Footwear,1,82.34,0.1,74.11,1.21,16.91,Medium
MRG-2024-10213,2024-09-17,2024-09-23,Europe,France,Corporate,Electronics,Audio,11,275.94,0.1,2731.81,123.71,55.22,Medium
MRG-2024-14887,2024-09-17,2024-09-21,Europe,Spain,Corporate,Electronics,Wearables,9,344.68,0.05,2947.01,950.27,40.06,Low
MRG-2024-10141,2024-09-17,2024-09-21,APAC,India,Corporate,Apparel,Outerwear,3,94.41,0.0,283.23,62.15,27.49,Medium
MRG-2024-15040,2024-09-17,2024-09-22,APAC,Japan,Home Office,Electronics,Wearables,3,262.84,0.0,788.52,116.67,15.93,Medium
MRG-2024-10171,2024-09-18,2024-09-23,APAC,Singapore,Consumer,Home & Living,Kitchenware,2,171.09,0.15,290.85,12.03,21.14,Critical
MRG-2024-12627,2024-09-18,2024-09-23,North America,Mexico,Corporate,Home & Living,Furniture,1,16.27,0.05,15.46,1.55,16.53,Medium
MRG-2024-14588,2024-09-18,2024-09-21,North America,Canada,Corporate,Home & Living,Kitchenware,9,348.67,0.0,3138.03,733.76,46.69,Medium
MRG-2024-13559,2024-09-18,2024-09-25,APAC,Japan,Corporate,Apparel,Activewear,1,442.5,0.2,354.0,-19.46,15.5,High
MRG-2024-10640,2024-09-18,2024-09-20,Europe,Germany,Corporate,Electronics,Accessories,2,82.89,0.2,132.62,21.37,17.92,Low
MRG-2024-15262,2024-09-19,2024-09-20,Europe,France,Consumer,Electronics,Smart Home,3,314.11,0.05,895.21,308.86,14.31,Medium
MRG-2024-10865,2024-09-19,2024-09-20,Europe,United Kingdom,Home Office,Home & Living,Bedding,10,308.71,0.05,2932.74,560.1,23.46,High
MRG-2024-14561,2024-09-20,2024-09-24,Europe,Germany,Corporate,Electronics,Wearables,1,330.13,0.0,330.13,76.21,13.03,Medium
MRG-2024-15578,2024-09-20,2024-09-23,APAC,Japan,Consumer,Home & Living,Kitchenware,2,281.42,0.05,534.7,169.78,17.57,High
MRG-2024-12461,2024-09-20,2024-09-25,North America,United States,Consumer,Apparel,Activewear,7,9.32,0.15,55.45,14.07,39.53,Critical
MRG-2024-10617,2024-09-20,2024-09-22,North America,United States,Consumer,Home & Living,Furniture,9,260.78,0.0,2347.02,237.48,19.84,Low
MRG-2024-13278,2024-09-20,2024-09-28,Europe,Spain,Corporate,Apparel,Outerwear,4,375.81,0.15,1277.75,-19.03,23.25,Medium
MRG-2024-12824,2024-09-20,2024-09-21,North America,United States,Consumer,Apparel,Outerwear,9,362.73,0.1,2938.11,439.32,59.9,Low
MRG-2024-11198,2024-09-21,2024-09-26,North America,Mexico,Consumer,Apparel,Accessories,8,12.67,0.0,101.36,32.34,21.11,Critical
MRG-2024-14414,2024-09-21,2024-09-28,North America,United States,Corporate,Electronics,Smart Home,9,389.98,0.0,3509.82,1278.01,59.0,Medium
MRG-2024-11353,2024-09-21,2024-09-26,North America,Canada,Home Office,Electronics,Audio,8,326.81,0.2,2091.58,225.21,11.79,Medium
MRG-2024-14304,2024-09-22,2024-09-25,APAC,India,Corporate,Home & Living,Kitchenware,7,135.35,0.1,852.71,4.48,22.66,Medium
MRG-2024-10722,2024-09-22,2024-09-28,Europe,Germany,Corporate,Electronics,Audio,5,436.89,0.2,1747.56,145.3,17.45,Medium
MRG-2024-14111,2024-09-22,2024-09-26,Europe,France,Corporate,Apparel,Activewear,7,364.16,0.2,2039.3,154.88,17.19,Low
MRG-2024-11418,2024-09-22,2024-09-27,APAC,Japan,Corporate,Apparel,Activewear,10,434.22,0.05,4125.09,1524.18,49.16,High
MRG-2024-12432,2024-09-23,2024-09-30,North America,Canada,Corporate,Apparel,Outerwear,1,319.86,0.15,271.88,35.68,17.75,High
MRG-2024-11623,2024-09-23,2024-09-30,Europe,Spain,Consumer,Apparel,Activewear,10,301.9,0.3,2113.3,-231.68,65.12,Medium
MRG-2024-15739,2024-09-23,2024-09-26,North America,Canada,Consumer,Home & Living,Furniture,3,252.72,0.0,758.16,78.5,15.98,Medium
MRG-2024-10813,2024-09-23,2024-09-26,Europe,Germany,Corporate,Home & Living,Kitchenware,2,442.5,0.0,885.0,266.0,8.03,Medium
MRG-2024-14055,2024-09-23,2024-09-27,APAC,Australia,Corporate,Apparel,Outerwear,6,191.27,0.15,975.48,133.67,18.01,Low
MRG-2024-11634,2024-09-23,2024-09-30,Europe,Spain,Consumer,Apparel,Activewear,2,164.21,0.0,328.42,67.65,6.21,Critical
MRG-2024-12603,2024-09-24,2024-09-29,Europe,United Kingdom,Home Office,Home & Living,Bedding,2,100.18,0.0,200.36,78.37,21.56,Low
MRG-2024-12956,2024-09-24,2024-09-30,North America,United States,Home Office,Apparel,Accessories,2,259.82,0.1,467.68,30.71,17.09,High
MRG-2024-14241,2024-09-24,2024-09-26,APAC,Japan,Consumer,Apparel,Outerwear,9,281.1,0.0,2529.9,473.8,62.32,High
MRG-2024-13837,2024-09-24,2024-10-01,APAC,India,Corporate,Electronics,Accessories,10,221.07,0.15,1879.09,314.92,38.25,Low
MRG-2024-11003,2024-09-24,2024-09-26,North America,Canada,Corporate,Home & Living,Decor,11,29.91,0.2,263.21,1.82,42.62,High
MRG-2024-15017,2024-09-25,2024-09-28,North America,Canada,Corporate,Home & Living,Furniture,11,382.63,0.0,4208.93,1590.4,64.99,High
MRG-2024-10278,2024-09-25,2024-10-02,North America,United States,Corporate,Home & Living,Bedding,11,295.03,0.1,2920.8,500.7,16.15,High
MRG-2024-15227,2024-09-25,2024-09-28,Europe,Spain,Consumer,Home & Living,Kitchenware,6,400.59,0.0,2403.54,196.03,37.91,Low
MRG-2024-10153,2024-09-25,2024-09-27,North America,Mexico,Consumer,Apparel,Footwear,5,445.5,0.0,2227.5,234.29,37.12,Low
MRG-2024-12757,2024-09-25,2024-09-26,Europe,Germany,Consumer,Home & Living,Furniture,5,371.42,0.05,1764.24,218.39,13.91,Low
MRG-2024-13508,2024-09-25,2024-09-28,Europe,United Kingdom,Consumer,Electronics,Audio,2,400.15,0.0,800.3,264.89,10.42,Medium
MRG-2024-12915,2024-09-26,2024-09-29,Europe,France,Consumer,Apparel,Outerwear,10,396.34,0.3,2774.38,-409.53,22.42,Medium
MRG-2024-13862,2024-09-26,2024-10-02,Europe,Germany,Home Office,Electronics,Smart Home,1,76.54,0.0,76.54,8.54,11.04,Medium
MRG-2024-10510,2024-09-26,2024-10-01,APAC,Japan,Consumer,Home & Living,Kitchenware,8,135.92,0.1,978.62,69.58,38.08,Low
MRG-2024-10325,2024-09-26,2024-09-28,Europe,Spain,Consumer,Home & Living,Kitchenware,9,47.84,0.1,387.5,99.31,58.18,High
MRG-2024-13829,2024-09-26,2024-09-29,North America,Mexico,Consumer,Apparel,Accessories,8,121.76,0.1,876.67,29.04,33.5,Medium
MRG-2024-15464,2024-09-26,2024-09-30,Europe,Germany,Home Office,Home & Living,Bedding,4,437.77,0.3,1225.76,-32.33,35.64,Low
MRG-2024-13446,2024-09-27,2024-09-30,North America,Mexico,Corporate,Home & Living,Kitchenware,7,152.77,0.2,855.51,-46.55,42.69,Medium
MRG-2024-10203,2024-09-27,2024-09-30,Europe,United Kingdom,Consumer,Electronics,Accessories,4,38.56,0.0,154.24,50.51,22.56,Low
MRG-2024-12675,2024-09-27,2024-09-29,North America,Canada,Home Office,Home & Living,Decor,7,94.07,0.0,658.49,99.79,20.48,High
MRG-2024-10326,2024-09-27,2024-10-03,North America,United States,Consumer,Electronics,Smart Home,6,159.97,0.05,911.83,106.77,25.29,High
MRG-2024-12057,2024-09-27,2024-10-01,Europe,France,Consumer,Home & Living,Kitchenware,8,310.3,0.15,2110.04,312.76,41.56,Critical
MRG-2024-13865,2024-09-28,2024-10-06,Europe,United Kingdom,Consumer,Home & Living,Bedding,9,107.55,0.2,774.36,-16.65,50.42,Low
MRG-2024-12987,2024-09-28,2024-10-02,Europe,Germany,Home Office,Home & Living,Decor,10,429.16,0.0,4291.6,1524.66,62.14,Low
MRG-2024-12253,2024-09-28,2024-10-04,Europe,United Kingdom,Corporate,Home & Living,Decor,2,253.28,0.0,506.56,85.83,13.74,Low
MRG-2024-12122,2024-09-28,2024-10-01,North America,Mexico,Consumer,Apparel,Outerwear,10,395.6,0.0,3956.0,835.12,56.3,Low
MRG-2024-10432,2024-09-28,2024-10-04,Europe,United Kingdom,Consumer,Home & Living,Kitchenware,10,265.32,0.05,2520.54,518.84,68.16,Low
MRG-2024-15337,2024-09-28,2024-10-06,Europe,United Kingdom,Consumer,Home & Living,Bedding,11,246.12,0.0,2707.32,652.17,76.91,Medium
MRG-2024-13839,2024-09-28,2024-10-05,North America,Canada,Consumer,Electronics,Wearables,9,93.54,0.3,589.3,31.5,63.05,Low
MRG-2024-12377,2024-09-28,2024-10-03,Europe,France,Consumer,Home & Living,Bedding,5,222.01,0.15,943.54,196.47,41.23,Medium
MRG-2024-11672,2024-09-29,2024-10-06,North America,Mexico,Corporate,Electronics,Smart Home,10,429.92,0.0,4299.2,1336.57,41.37,Medium
MRG-2024-10465,2024-09-29,2024-10-07,Europe,Spain,Corporate,Apparel,Footwear,7,407.73,0.15,2425.99,626.11,28.95,Medium
MRG-2024-14001,2024-09-29,2024-10-01,Europe,Spain,Corporate,Apparel,Outerwear,6,438.21,0.0,2629.26,436.92,10.57,Medium
MRG-2024-15634,2024-09-29,2024-10-06,APAC,India,Home Office,Apparel,Activewear,2,375.63,0.3,525.88,-78.88,6.72,Medium
MRG-2024-11355,2024-09-29,2024-10-05,North America,United States,Consumer,Electronics,Audio,6,360.54,0.0,2163.24,565.05,31.64,Low
MRG-2024-14968,2024-09-29,2024-10-04,North America,Mexico,Consumer,Apparel,Outerwear,6,381.09,0.0,2286.54,460.36,22.98,Low
MRG-2024-14445,2024-09-30,2024-10-08,North America,United States,Consumer,Home & Living,Bedding,6,324.24,0.3,1361.81,-138.45,39.75,Low
MRG-2024-13871,2024-09-30,2024-10-07,North America,Mexico,Home Office,Apparel,Outerwear,9,361.86,0.2,2605.39,59.9,54.24,Medium
MRG-2024-10594,2024-09-30,2024-10-03,North America,Canada,Consumer,Electronics,Accessories,1,289.19,0.0,289.19,111.21,17.84,Low
MRG-2024-13573,2024-09-30,2024-10-03,Europe,France,Consumer,Home & Living,Kitchenware,7,322.72,0.05,2146.09,461.79,35.82,Medium
MRG-2024-13551,2024-09-30,2024-10-06,APAC,India,Consumer,Electronics,Accessories,6,333.48,0.0,2000.88,282.81,21.73,High
MRG-2024-13651,2024-09-30,2024-10-04,Europe,Spain,Consumer,Home & Living,Bedding,6,87.67,0.15,447.12,59.76,36.11,Medium
MRG-2024-10758,2024-10-01,2024-10-08,Europe,United Kingdom,Corporate,Electronics,Audio,9,339.81,0.15,2599.55,560.59,29.26,Medium
MRG-2024-13292,2024-10-01,2024-10-04,North America,Mexico,Corporate,Apparel,Accessories,2,342.23,0.0,684.46,168.02,7.76,Low
MRG-2024-15302,2024-10-01,2024-10-06,North America,Mexico,Corporate,Apparel,Outerwear,8,12.14,0.15,82.55,26.76,54.34,High
MRG-2024-10687,2024-10-01,2024-10-07,Europe,Spain,Home Office,Electronics,Wearables,5,374.36,0.1,1684.62,299.38,35.9,Low
MRG-2024-15699,2024-10-02,2024-10-10,Europe,Spain,Consumer,Home & Living,Kitchenware,1,124.86,0.0,124.86,43.47,9.67,Low
MRG-2024-14901,2024-10-02,2024-10-06,APAC,Singapore,Consumer,Apparel,Accessories,2,309.09,0.05,587.27,171.62,20.05,Medium
MRG-2024-14010,2024-10-02,2024-10-10,North America,Mexico,Corporate,Electronics,Accessories,4,383.57,0.0,1534.28,627.99,31.33,High
MRG-2024-15830,2024-10-02,2024-10-06,North America,United States,Consumer,Apparel,Accessories,3,218.86,0.05,623.75,46.7,25.26,Low
MRG-2024-14451,2024-10-02,2024-10-03,Europe,Germany,Consumer,Electronics,Wearables,1,275.25,0.3,192.67,-19.34,13.6,High
MRG-2024-10725,2024-10-02,2024-10-04,North America,Canada,Consumer,Electronics,Wearables,11,375.74,0.0,4133.14,1048.26,19.93,Medium
MRG-2024-10905,2024-10-02,2024-10-07,Europe,Germany,Consumer,Apparel,Activewear,8,144.88,0.1,1043.14,339.36,12.44,Low
MRG-2024-13589,2024-10-02,2024-10-07,North America,Mexico,Home Office,Home & Living,Furniture,10,437.83,0.0,4378.3,1775.59,69.21,Low
MRG-2024-14804,2024-10-03,2024-10-11,North America,Canada,Home Office,Apparel,Footwear,10,448.12,0.05,4257.14,1552.06,36.22,Medium
MRG-2024-15598,2024-10-03,2024-10-11,North America,United States,Consumer,Apparel,Outerwear,5,71.0,0.0,355.0,144.57,28.61,Low
MRG-2024-11929,2024-10-03,2024-10-06,APAC,Australia,Consumer,Apparel,Footwear,11,308.03,0.15,2880.08,219.26,15.47,Low
MRG-2024-12949,2024-10-03,2024-10-08,North America,Canada,Corporate,Electronics,Accessories,7,35.01,0.1,220.56,62.98,38.19,High
MRG-2024-13003,2024-10-04,2024-10-12,North America,United States,Corporate,Electronics,Audio,8,230.81,0.0,1846.48,737.82,34.72,Low
MRG-2024-12381,2024-10-04,2024-10-11,Europe,France,Consumer,Electronics,Smart Home,1,442.29,0.05,420.18,38.16,5.12,Critical
MRG-2024-10623,2024-10-04,2024-10-06,North America,Canada,Consumer,Electronics,Smart Home,2,249.04,0.1,448.27,105.16,7.76,Low
MRG-2024-14514,2024-10-05,2024-10-09,APAC,Australia,Corporate,Apparel,Accessories,3,339.79,0.1,917.43,205.95,17.99,Medium
MRG-2024-10194,2024-10-06,2024-10-10,North America,Canada,Corporate,Electronics,Accessories,2,149.51,0.3,209.31,10.53,9.09,High
MRG-2024-14034,2024-10-06,2024-10-11,North America,Mexico,Corporate,Apparel,Footwear,2,70.97,0.0,141.94,26.53,16.04,High
MRG-2024-12725,2024-10-06,2024-10-12,Europe,Germany,Consumer,Electronics,Accessories,5,37.04,0.0,185.2,24.14,39.69,Low
MRG-2024-13215,2024-10-06,2024-10-10,APAC,India,Consumer,Electronics,Accessories,6,132.32,0.0,793.92,95.4,18.35,Low
MRG-2024-10731,2024-10-06,2024-10-12,Europe,Spain,Corporate,Electronics,Smart Home,4,138.12,0.15,469.61,-24.29,37.84,Medium
MRG-2024-11482,2024-10-07,2024-10-08,Europe,United Kingdom,Consumer,Home & Living,Bedding,5,15.42,0.0,77.1,13.48,20.47,High
MRG-2024-11857,2024-10-08,2024-10-09,APAC,Japan,Consumer,Electronics,Wearables,10,327.6,0.2,2620.8,281.56,63.29,Low
MRG-2024-13647,2024-10-08,2024-10-15,Europe,France,Consumer,Electronics,Audio,5,305.68,0.0,1528.4,153.27,43.76,Medium
MRG-2024-11276,2024-10-08,2024-10-15,North America,Mexico,Corporate,Electronics,Smart Home,8,389.99,0.0,3119.92,1241.6,38.33,Low
MRG-2024-13596,2024-10-08,2024-10-12,Europe,France,Consumer,Electronics,Accessories,7,353.63,0.05,2351.64,605.71,29.28,High
MRG-2024-10061,2024-10-08,2024-10-11,North America,Canada,Consumer,Electronics,Audio,7,201.77,0.2,1129.91,3.02,45.11,High
MRG-2024-13118,2024-10-08,2024-10-10,North America,Canada,Consumer,Apparel,Activewear,6,411.11,0.0,2466.66,506.54,46.44,Medium
MRG-2024-15757,2024-10-08,2024-10-11,APAC,India,Home Office,Electronics,Audio,5,372.27,0.2,1489.08,89.32,29.03,Medium
MRG-2024-12916,2024-10-09,2024-10-10,North America,Canada,Consumer,Apparel,Footwear,1,427.89,0.05,406.5,31.85,17.42,High
MRG-2024-13010,2024-10-09,2024-10-14,North America,Mexico,Consumer,Apparel,Footwear,7,251.1,0.0,1757.7,422.85,37.15,Low
MRG-2024-10215,2024-10-09,2024-10-10,Europe,Germany,Consumer,Home & Living,Decor,2,425.31,0.0,850.62,214.15,9.2,Low
MRG-2024-14227,2024-10-10,2024-10-17,North America,Canada,Corporate,Electronics,Wearables,11,259.85,0.15,2429.6,380.33,82.86,Medium
MRG-2024-11248,2024-10-10,2024-10-15,North America,Canada,Corporate,Apparel,Activewear,11,63.78,0.0,701.58,94.05,78.92,Low
MRG-2024-11290,2024-10-10,2024-10-14,Europe,Germany,Consumer,Apparel,Footwear,1,191.31,0.3,133.92,17.6,6.48,Low
MRG-2024-12493,2024-10-10,2024-10-14,North America,Mexico,Home Office,Home & Living,Furniture,9,435.82,0.3,2745.67,-411.85,35.62,Medium
MRG-2024-10711,2024-10-10,2024-10-14,Europe,France,Consumer,Home & Living,Decor,10,23.0,0.1,207.0,20.84,36.68,High
MRG-2024-13695,2024-10-10,2024-10-15,Europe,France,Consumer,Home & Living,Furniture,6,24.67,0.0,148.02,22.94,26.19,Low
MRG-2024-12929,2024-10-11,2024-10-17,North America,United States,Corporate,Electronics,Wearables,9,215.56,0.2,1552.03,-15.15,45.99,Medium
MRG-2024-12811,2024-10-11,2024-10-13,North America,United States,Consumer,Electronics,Smart Home,2,198.34,0.15,337.18,62.39,18.21,Medium
MRG-2024-12994,2024-10-12,2024-10-15,North America,Mexico,Corporate,Electronics,Accessories,1,202.75,0.0,202.75,34.31,9.96,Medium
MRG-2024-10517,2024-10-12,2024-10-15,North America,Canada,Corporate,Electronics,Smart Home,3,210.42,0.05,599.7,33.25,22.46,Low
MRG-2024-10588,2024-10-12,2024-10-15,Europe,Spain,Corporate,Home & Living,Decor,6,370.33,0.0,2221.98,441.05,35.39,High
MRG-2024-10059,2024-10-13,2024-10-15,North America,United States,Consumer,Apparel,Footwear,11,159.74,0.15,1493.57,70.52,64.98,Medium
MRG-2024-14603,2024-10-13,2024-10-21,North America,Mexico,Corporate,Electronics,Accessories,5,45.77,0.1,205.97,-0.21,24.34,High
MRG-2024-12116,2024-10-13,2024-10-21,Europe,France,Consumer,Apparel,Outerwear,6,416.31,0.3,1748.5,65.25,17.74,High
MRG-2024-11396,2024-10-13,2024-10-20,APAC,Japan,Corporate,Apparel,Activewear,5,232.25,0.2,929.0,121.37,28.23,High
MRG-2024-11214,2024-10-13,2024-10-20,APAC,Australia,Corporate,Home & Living,Decor,5,315.9,0.0,1579.5,556.41,14.73,Critical
MRG-2024-13895,2024-10-13,2024-10-15,North America,Mexico,Consumer,Apparel,Activewear,7,353.66,0.0,2475.62,345.32,23.2,High
MRG-2024-13534,2024-10-13,2024-10-15,North America,United States,Home Office,Electronics,Accessories,2,320.16,0.1,576.29,79.92,14.19,Medium
MRG-2024-10645,2024-10-13,2024-10-14,North America,United States,Consumer,Apparel,Outerwear,8,338.95,0.05,2576.02,215.73,23.56,Low
MRG-2024-10915,2024-10-13,2024-10-17,North America,United States,Home Office,Electronics,Wearables,2,233.1,0.0,466.2,147.56,16.85,Medium
MRG-2024-14178,2024-10-13,2024-10-19,Europe,France,Consumer,Apparel,Footwear,8,322.26,0.15,2191.37,358.81,24.71,Medium
MRG-2024-15145,2024-10-14,2024-10-15,APAC,Australia,Consumer,Apparel,Accessories,8,301.4,0.3,1687.84,-235.18,47.3,Medium
MRG-2024-15191,2024-10-14,2024-10-16,North America,Mexico,Consumer,Home & Living,Kitchenware,6,398.19,0.2,1911.31,54.32,12.66,Low
MRG-2024-11473,2024-10-14,2024-10-16,APAC,Australia,Home Office,Home & Living,Kitchenware,6,410.93,0.2,1972.46,153.92,24.41,High
MRG-2024-11106,2024-10-14,2024-10-15,North America,United States,Consumer,Apparel,Outerwear,2,63.2,0.05,120.08,31.86,23.15,Critical
MRG-2024-11575,2024-10-14,2024-10-15,North America,United States,Consumer,Apparel,Outerwear,4,318.54,0.0,1274.16,401.73,19.61,Low
MRG-2024-14106,2024-10-14,2024-10-17,Europe,Germany,Consumer,Electronics,Accessories,1,262.0,0.0,262.0,54.02,10.56,Low
MRG-2024-12868,2024-10-15,2024-10-21,Europe,Germany,Consumer,Home & Living,Furniture,7,373.43,0.0,2614.01,295.54,49.08,High
MRG-2024-11212,2024-10-15,2024-10-20,APAC,Singapore,Consumer,Electronics,Accessories,3,33.71,0.05,96.07,31.6,26.4,Medium
MRG-2024-13219,2024-10-15,2024-10-18,North America,United States,Consumer,Apparel,Outerwear,10,353.11,0.1,3177.99,715.83,64.38,Low
MRG-2024-13855,2024-10-15,2024-10-23,Europe,Spain,Consumer,Apparel,Footwear,10,322.13,0.15,2738.11,627.12,28.7,Low
MRG-2024-12162,2024-10-15,2024-10-20,North America,Mexico,Consumer,Apparel,Accessories,3,128.09,0.05,365.06,94.83,25.06,Low
MRG-2024-14626,2024-10-15,2024-10-21,APAC,Singapore,Consumer,Electronics,Audio,11,66.44,0.0,730.84,187.7,35.9,Low
MRG-2024-13249,2024-10-16,2024-10-22,Europe,Spain,Consumer,Electronics,Wearables,8,174.62,0.1,1257.26,255.8,60.78,Medium
MRG-2024-12234,2024-10-16,2024-10-20,North America,Canada,Consumer,Apparel,Activewear,11,332.55,0.15,3109.34,575.21,26.32,Low
MRG-2024-14999,2024-10-16,2024-10-19,North America,Canada,Consumer,Home & Living,Bedding,9,376.37,0.0,3387.33,384.59,35.65,Medium
MRG-2024-12288,2024-10-16,2024-10-19,North America,United States,Corporate,Home & Living,Decor,3,54.69,0.2,131.26,35.54,12.72,High
MRG-2024-15094,2024-10-16,2024-10-22,North America,Canada,Consumer,Apparel,Footwear,10,324.96,0.0,3249.6,368.77,30.19,High
MRG-2024-11878,2024-10-17,2024-10-18,Europe,Germany,Consumer,Apparel,Activewear,10,166.28,0.1,1496.52,390.36,69.35,Medium
MRG-2024-13492,2024-10-17,2024-10-25,Europe,France,Home Office,Electronics,Accessories,7,254.29,0.15,1513.03,-40.09,47.76,Medium
MRG-2024-15195,2024-10-17,2024-10-19,North America,Canada,Corporate,Home & Living,Bedding,10,428.66,0.0,4286.6,1564.76,61.14,Medium
MRG-2024-14369,2024-10-17,2024-10-19,Europe,United Kingdom,Home Office,Electronics,Smart Home,10,442.96,0.0,4429.6,1390.55,48.56,Medium
MRG-2024-15804,2024-10-17,2024-10-25,North America,Canada,Home Office,Electronics,Accessories,4,29.76,0.0,119.04,35.2,30.17,Medium
MRG-2024-15378,2024-10-18,2024-10-21,North America,United States,Consumer,Electronics,Smart Home,7,303.4,0.0,2123.8,534.93,33.05,Low
MRG-2024-11018,2024-10-18,2024-10-26,North America,United States,Corporate,Electronics,Smart Home,2,163.3,0.15,277.61,74.46,19.3,Low
MRG-2024-15138,2024-10-18,2024-10-20,North America,Mexico,Consumer,Electronics,Smart Home,11,219.97,0.0,2419.67,262.08,27.98,Low
MRG-2024-13541,2024-10-18,2024-10-23,North America,United States,Corporate,Home & Living,Decor,6,100.56,0.15,512.86,120.46,16.35,Medium
MRG-2024-14525,2024-10-18,2024-10-26,North America,United States,Consumer,Apparel,Outerwear,3,104.41,0.15,266.25,-1.23,18.08,Medium
MRG-2024-14387,2024-10-18,2024-10-22,North America,Mexico,Consumer,Electronics,Audio,4,129.0,0.0,516.0,193.35,18.0,Low
MRG-2024-13654,2024-10-18,2024-10-26,North America,United States,Consumer,Home & Living,Bedding,1,12.58,0.1,11.32,3.41,14.35,Medium
MRG-2024-11154,2024-10-18,2024-10-23,APAC,Singapore,Corporate,Electronics,Audio,6,439.79,0.0,2638.74,717.37,19.89,High
MRG-2024-13642,2024-10-19,2024-10-20,North America,Mexico,Consumer,Apparel,Activewear,1,286.78,0.05,272.44,20.31,5.81,Medium
MRG-2024-10069,2024-10-19,2024-10-20,North America,Mexico,Consumer,Home & Living,Decor,10,334.45,0.15,2842.82,55.09,45.49,Medium
MRG-2024-14615,2024-10-19,2024-10-20,Europe,Spain,Consumer,Apparel,Activewear,7,123.13,0.0,861.91,150.55,39.06,Low
MRG-2024-12568,2024-10-19,2024-10-21,North America,Canada,Consumer,Electronics,Accessories,1,96.77,0.0,96.77,33.47,17.71,Medium
MRG-2024-13828,2024-10-19,2024-10-26,Europe,France,Consumer,Electronics,Accessories,10,220.42,0.0,2204.2,294.86,69.31,Low
MRG-2024-14916,2024-10-20,2024-10-23,North America,Mexico,Home Office,Apparel,Footwear,2,212.35,0.2,339.76,34.14,16.23,Medium
MRG-2024-12292,2024-10-20,2024-10-23,APAC,Singapore,Consumer,Electronics,Wearables,5,264.69,0.3,926.41,-15.19,8.83,Low
MRG-2024-11599,2024-10-20,2024-10-22,APAC,Australia,Consumer,Apparel,Footwear,9,377.72,0.0,3399.48,824.46,61.28,High
MRG-2024-10042,2024-10-20,2024-10-21,North America,United States,Consumer,Apparel,Footwear,7,258.07,0.1,1625.84,332.7,30.45,Low
MRG-2024-12789,2024-10-20,2024-10-26,North America,United States,Consumer,Apparel,Activewear,6,180.06,0.2,864.29,211.16,48.5,Medium
MRG-2024-14331,2024-10-20,2024-10-24,Europe,Germany,Home Office,Apparel,Accessories,11,179.94,0.0,1979.34,674.68,22.18,Low
MRG-2024-12742,2024-10-20,2024-10-25,North America,Mexico,Home Office,Apparel,Footwear,2,51.49,0.05,97.83,21.73,15.3,Medium
MRG-2024-10077,2024-10-20,2024-10-22,North America,Mexico,Corporate,Apparel,Footwear,1,115.67,0.3,80.97,-12.15,11.44,Low
MRG-2024-14645,2024-10-21,2024-10-28,APAC,India,Corporate,Electronics,Audio,9,342.46,0.2,2465.71,-142.46,61.57,Medium
MRG-2024-11766,2024-10-21,2024-10-26,North America,United States,Consumer,Electronics,Wearables,11,193.01,0.3,1486.18,32.87,24.37,Medium
MRG-2024-15267,2024-10-21,2024-10-26,Europe,Spain,Home Office,Home & Living,Bedding,2,53.59,0.1,96.46,-1.88,24.01,Medium
MRG-2024-13426,2024-10-21,2024-10-28,APAC,Australia,Consumer,Apparel,Activewear,4,51.61,0.3,144.51,-20.93,20.17,Medium
MRG-2024-13869,2024-10-21,2024-10-25,APAC,Singapore,Home Office,Apparel,Footwear,1,171.69,0.1,154.52,-1.17,15.53,Low
MRG-2024-12673,2024-10-21,2024-10-28,North America,United States,Consumer,Apparel,Footwear,10,137.4,0.0,1374.0,539.62,36.69,Low
MRG-2024-14167,2024-10-21,2024-10-25,Europe,France,Consumer,Apparel,Footwear,7,397.79,0.1,2506.08,717.73,44.0,Medium
MRG-2024-13400,2024-10-22,2024-10-23,APAC,India,Corporate,Home & Living,Kitchenware,2,126.97,0.15,215.85,29.38,18.49,High
MRG-2024-10772,2024-10-22,2024-10-23,North America,United States,Home Office,Apparel,Accessories,1,228.87,0.2,183.1,-16.03,7.7,Medium
MRG-2024-10718,2024-10-22,2024-10-29,Europe,United Kingdom,Consumer,Apparel,Accessories,10,423.33,0.3,2963.31,183.08,30.6,Low
MRG-2024-13225,2024-10-22,2024-10-23,North America,Canada,Corporate,Electronics,Smart Home,11,78.64,0.0,865.04,98.83,58.05,Medium
MRG-2024-15301,2024-10-22,2024-10-29,North America,Mexico,Consumer,Home & Living,Furniture,8,231.75,0.05,1761.3,354.67,54.93,Low
MRG-2024-15179,2024-10-22,2024-10-27,North America,Mexico,Corporate,Home & Living,Furniture,3,350.17,0.2,840.41,-3.66,22.64,Low
MRG-2024-11948,2024-10-23,2024-10-25,Europe,France,Corporate,Apparel,Footwear,8,128.29,0.0,1026.32,233.12,56.51,High
MRG-2024-10770,2024-10-23,2024-10-28,APAC,Australia,Consumer,Apparel,Activewear,3,179.24,0.3,376.4,44.58,13.66,Low
MRG-2024-11698,2024-10-23,2024-10-25,Europe,France,Consumer,Apparel,Accessories,7,328.48,0.0,2299.36,852.76,19.86,High
MRG-2024-14924,2024-10-23,2024-10-26,North America,United States,Consumer,Apparel,Activewear,5,40.11,0.2,160.44,-13.23,36.65,Medium
MRG-2024-10260,2024-10-23,2024-10-24,APAC,India,Consumer,Apparel,Footwear,6,297.56,0.0,1785.36,737.25,42.88,Medium
MRG-2024-12400,2024-10-23,2024-10-28,Europe,United Kingdom,Consumer,Apparel,Accessories,1,110.04,0.15,93.53,3.87,7.65,Medium
MRG-2024-13760,2024-10-23,2024-10-25,North America,Mexico,Consumer,Home & Living,Decor,2,384.0,0.2,614.4,45.05,18.99,Low
MRG-2024-13575,2024-10-23,2024-10-25,North America,United States,Consumer,Electronics,Wearables,7,271.93,0.1,1713.16,164.7,26.19,High
MRG-2024-11744,2024-10-23,2024-10-25,APAC,India,Home Office,Apparel,Accessories,1,9.68,0.2,7.74,0.36,14.35,High
MRG-2024-14954,2024-10-23,2024-10-26,North America,Mexico,Home Office,Electronics,Accessories,8,150.76,0.0,1206.08,210.47,45.98,Medium
MRG-2024-14016,2024-10-24,2024-10-28,Europe,Germany,Consumer,Home & Living,Decor,1,338.91,0.15,288.07,48.44,6.0,Low
MRG-2024-10184,2024-10-24,2024-10-31,North America,United States,Consumer,Electronics,Audio,1,131.47,0.0,131.47,27.44,9.0,Low
MRG-2024-11787,2024-10-24,2024-10-29,Europe,Spain,Consumer,Home & Living,Furniture,5,335.58,0.0,1677.9,512.56,44.96,Medium
MRG-2024-15709,2024-10-24,2024-10-29,North America,Mexico,Corporate,Electronics,Smart Home,7,360.52,0.05,2397.46,475.31,33.4,Critical
MRG-2024-12230,2024-10-24,2024-10-29,Europe,France,Consumer,Electronics,Wearables,9,360.02,0.0,3240.18,545.15,49.05,Medium
MRG-2024-10739,2024-10-24,2024-10-31,North America,Mexico,Consumer,Apparel,Activewear,5,131.48,0.15,558.79,96.86,44.15,Medium
MRG-2024-15026,2024-10-24,2024-10-31,Europe,Germany,Consumer,Apparel,Activewear,5,129.43,0.3,453.0,38.83,16.91,High
MRG-2024-13512,2024-10-24,2024-11-01,Europe,United Kingdom,Consumer,Electronics,Wearables,5,205.12,0.1,923.04,146.64,43.23,Low
MRG-2024-11597,2024-10-24,2024-10-25,APAC,Japan,Consumer,Home & Living,Decor,3,434.29,0.0,1302.87,292.62,22.43,Medium
MRG-2024-14229,2024-10-24,2024-10-28,APAC,Australia,Consumer,Home & Living,Decor,9,225.08,0.0,2025.72,623.78,22.66,Low
MRG-2024-15650,2024-10-25,2024-10-26,APAC,Japan,Consumer,Apparel,Activewear,10,395.61,0.1,3560.49,726.47,58.18,Medium
MRG-2024-13109,2024-10-25,2024-11-02,APAC,Japan,Consumer,Electronics,Audio,2,222.56,0.1,400.61,118.47,9.0,Medium
MRG-2024-11164,2024-10-25,2024-10-27,APAC,Australia,Home Office,Electronics,Wearables,10,349.81,0.2,2798.48,-352.61,22.96,High
MRG-2024-13402,2024-10-25,2024-10-29,APAC,Australia,Consumer,Home & Living,Kitchenware,3,38.02,0.3,79.84,-5.41,28.88,Medium
MRG-2024-13248,2024-10-25,2024-10-28,Europe,France,Consumer,Electronics,Smart Home,7,57.97,0.1,365.21,0.66,39.64,Low
MRG-2024-12076,2024-10-25,2024-10-27,APAC,Japan,Corporate,Apparel,Activewear,11,166.19,0.0,1828.09,228.64,67.16,Medium
MRG-2024-12426,2024-10-25,2024-10-27,Europe,United Kingdom,Consumer,Home & Living,Decor,5,52.1,0.0,260.5,53.17,19.9,High
MRG-2024-13050,2024-10-26,2024-11-03,North America,Mexico,Consumer,Electronics,Wearables,9,146.75,0.15,1122.64,113.34,54.89,Medium
MRG-2024-15213,2024-10-26,2024-10-31,Europe,France,Consumer,Apparel,Footwear,9,430.38,0.0,3873.42,479.03,33.64,Low
MRG-2024-11866,2024-10-26,2024-10-30,North America,United States,Consumer,Home & Living,Bedding,2,95.86,0.2,153.38,22.51,9.69,High
MRG-2024-12873,2024-10-26,2024-10-27,North America,Canada,Corporate,Home & Living,Decor,5,15.56,0.2,62.24,12.31,27.02,Low
MRG-2024-13826,2024-10-26,2024-10-31,North America,United States,Corporate,Home & Living,Bedding,11,322.89,0.2,2841.43,43.95,60.28,Low
MRG-2024-15897,2024-10-27,2024-10-29,APAC,India,Home Office,Apparel,Outerwear,6,262.38,0.2,1259.42,386.32,13.38,Medium
MRG-2024-14019,2024-10-27,2024-10-28,North America,United States,Consumer,Apparel,Footwear,9,184.14,0.0,1657.26,659.7,49.02,Medium
MRG-2024-13041,2024-10-27,2024-11-01,North America,Canada,Corporate,Home & Living,Decor,10,151.33,0.0,1513.3,413.45,68.7,Medium
MRG-2024-14119,2024-10-27,2024-11-03,Europe,United Kingdom,Corporate,Home & Living,Decor,11,74.08,0.0,814.88,293.17,43.13,Low
MRG-2024-11382,2024-10-27,2024-10-28,Europe,France,Consumer,Apparel,Activewear,1,224.96,0.0,224.96,42.37,18.89,Low
MRG-2024-14571,2024-10-27,2024-11-04,APAC,Australia,Consumer,Home & Living,Furniture,5,299.89,0.05,1424.48,419.73,25.59,Low
MRG-2024-15516,2024-10-27,2024-10-29,North America,Mexico,Consumer,Apparel,Footwear,11,42.06,0.2,370.13,-8.28,46.77,Critical
MRG-2024-14784,2024-10-28,2024-11-01,North America,United States,Consumer,Electronics,Smart Home,1,328.85,0.0,328.85,108.32,20.76,Low
MRG-2024-13962,2024-10-28,2024-11-02,North America,Canada,Consumer,Electronics,Accessories,2,319.82,0.2,511.71,-28.12,9.82,High
MRG-2024-15932,2024-10-28,2024-10-29,Europe,United Kingdom,Corporate,Electronics,Audio,2,339.31,0.0,678.62,251.61,9.63,Medium
MRG-2024-12692,2024-10-28,2024-11-03,Europe,France,Consumer,Electronics,Audio,7,369.3,0.0,2585.1,389.34,28.03,Medium
MRG-2024-14786,2024-10-28,2024-11-02,North America,Mexico,Consumer,Home & Living,Furniture,8,285.22,0.2,1825.41,183.41,62.09,High
MRG-2024-12895,2024-10-28,2024-11-03,North America,Canada,Consumer,Electronics,Audio,9,107.07,0.15,819.09,258.19,60.56,Low
MRG-2024-14165,2024-10-28,2024-10-31,Europe,United Kingdom,Corporate,Apparel,Footwear,6,32.5,0.05,185.25,49.42,35.93,Medium
MRG-2024-15067,2024-10-28,2024-11-04,North America,Canada,Home Office,Home & Living,Kitchenware,9,341.35,0.0,3072.15,1217.19,27.62,High
MRG-2024-13879,2024-10-29,2024-11-06,North America,United States,Consumer,Home & Living,Decor,1,284.26,0.15,241.62,13.75,10.79,Low
MRG-2024-15016,2024-10-29,2024-10-31,APAC,Australia,Corporate,Home & Living,Furniture,8,248.42,0.0,1987.36,821.47,23.55,Low
MRG-2024-13157,2024-10-29,2024-10-31,APAC,Japan,Consumer,Electronics,Smart Home,5,409.77,0.2,1639.08,322.74,39.07,Medium
MRG-2024-14468,2024-10-29,2024-11-02,North America,United States,Corporate,Apparel,Accessories,1,334.45,0.1,301.0,4.48,12.73,Low
MRG-2024-15628,2024-10-29,2024-11-03,North America,Canada,Consumer,Home & Living,Decor,4,116.7,0.05,443.46,132.14,21.81,High
MRG-2024-14212,2024-10-30,2024-11-03,North America,Mexico,Consumer,Home & Living,Decor,4,314.2,0.15,1068.28,271.61,16.72,Medium
MRG-2024-11027,2024-10-30,2024-11-07,North America,Mexico,Consumer,Electronics,Audio,3,112.87,0.15,287.82,-7.65,22.09,Medium
MRG-2024-15431,2024-10-30,2024-11-06,Europe,United Kingdom,Consumer,Home & Living,Bedding,9,301.19,0.2,2168.57,-187.82,54.76,Medium
MRG-2024-13590,2024-10-30,2024-10-31,Europe,United Kingdom,Corporate,Electronics,Audio,8,369.01,0.3,2066.46,335.72,23.97,Low
MRG-2024-15848,2024-10-30,2024-11-02,North America,Canada,Consumer,Home & Living,Decor,7,182.58,0.05,1214.16,288.02,47.84,High
MRG-2024-10587,2024-10-30,2024-11-07,North America,United States,Consumer,Electronics,Smart Home,4,399.25,0.2,1277.6,110.61,13.89,Low
MRG-2024-13031,2024-10-30,2024-10-31,North America,United States,Consumer,Home & Living,Kitchenware,2,117.39,0.0,234.78,52.6,23.63,High
MRG-2024-15573,2024-10-30,2024-11-07,Europe,France,Corporate,Home & Living,Decor,5,238.4,0.0,1192.0,344.08,41.29,Medium
MRG-2024-12374,2024-10-31,2024-11-06,Europe,France,Consumer,Apparel,Footwear,6,10.51,0.3,44.14,-6.62,18.27,Medium
MRG-2024-13549,2024-10-31,2024-11-02,North America,Mexico,Corporate,Apparel,Footwear,5,272.17,0.0,1360.85,341.72,10.42,Medium
MRG-2024-13208,2024-10-31,2024-11-07,North America,Canada,Consumer,Electronics,Smart Home,7,390.69,0.1,2461.35,627.21,45.73,Medium
MRG-2024-13991,2024-10-31,2024-11-03,Europe,Spain,Consumer,Electronics,Wearables,3,450.0,0.0,1350.0,410.98,11.57,High
MRG-2024-12155,2024-10-31,2024-11-07,North America,Canada,Consumer,Home & Living,Decor,1,343.1,0.0,343.1,119.26,19.08,Low
MRG-2024-15991,2024-10-31,2024-11-05,North America,Mexico,Consumer,Apparel,Accessories,10,287.45,0.1,2587.05,19.18,26.28,Low
MRG-2024-13660,2024-10-31,2024-11-08,North America,United States,Corporate,Home & Living,Decor,3,443.38,0.15,1130.62,147.53,29.34,Low
MRG-2024-13063,2024-10-31,2024-11-03,Europe,United Kingdom,Home Office,Apparel,Footwear,9,428.15,0.05,3660.68,528.78,21.62,Medium
MRG-2024-10349,2024-11-01,2024-11-04,Europe,Germany,Consumer,Home & Living,Kitchenware,4,105.99,0.15,360.37,13.58,36.13,Low
MRG-2024-15190,2024-11-01,2024-11-05,North America,Canada,Consumer,Electronics,Accessories,9,272.05,0.3,1713.91,-169.01,36.27,Medium
MRG-2024-13234,2024-11-01,2024-11-03,North America,Mexico,Corporate,Electronics,Wearables,1,433.22,0.1,389.9,125.32,11.38,High
MRG-2024-10508,2024-11-01,2024-11-09,Europe,Germany,Home Office,Apparel,Footwear,3,52.25,0.3,109.72,9.53,8.07,High
MRG-2024-12406,2024-11-01,2024-11-07,North America,United States,Consumer,Home & Living,Bedding,2,184.7,0.15,313.99,91.34,5.87,Medium
MRG-2024-12286,2024-11-02,2024-11-08,North America,United States,Consumer,Apparel,Footwear,10,324.25,0.0,3242.5,706.2,17.94,Low
MRG-2024-15599,2024-11-02,2024-11-10,Europe,Germany,Consumer,Apparel,Outerwear,3,306.03,0.15,780.38,105.25,27.93,Low
MRG-2024-11119,2024-11-03,2024-11-04,North America,Canada,Consumer,Electronics,Audio,5,183.32,0.0,916.6,322.6,28.61,High
MRG-2024-10227,2024-11-03,2024-11-10,APAC,Singapore,Consumer,Home & Living,Decor,4,388.51,0.0,1554.04,559.21,37.68,Medium
MRG-2024-15280,2024-11-03,2024-11-09,North America,Canada,Corporate,Apparel,Accessories,5,305.3,0.3,1068.55,-113.21,11.56,Low
MRG-2024-12961,2024-11-04,2024-11-05,North America,Canada,Corporate,Electronics,Smart Home,4,303.4,0.1,1092.24,0.04,20.72,Medium
MRG-2024-10014,2024-11-04,2024-11-07,North America,Mexico,Consumer,Apparel,Outerwear,10,365.25,0.3,2556.75,493.18,42.69,Medium
MRG-2024-14689,2024-11-04,2024-11-06,North America,United States,Corporate,Apparel,Outerwear,5,10.11,0.3,35.38,-4.79,16.21,Low
MRG-2024-12345,2024-11-04,2024-11-11,North America,Canada,Corporate,Home & Living,Kitchenware,1,111.39,0.15,94.68,14.04,12.72,Critical
MRG-2024-15217,2024-11-04,2024-11-07,North America,Mexico,Consumer,Apparel,Footwear,2,390.58,0.15,663.99,177.95,18.47,High
MRG-2024-11981,2024-11-04,2024-11-07,APAC,Singapore,Corporate,Apparel,Activewear,7,327.45,0.05,2177.54,526.07,44.37,Medium
MRG-2024-11389,2024-11-05,2024-11-09,Europe,United Kingdom,Home Office,Home & Living,Decor,9,22.79,0.3,143.58,-21.25,16.97,Low
MRG-2024-11316,2024-11-05,2024-11-09,Europe,France,Consumer,Electronics,Audio,5,255.75,0.1,1150.88,16.41,17.68,High
MRG-2024-11566,2024-11-05,2024-11-12,Europe,United Kingdom,Consumer,Apparel,Activewear,1,272.58,0.05,258.95,43.53,17.46,Low
MRG-2024-12736,2024-11-05,2024-11-07,APAC,Singapore,Home Office,Apparel,Footwear,9,57.63,0.0,518.67,47.58,12.83,High
MRG-2024-10390,2024-11-05,2024-11-13,Europe,Germany,Consumer,Apparel,Outerwear,6,383.89,0.0,2303.34,268.23,25.26,Medium
MRG-2024-10484,2024-11-05,2024-11-12,North America,Canada,Home Office,Electronics,Audio,1,229.55,0.0,229.55,43.81,17.2,Low
MRG-2024-12808,2024-11-06,2024-11-11,North America,Canada,Consumer,Electronics,Audio,3,253.65,0.0,760.95,67.2,16.68,Medium
MRG-2024-10104,2024-11-06,2024-11-12,Europe,United Kingdom,Corporate,Electronics,Wearables,7,374.22,0.0,2619.54,233.23,37.92,Medium
MRG-2024-10223,2024-11-07,2024-11-08,North America,Canada,Corporate,Apparel,Accessories,5,254.45,0.0,1272.25,426.64,29.6,Critical
MRG-2024-12507,2024-11-07,2024-11-08,APAC,Australia,Home Office,Apparel,Activewear,1,60.08,0.15,51.07,-0.79,14.91,Low
MRG-2024-11818,2024-11-07,2024-11-08,North America,Mexico,Consumer,Electronics,Smart Home,6,358.28,0.2,1719.74,-31.55,10.55,Medium
MRG-2024-11183,2024-11-07,2024-11-15,Europe,France,Consumer,Apparel,Accessories,10,223.11,0.3,1561.77,-11.34,61.36,Low
MRG-2024-10576,2024-11-07,2024-11-11,APAC,Australia,Consumer,Electronics,Smart Home,8,307.35,0.1,2212.92,639.38,47.95,Low
MRG-2024-11385,2024-11-07,2024-11-13,North America,Canada,Consumer,Apparel,Outerwear,10,146.97,0.3,1028.79,-154.32,52.42,Low
MRG-2024-13177,2024-11-08,2024-11-12,Europe,United Kingdom,Consumer,Apparel,Accessories,1,449.02,0.15,381.67,54.27,12.59,Medium
MRG-2024-10950,2024-11-08,2024-11-10,Europe,United Kingdom,Home Office,Home & Living,Bedding,3,356.65,0.1,962.96,168.12,16.72,Medium
MRG-2024-11174,2024-11-08,2024-11-10,Europe,Germany,Consumer,Electronics,Audio,2,353.63,0.05,671.9,215.27,17.56,Medium
MRG-2024-13784,2024-11-08,2024-11-12,North America,United States,Consumer,Electronics,Audio,2,8.56,0.0,17.12,5.79,24.95,Critical
MRG-2024-14831,2024-11-08,2024-11-12,Europe,Germany,Corporate,Electronics,Wearables,4,283.46,0.0,1133.84,229.81,34.71,Medium
MRG-2024-15198,2024-11-08,2024-11-09,Europe,France,Consumer,Apparel,Activewear,7,353.88,0.0,2477.16,475.38,47.42,High
MRG-2024-12743,2024-11-08,2024-11-12,North America,United States,Consumer,Apparel,Accessories,6,80.34,0.2,385.63,63.27,35.53,Medium
MRG-2024-15172,2024-11-09,2024-11-12,Europe,Germany,Corporate,Home & Living,Kitchenware,10,305.49,0.0,3054.9,773.53,21.54,Medium
MRG-2024-15687,2024-11-09,2024-11-16,APAC,Singapore,Home Office,Apparel,Outerwear,8,43.46,0.05,330.3,64.47,23.07,Low
MRG-2024-13091,2024-11-09,2024-11-11,APAC,Singapore,Consumer,Home & Living,Kitchenware,11,126.04,0.3,970.51,186.21,80.57,High
MRG-2024-11288,2024-11-09,2024-11-10,North America,Mexico,Consumer,Apparel,Outerwear,11,238.32,0.0,2621.52,249.43,46.45,High
MRG-2024-12278,2024-11-10,2024-11-15,APAC,Japan,Corporate,Home & Living,Decor,7,58.03,0.3,284.35,-22.65,39.99,Low
MRG-2024-10930,2024-11-10,2024-11-11,North America,United States,Home Office,Apparel,Accessories,9,188.2,0.0,1693.8,521.15,50.74,High
MRG-2024-11548,2024-11-10,2024-11-18,Europe,Germany,Home Office,Home & Living,Furniture,10,101.9,0.15,866.15,178.24,42.69,Low
MRG-2024-12418,2024-11-10,2024-11-18,Europe,Germany,Corporate,Apparel,Footwear,6,214.85,0.2,1031.28,-72.44,12.2,Low
MRG-2024-14605,2024-11-10,2024-11-12,Europe,France,Consumer,Apparel,Activewear,4,119.35,0.0,477.4,55.51,9.36,Low
MRG-2024-11938,2024-11-10,2024-11-15,North America,United States,Consumer,Home & Living,Bedding,3,169.86,0.0,509.58,125.72,22.26,Medium
MRG-2024-11805,2024-11-10,2024-11-11,North America,Canada,Home Office,Apparel,Accessories,8,61.09,0.3,342.1,30.63,14.82,Low
MRG-2024-14724,2024-11-11,2024-11-13,APAC,Singapore,Corporate,Apparel,Activewear,5,229.78,0.1,1034.01,241.92,16.88,High
MRG-2024-13336,2024-11-11,2024-11-16,Europe,United Kingdom,Home Office,Electronics,Accessories,4,60.83,0.0,243.32,71.38,22.27,Low
MRG-2024-15384,2024-11-11,2024-11-16,North America,Mexico,Consumer,Apparel,Footwear,4,94.4,0.0,377.6,146.02,29.86,Low
MRG-2024-14217,2024-11-11,2024-11-13,North America,Canada,Consumer,Apparel,Outerwear,8,262.44,0.0,2099.52,429.45,27.3,Medium
MRG-2024-15688,2024-11-11,2024-11-15,North America,United States,Corporate,Apparel,Activewear,3,256.42,0.1,692.33,97.8,17.79,High
MRG-2024-12204,2024-11-11,2024-11-18,APAC,Australia,Corporate,Electronics,Wearables,1,353.0,0.1,317.7,37.13,10.76,Low
MRG-2024-14516,2024-11-11,2024-11-16,Europe,France,Corporate,Electronics,Audio,8,77.46,0.0,619.68,83.61,49.53,Medium
MRG-2024-14670,2024-11-11,2024-11-12,Europe,United Kingdom,Corporate,Electronics,Wearables,9,14.73,0.15,112.68,-4.57,34.86,Medium
MRG-2024-12531,2024-11-11,2024-11-13,North America,Mexico,Home Office,Apparel,Outerwear,1,18.49,0.2,14.79,2.29,8.04,Medium
MRG-2024-11733,2024-11-11,2024-11-12,APAC,Australia,Consumer,Home & Living,Furniture,11,200.74,0.3,1545.7,-171.27,47.9,Medium
MRG-2024-14688,2024-11-11,2024-11-16,APAC,Singapore,Consumer,Home & Living,Furniture,2,14.61,0.2,23.38,0.64,15.71,Medium
MRG-2024-15890,2024-11-12,2024-11-20,North America,United States,Home Office,Electronics,Audio,2,244.93,0.1,440.87,150.33,12.87,Low
MRG-2024-10996,2024-11-12,2024-11-18,North America,Mexico,Consumer,Electronics,Audio,1,225.79,0.15,191.92,37.71,17.33,High
MRG-2024-14421,2024-11-12,2024-11-17,Europe,United Kingdom,Consumer,Home & Living,Bedding,3,412.47,0.0,1237.41,124.93,8.03,Low
MRG-2024-13210,2024-11-12,2024-11-17,North America,Canada,Corporate,Electronics,Smart Home,1,384.21,0.05,365.0,125.64,8.05,High
MRG-2024-10988,2024-11-12,2024-11-14,North America,Mexico,Home Office,Home & Living,Kitchenware,9,287.13,0.1,2325.75,134.08,28.29,Low
MRG-2024-11236,2024-11-12,2024-11-20,North America,United States,Corporate,Home & Living,Bedding,1,196.96,0.1,177.26,44.83,17.86,Medium
MRG-2024-13389,2024-11-13,2024-11-17,Europe,United Kingdom,Consumer,Electronics,Audio,8,204.63,0.15,1391.48,-12.2,54.21,Low
MRG-2024-13341,2024-11-13,2024-11-16,Europe,Spain,Consumer,Electronics,Accessories,7,360.21,0.2,2017.18,181.57,52.91,High
MRG-2024-11187,2024-11-13,2024-11-17,North America,United States,Consumer,Apparel,Outerwear,7,221.53,0.3,1085.5,120.83,39.16,Low
MRG-2024-12630,2024-11-13,2024-11-19,North America,United States,Consumer,Home & Living,Kitchenware,11,201.83,0.0,2220.13,679.92,81.96,Medium
MRG-2024-14190,2024-11-13,2024-11-19,North America,United States,Home Office,Home & Living,Bedding,3,105.03,0.0,315.09,97.58,6.61,Medium
MRG-2024-10157,2024-11-13,2024-11-17,North America,Mexico,Consumer,Home & Living,Furniture,4,336.36,0.05,1278.17,136.2,27.53,Low
MRG-2024-11992,2024-11-14,2024-11-17,North America,United States,Consumer,Apparel,Accessories,11,331.72,0.05,3466.47,1237.43,19.18,Low
MRG-2024-13893,2024-11-14,2024-11-19,Europe,Spain,Consumer,Home & Living,Bedding,2,88.45,0.2,141.52,31.98,15.79,High
MRG-2024-10272,2024-11-14,2024-11-20,APAC,Singapore,Home Office,Apparel,Footwear,1,326.85,0.1,294.17,91.98,12.12,Low
MRG-2024-15056,2024-11-14,2024-11-15,Europe,United Kingdom,Corporate,Home & Living,Decor,2,55.11,0.0,110.22,15.18,23.39,Low
MRG-2024-12229,2024-11-14,2024-11-19,Europe,Germany,Consumer,Electronics,Audio,10,238.71,0.1,2148.39,487.69,46.68,Low
MRG-2024-12812,2024-11-15,2024-11-18,North America,Mexico,Consumer,Electronics,Smart Home,11,9.64,0.0,106.04,14.05,68.82,Low
MRG-2024-11519,2024-11-15,2024-11-18,North America,Mexico,Corporate,Electronics,Wearables,9,297.67,0.05,2545.08,728.28,45.81,Medium
MRG-2024-14446,2024-11-15,2024-11-23,Europe,United Kingdom,Home Office,Apparel,Accessories,2,437.42,0.0,874.84,215.2,19.76,Medium
MRG-2024-10584,2024-11-15,2024-11-16,APAC,Singapore,Consumer,Home & Living,Kitchenware,5,192.93,0.0,964.65,216.22,10.56,Medium
MRG-2024-12985,2024-11-15,2024-11-23,Europe,Germany,Home Office,Electronics,Smart Home,9,137.49,0.05,1175.54,372.58,21.41,Medium
MRG-2024-15009,2024-11-15,2024-11-16,North America,Canada,Consumer,Electronics,Audio,3,381.32,0.05,1086.76,346.39,14.72,Low
MRG-2024-12973,2024-11-16,2024-11-20,Europe,France,Home Office,Electronics,Wearables,2,98.65,0.3,138.11,-19.65,6.84,Low
MRG-2024-10166,2024-11-17,2024-11-23,North America,Mexico,Home Office,Home & Living,Furniture,2,97.63,0.2,156.21,22.26,20.89,Medium
MRG-2024-13658,2024-11-17,2024-11-23,North America,United States,Consumer,Home & Living,Kitchenware,11,85.6,0.3,659.12,-28.21,37.38,Low
MRG-2024-14072,2024-11-17,2024-11-20,Europe,Spain,Home Office,Apparel,Outerwear,11,402.71,0.15,3765.34,1190.2,61.19,Medium
MRG-2024-15847,2024-11-17,2024-11-24,North America,United States,Consumer,Home & Living,Kitchenware,2,353.58,0.0,707.16,215.91,22.92,Medium
MRG-2024-10026,2024-11-18,2024-11-26,Europe,France,Consumer,Electronics,Audio,10,212.56,0.2,1700.48,272.33,24.18,Medium
MRG-2024-13932,2024-11-18,2024-11-26,North America,Mexico,Consumer,Home & Living,Furniture,8,278.43,0.0,2227.44,441.21,15.62,High
MRG-2024-12727,2024-11-18,2024-11-24,Europe,France,Home Office,Apparel,Footwear,5,62.99,0.0,314.95,72.64,24.04,High
MRG-2024-11710,2024-11-18,2024-11-20,APAC,Japan,Corporate,Home & Living,Decor,2,145.67,0.05,276.77,28.82,13.48,Low
MRG-2024-15161,2024-11-18,2024-11-19,Europe,Germany,Consumer,Apparel,Accessories,11,212.21,0.3,1634.02,242.04,57.73,High
MRG-2024-13909,2024-11-18,2024-11-22,Europe,France,Corporate,Apparel,Footwear,10,110.06,0.2,880.48,184.2,66.22,Low
MRG-2024-15569,2024-11-19,2024-11-23,APAC,Singapore,Home Office,Home & Living,Decor,7,240.21,0.0,1681.47,275.53,40.15,Low
MRG-2024-14986,2024-11-19,2024-11-25,North America,United States,Home Office,Home & Living,Bedding,10,249.34,0.1,2244.06,423.57,71.0,Low
MRG-2024-14562,2024-11-19,2024-11-25,APAC,India,Home Office,Electronics,Smart Home,2,357.37,0.1,643.27,177.28,12.49,Low
MRG-2024-10919,2024-11-19,2024-11-24,APAC,Japan,Consumer,Home & Living,Kitchenware,8,307.46,0.2,1967.74,362.27,21.45,Medium
MRG-2024-10831,2024-11-19,2024-11-25,Europe,United Kingdom,Corporate,Home & Living,Decor,6,284.41,0.0,1706.46,515.52,25.75,Low
MRG-2024-15540,2024-11-20,2024-11-24,Europe,Spain,Corporate,Electronics,Accessories,7,57.46,0.0,402.22,78.72,43.62,Low
MRG-2024-11376,2024-11-20,2024-11-27,Europe,Germany,Home Office,Home & Living,Decor,2,361.42,0.0,722.84,287.76,13.46,Medium
MRG-2024-14346,2024-11-20,2024-11-25,APAC,Australia,Consumer,Electronics,Audio,2,335.55,0.0,671.1,112.07,12.12,High
MRG-2024-13678,2024-11-20,2024-11-22,APAC,India,Consumer,Electronics,Smart Home,10,324.12,0.0,3241.2,792.85,62.43,Critical
MRG-2024-14570,2024-11-21,2024-11-26,North America,United States,Home Office,Electronics,Smart Home,4,27.09,0.0,108.36,26.2,32.31,Medium
MRG-2024-14264,2024-11-21,2024-11-26,North America,Canada,Consumer,Apparel,Accessories,8,19.78,0.15,134.5,8.76,54.31,Low
MRG-2024-13605,2024-11-21,2024-11-29,North America,United States,Home Office,Home & Living,Kitchenware,4,410.1,0.2,1312.32,-9.02,23.46,Medium
MRG-2024-14268,2024-11-21,2024-11-29,North America,United States,Home Office,Home & Living,Furniture,6,406.8,0.0,2440.8,740.68,31.76,High
MRG-2024-13776,2024-11-21,2024-11-24,North America,Mexico,Corporate,Home & Living,Decor,8,125.37,0.0,1002.96,134.08,26.31,High
MRG-2024-11113,2024-11-22,2024-11-23,APAC,Australia,Consumer,Home & Living,Kitchenware,1,418.31,0.0,418.31,164.41,13.79,Medium
MRG-2024-10605,2024-11-22,2024-11-25,North America,United States,Consumer,Electronics,Wearables,5,50.39,0.05,239.35,54.62,18.71,Medium
MRG-2024-10168,2024-11-22,2024-11-27,APAC,India,Consumer,Apparel,Accessories,7,116.54,0.0,815.78,127.28,26.41,Medium
MRG-2024-13877,2024-11-22,2024-11-30,APAC,Japan,Consumer,Home & Living,Bedding,11,281.18,0.2,2474.38,239.41,50.89,Low
MRG-2024-15367,2024-11-22,2024-11-23,North America,United States,Consumer,Apparel,Footwear,4,443.47,0.2,1419.1,34.34,9.54,Low
MRG-2024-15953,2024-11-23,2024-11-25,North America,Canada,Consumer,Electronics,Audio,6,426.39,0.1,2302.51,441.41,22.66,Medium
MRG-2024-12805,2024-11-23,2024-11-28,Europe,Germany,Corporate,Electronics,Smart Home,9,92.76,0.15,709.61,28.0,13.17,Medium
MRG-2024-11637,2024-11-23,2024-11-29,Europe,Spain,Consumer,Home & Living,Furniture,8,363.71,0.2,2327.74,305.81,42.33,High
MRG-2024-12532,2024-11-23,2024-11-29,APAC,India,Home Office,Apparel,Outerwear,3,182.07,0.2,436.97,10.9,21.64,High
MRG-2024-14472,2024-11-23,2024-11-29,Europe,Germany,Consumer,Apparel,Footwear,4,427.16,0.05,1623.21,534.54,31.78,Low
MRG-2024-14492,2024-11-24,2024-11-27,APAC,Singapore,Consumer,Apparel,Accessories,7,17.13,0.0,119.91,42.08,51.79,Critical
MRG-2024-15571,2024-11-24,2024-11-26,Europe,Spain,Consumer,Home & Living,Furniture,4,315.8,0.0,1263.2,508.17,15.97,Medium
MRG-2024-13051,2024-11-24,2024-12-01,APAC,Australia,Consumer,Electronics,Smart Home,4,337.96,0.0,1351.84,374.77,27.04,Medium
MRG-2024-10480,2024-11-24,2024-12-01,North America,Canada,Corporate,Apparel,Footwear,11,143.41,0.0,1577.51,638.19,43.25,Low
MRG-2024-14222,2024-11-24,2024-11-25,Europe,Spain,Consumer,Home & Living,Bedding,10,162.35,0.3,1136.45,-30.33,45.23,Low
MRG-2024-11908,2024-11-24,2024-11-28,Europe,Germany,Corporate,Electronics,Audio,6,173.47,0.0,1040.82,151.59,41.37,Critical
MRG-2024-11488,2024-11-24,2024-11-26,Europe,United Kingdom,Corporate,Electronics,Wearables,1,434.05,0.1,390.65,50.53,18.99,Medium
MRG-2024-15049,2024-11-24,2024-11-27,North America,Canada,Home Office,Home & Living,Bedding,11,110.34,0.0,1213.74,189.64,73.91,Critical
MRG-2024-14704,2024-11-24,2024-11-25,APAC,India,Consumer,Electronics,Accessories,1,175.71,0.1,158.14,12.85,10.25,High
MRG-2024-14563,2024-11-24,2024-11-30,North America,United States,Corporate,Home & Living,Furniture,4,425.32,0.15,1446.09,102.56,14.23,Medium
MRG-2024-13672,2024-11-25,2024-12-03,APAC,Japan,Home Office,Electronics,Audio,7,54.09,0.1,340.77,73.62,30.48,Medium
MRG-2024-15770,2024-11-25,2024-12-03,North America,United States,Corporate,Home & Living,Furniture,3,291.42,0.1,786.83,89.69,9.77,High
MRG-2024-13482,2024-11-25,2024-11-28,North America,United States,Corporate,Electronics,Audio,6,281.3,0.2,1350.24,37.77,40.23,Low
MRG-2024-12723,2024-11-25,2024-11-28,North America,Mexico,Consumer,Electronics,Smart Home,3,357.68,0.15,912.08,38.15,20.15,Low
MRG-2024-10360,2024-11-25,2024-11-29,Europe,Germany,Consumer,Electronics,Audio,3,21.81,0.0,65.43,14.91,15.67,Medium
MRG-2024-10874,2024-11-25,2024-12-01,Europe,United Kingdom,Corporate,Electronics,Wearables,1,179.53,0.2,143.62,26.81,16.13,Low
MRG-2024-15283,2024-11-25,2024-11-28,North America,Mexico,Consumer,Electronics,Wearables,7,444.0,0.3,2175.6,98.17,34.56,High
MRG-2024-10925,2024-11-25,2024-12-01,Europe,Spain,Corporate,Apparel,Accessories,7,289.49,0.3,1418.5,-92.7,43.62,High
MRG-2024-12124,2024-11-26,2024-12-04,North America,United States,Corporate,Home & Living,Bedding,2,184.17,0.15,313.09,-20.94,10.36,Medium
MRG-2024-11603,2024-11-26,2024-12-04,Europe,Germany,Consumer,Apparel,Activewear,1,102.33,0.3,71.63,-10.74,8.3,Low
MRG-2024-12242,2024-11-26,2024-12-03,Europe,Spain,Home Office,Electronics,Smart Home,9,297.37,0.2,2141.06,378.11,24.66,Low
MRG-2024-14637,2024-11-26,2024-11-30,APAC,Japan,Corporate,Electronics,Accessories,2,331.63,0.05,630.1,110.36,7.04,Low
MRG-2024-14841,2024-11-26,2024-11-27,North America,United States,Consumer,Apparel,Outerwear,11,412.46,0.3,3175.94,-162.97,50.35,Medium
MRG-2024-13162,2024-11-26,2024-11-29,APAC,India,Corporate,Apparel,Footwear,11,262.11,0.0,2883.21,1051.42,26.38,Medium
MRG-2024-15750,2024-11-27,2024-12-03,North America,Canada,Consumer,Electronics,Smart Home,10,62.9,0.3,440.3,-66.05,21.5,High
MRG-2024-14710,2024-11-27,2024-12-01,Europe,France,Home Office,Electronics,Accessories,2,85.69,0.1,154.24,13.06,19.28,High
MRG-2024-12048,2024-11-27,2024-12-03,North America,United States,Home Office,Apparel,Accessories,4,34.81,0.05,132.28,16.65,15.07,Medium
MRG-2024-10840,2024-11-27,2024-12-04,Europe,Germany,Corporate,Home & Living,Decor,9,434.88,0.3,2739.74,167.76,36.07,Low
MRG-2024-11132,2024-11-28,2024-12-03,North America,Canada,Consumer,Apparel,Activewear,2,55.72,0.15,94.72,7.6,10.93,Medium
MRG-2024-12446,2024-11-28,2024-11-30,Europe,France,Corporate,Home & Living,Furniture,10,374.63,0.0,3746.3,624.83,57.55,Low
MRG-2024-11836,2024-11-28,2024-12-05,North America,Canada,Consumer,Electronics,Wearables,9,13.26,0.0,119.34,31.1,68.4,Low
MRG-2024-12123,2024-11-28,2024-12-01,Europe,United Kingdom,Corporate,Electronics,Smart Home,10,426.46,0.3,2985.22,-246.45,34.98,High
MRG-2024-11966,2024-11-28,2024-11-29,Europe,United Kingdom,Consumer,Apparel,Outerwear,9,318.92,0.0,2870.28,665.73,47.48,High
MRG-2024-11002,2024-11-28,2024-12-06,APAC,Australia,Consumer,Apparel,Activewear,9,274.22,0.1,2221.18,94.91,47.88,Medium
MRG-2024-14005,2024-11-28,2024-11-29,Europe,Germany,Consumer,Home & Living,Furniture,9,336.14,0.3,2117.68,46.25,37.48,Critical
MRG-2024-13738,2024-11-28,2024-12-06,North America,Mexico,Consumer,Home & Living,Kitchenware,9,345.58,0.1,2799.2,922.87,62.93,Medium
MRG-2024-11716,2024-11-29,2024-12-02,Europe,France,Home Office,Electronics,Smart Home,4,174.52,0.2,558.46,-4.37,18.68,Low
MRG-2024-14975,2024-11-29,2024-12-02,Europe,United Kingdom,Consumer,Home & Living,Kitchenware,8,341.4,0.0,2731.2,615.69,27.83,Medium
MRG-2024-14505,2024-11-29,2024-12-05,APAC,India,Home Office,Apparel,Accessories,2,416.03,0.15,707.25,115.48,21.3,High
MRG-2024-13270,2024-11-29,2024-11-30,North America,United States,Consumer,Home & Living,Kitchenware,1,57.69,0.05,54.81,4.46,7.49,Low
MRG-2024-15346,2024-11-30,2024-12-04,North America,Canada,Corporate,Apparel,Activewear,2,327.92,0.0,655.84,95.13,20.07,Low
MRG-2024-10087,2024-11-30,2024-12-02,North America,Mexico,Corporate,Apparel,Footwear,2,149.07,0.3,208.7,16.71,18.92,Medium
MRG-2024-10825,2024-11-30,2024-12-04,APAC,India,Home Office,Electronics,Smart Home,5,44.3,0.1,199.35,15.81,21.78,High
MRG-2024-12820,2024-11-30,2024-12-02,North America,Mexico,Consumer,Home & Living,Kitchenware,10,36.82,0.0,368.2,36.71,71.25,High
MRG-2024-12914,2024-11-30,2024-12-02,North America,United States,Consumer,Electronics,Wearables,8,259.77,0.0,2078.16,613.5,21.51,Medium
MRG-2024-14292,2024-11-30,2024-12-07,North America,United States,Corporate,Electronics,Smart Home,8,53.6,0.3,300.16,23.86,37.87,Medium
MRG-2024-15400,2024-11-30,2024-12-04,Europe,United Kingdom,Corporate,Apparel,Activewear,1,243.9,0.1,219.51,-4.25,15.5,High
MRG-2024-10244,2024-12-01,2024-12-03,Europe,Germany,Consumer,Electronics,Audio,10,314.53,0.05,2988.03,134.66,33.86,Low
MRG-2024-14510,2024-12-01,2024-12-05,APAC,India,Corporate,Home & Living,Kitchenware,7,201.94,0.15,1201.54,310.89,26.46,Medium
MRG-2024-14966,2024-12-01,2024-12-05,APAC,Singapore,Consumer,Home & Living,Furniture,1,351.95,0.15,299.16,78.04,8.98,Low
MRG-2024-10394,2024-12-01,2024-12-02,Europe,Germany,Consumer,Electronics,Wearables,8,390.63,0.15,2656.28,330.35,22.62,Low
MRG-2024-10543,2024-12-01,2024-12-09,North America,United States,Corporate,Electronics,Smart Home,2,98.49,0.2,157.58,11.98,25.96,Medium
MRG-2024-13097,2024-12-01,2024-12-03,Europe,United Kingdom,Consumer,Apparel,Footwear,6,363.36,0.3,1526.11,311.51,39.07,Low
MRG-2024-13661,2024-12-02,2024-12-07,Europe,Germany,Consumer,Apparel,Accessories,11,362.47,0.2,3189.74,373.8,66.65,High
MRG-2024-12141,2024-12-02,2024-12-03,North America,Mexico,Consumer,Home & Living,Bedding,2,278.47,0.05,529.09,20.9,20.1,Medium
MRG-2024-12213,2024-12-02,2024-12-06,North America,Mexico,Consumer,Apparel,Footwear,9,368.74,0.15,2820.86,-11.09,63.17,Low
MRG-2024-14482,2024-12-02,2024-12-06,North America,Mexico,Consumer,Electronics,Wearables,5,426.94,0.1,1921.23,286.9,19.76,Critical
MRG-2024-10351,2024-12-02,2024-12-09,APAC,Singapore,Consumer,Home & Living,Furniture,8,416.7,0.0,3333.6,811.37,22.86,High
MRG-2024-15946,2024-12-03,2024-12-06,Europe,France,Corporate,Home & Living,Bedding,9,426.68,0.2,3072.1,-150.04,65.08,Medium
MRG-2024-11613,2024-12-03,2024-12-05,Europe,United Kingdom,Corporate,Home & Living,Kitchenware,8,284.92,0.2,1823.49,23.79,48.15,High
MRG-2024-10161,2024-12-03,2024-12-10,Europe,United Kingdom,Home Office,Electronics,Wearables,8,118.69,0.0,949.52,160.83,66.58,Low
MRG-2024-15034,2024-12-03,2024-12-07,North America,Canada,Consumer,Home & Living,Furniture,8,365.65,0.0,2925.2,723.91,58.69,Medium
MRG-2024-14198,2024-12-04,2024-12-06,North America,Mexico,Consumer,Home & Living,Decor,4,200.4,0.3,561.12,45.68,22.96,Low
MRG-2024-12656,2024-12-04,2024-12-06,Europe,Germany,Corporate,Apparel,Accessories,6,191.44,0.3,804.05,119.63,43.82,High
MRG-2024-13006,2024-12-05,2024-12-06,Europe,United Kingdom,Consumer,Electronics,Wearables,7,288.34,0.0,2018.38,376.88,36.16,Medium
MRG-2024-12977,2024-12-05,2024-12-11,Europe,France,Consumer,Apparel,Outerwear,9,214.98,0.1,1741.34,435.54,18.18,High
MRG-2024-11729,2024-12-05,2024-12-08,North America,Canada,Corporate,Apparel,Activewear,2,248.8,0.0,497.6,167.24,18.23,Low
MRG-2024-13677,2024-12-05,2024-12-13,North America,United States,Consumer,Electronics,Smart Home,4,382.01,0.0,1528.04,395.43,21.16,Critical
MRG-2024-12476,2024-12-05,2024-12-07,North America,United States,Consumer,Electronics,Accessories,8,143.45,0.1,1032.84,220.47,25.7,High
MRG-2024-13192,2024-12-05,2024-12-06,APAC,India,Consumer,Home & Living,Furniture,10,278.11,0.2,2224.88,111.98,27.32,Low
MRG-2024-14524,2024-12-06,2024-12-08,APAC,India,Corporate,Electronics,Audio,1,271.96,0.2,217.57,7.82,9.68,Critical
MRG-2024-11965,2024-12-06,2024-12-13,Europe,Germany,Corporate,Home & Living,Kitchenware,5,119.61,0.15,508.34,88.59,38.77,Medium
MRG-2024-11732,2024-12-06,2024-12-10,APAC,Australia,Home Office,Electronics,Audio,7,23.91,0.0,167.37,48.55,45.38,High
MRG-2024-11258,2024-12-06,2024-12-11,North America,United States,Consumer,Electronics,Accessories,2,22.22,0.0,44.44,15.6,13.78,Low
MRG-2024-13724,2024-12-06,2024-12-09,Europe,France,Corporate,Home & Living,Furniture,6,414.69,0.15,2114.92,300.72,14.55,Low
MRG-2024-10305,2024-12-07,2024-12-15,Europe,Germany,Corporate,Apparel,Accessories,3,414.16,0.3,869.74,51.18,14.41,Critical
MRG-2024-13024,2024-12-07,2024-12-15,Europe,France,Consumer,Home & Living,Decor,11,387.95,0.0,4267.45,924.85,57.86,Medium
MRG-2024-11053,2024-12-07,2024-12-13,North America,United States,Consumer,Home & Living,Kitchenware,11,176.81,0.0,1944.91,631.24,37.38,Medium
MRG-2024-11438,2024-12-07,2024-12-14,North America,Mexico,Home Office,Home & Living,Furniture,4,402.98,0.05,1531.32,326.44,19.05,Medium
MRG-2024-13775,2024-12-07,2024-12-12,APAC,Singapore,Consumer,Home & Living,Decor,3,218.65,0.0,655.95,174.18,10.96,Low
MRG-2024-11273,2024-12-07,2024-12-13,Europe,United Kingdom,Corporate,Electronics,Wearables,3,134.33,0.3,282.09,7.56,23.31,Low
MRG-2024-14932,2024-12-08,2024-12-12,North America,United States,Consumer,Apparel,Accessories,3,112.66,0.3,236.59,-35.49,25.59,Medium
MRG-2024-11388,2024-12-08,2024-12-15,APAC,Singapore,Corporate,Home & Living,Decor,3,31.38,0.0,94.14,17.06,22.3,Medium
MRG-2024-10472,2024-12-08,2024-12-11,Europe,Spain,Consumer,Apparel,Footwear,5,331.4,0.0,1657.0,600.16,34.92,Medium
MRG-2024-13480,2024-12-08,2024-12-11,APAC,Australia,Consumer,Home & Living,Decor,2,423.15,0.0,846.3,213.42,11.09,Low
MRG-2024-14503,2024-12-08,2024-12-11,Europe,Spain,Corporate,Electronics,Accessories,9,369.16,0.1,2990.2,938.47,56.24,Medium
MRG-2024-15556,2024-12-09,2024-12-16,North America,Canada,Home Office,Apparel,Outerwear,9,444.02,0.0,3996.18,870.83,22.23,Low
MRG-2024-15986,2024-12-09,2024-12-15,North America,Canada,Consumer,Electronics,Accessories,2,277.72,0.0,555.44,190.16,18.97,Medium
MRG-2024-13021,2024-12-09,2024-12-16,Europe,Germany,Consumer,Home & Living,Furniture,4,352.74,0.05,1340.41,180.25,26.3,Medium
MRG-2024-13280,2024-12-09,2024-12-14,Europe,United Kingdom,Consumer,Electronics,Wearables,9,53.91,0.1,436.67,78.69,63.52,Medium
MRG-2024-12545,2024-12-10,2024-12-17,APAC,Australia,Home Office,Electronics,Accessories,10,117.88,0.3,825.16,-21.21,28.95,Low
MRG-2024-14883,2024-12-10,2024-12-18,North America,Mexico,Corporate,Apparel,Accessories,6,269.28,0.05,1534.9,339.78,24.43,High
MRG-2024-13043,2024-12-10,2024-12-14,Europe,United Kingdom,Consumer,Electronics,Accessories,9,72.33,0.0,650.97,119.65,41.57,Low
MRG-2024-11988,2024-12-10,2024-12-15,North America,Mexico,Consumer,Home & Living,Decor,7,307.84,0.0,2154.88,867.27,54.26,Medium
MRG-2024-11346,2024-12-11,2024-12-12,North America,United States,Consumer,Apparel,Outerwear,2,373.05,0.0,746.1,213.94,23.02,Low
MRG-2024-11868,2024-12-11,2024-12-13,North America,United States,Corporate,Apparel,Accessories,7,85.11,0.05,565.98,51.99,56.18,Medium
MRG-2024-10253,2024-12-11,2024-12-16,Europe,Spain,Corporate,Apparel,Accessories,4,115.9,0.0,463.6,171.76,34.35,Medium
MRG-2024-13830,2024-12-11,2024-12-17,North America,Canada,Home Office,Apparel,Accessories,4,50.21,0.15,170.71,1.25,34.63,High
MRG-2024-11076,2024-12-11,2024-12-16,North America,United States,Home Office,Apparel,Outerwear,3,354.2,0.0,1062.6,365.19,19.02,High
MRG-2024-12581,2024-12-11,2024-12-15,North America,Mexico,Consumer,Apparel,Footwear,7,247.67,0.2,1386.95,338.04,19.23,Low
MRG-2024-15667,2024-12-12,2024-12-16,North America,United States,Consumer,Apparel,Footwear,7,286.82,0.0,2007.74,207.16,22.33,High
MRG-2024-10247,2024-12-12,2024-12-14,North America,Canada,Consumer,Home & Living,Bedding,10,36.38,0.0,363.8,124.04,37.28,Medium
MRG-2024-14313,2024-12-12,2024-12-20,Europe,United Kingdom,Home Office,Home & Living,Furniture,4,422.63,0.05,1605.99,207.96,15.25,Medium
MRG-2024-11414,2024-12-12,2024-12-16,APAC,India,Home Office,Apparel,Outerwear,8,85.27,0.3,477.51,5.16,54.65,Low
MRG-2024-12672,2024-12-12,2024-12-13,North America,Canada,Consumer,Apparel,Footwear,4,65.07,0.15,221.24,17.3,11.68,Low
MRG-2024-10082,2024-12-13,2024-12-18,North America,Canada,Corporate,Apparel,Outerwear,10,157.98,0.1,1421.82,138.37,31.41,High
MRG-2024-10156,2024-12-13,2024-12-16,North America,Mexico,Consumer,Electronics,Smart Home,7,277.77,0.0,1944.39,244.85,43.4,Medium
MRG-2024-14654,2024-12-13,2024-12-21,Europe,United Kingdom,Consumer,Home & Living,Kitchenware,10,306.42,0.15,2604.57,24.98,46.41,Medium
MRG-2024-15375,2024-12-13,2024-12-21,North America,Mexico,Consumer,Apparel,Outerwear,4,201.64,0.05,766.23,130.1,25.23,Low
MRG-2024-12894,2024-12-14,2024-12-16,North America,Canada,Corporate,Electronics,Wearables,3,352.36,0.3,739.96,-85.0,22.11,Medium
MRG-2024-12368,2024-12-14,2024-12-18,Europe,Spain,Corporate,Electronics,Wearables,1,249.95,0.1,224.95,47.71,8.07,Medium
MRG-2024-14396,2024-12-14,2024-12-17,North America,United States,Consumer,Electronics,Smart Home,5,198.94,0.1,895.23,183.08,21.55,Medium
MRG-2024-10879,2024-12-14,2024-12-17,North America,Canada,Consumer,Home & Living,Decor,5,200.74,0.0,1003.7,402.05,22.9,High
MRG-2024-11238,2024-12-14,2024-12-19,Europe,France,Consumer,Electronics,Audio,10,112.69,0.15,957.87,144.7,33.46,Low
MRG-2024-11218,2024-12-14,2024-12-19,APAC,India,Home Office,Home & Living,Kitchenware,9,430.26,0.15,3291.49,351.19,28.93,Medium
MRG-2024-11374,2024-12-15,2024-12-21,North America,Canada,Corporate,Home & Living,Bedding,10,17.67,0.05,167.86,16.7,49.79,High
MRG-2024-14754,2024-12-15,2024-12-20,North America,Mexico,Consumer,Home & Living,Furniture,8,93.87,0.0,750.96,308.32,27.52,Medium
MRG-2024-12330,2024-12-15,2024-12-16,North America,Mexico,Consumer,Electronics,Audio,10,149.55,0.2,1196.4,237.81,17.2,Critical
MRG-2024-14552,2024-12-15,2024-12-21,APAC,Singapore,Consumer,Electronics,Accessories,11,99.43,0.0,1093.73,241.99,75.13,High
MRG-2024-10364,2024-12-15,2024-12-19,North America,United States,Consumer,Apparel,Outerwear,8,252.14,0.1,1815.41,161.19,25.26,Low
MRG-2024-15966,2024-12-16,2024-12-21,APAC,Japan,Corporate,Electronics,Audio,1,291.58,0.05,277.0,59.61,4.96,Medium
MRG-2024-10649,2024-12-16,2024-12-18,APAC,Japan,Consumer,Apparel,Accessories,4,86.38,0.1,310.97,87.7,20.74,High
MRG-2024-13587,2024-12-16,2024-12-17,APAC,Australia,Home Office,Apparel,Activewear,7,353.1,0.1,2224.53,661.07,17.76,High
MRG-2024-14183,2024-12-16,2024-12-24,North America,United States,Consumer,Apparel,Footwear,5,296.04,0.05,1406.19,489.41,24.05,High
MRG-2024-11781,2024-12-17,2024-12-24,North America,Mexico,Home Office,Home & Living,Kitchenware,7,260.57,0.0,1823.99,502.97,35.52,Critical
MRG-2024-13852,2024-12-17,2024-12-21,North America,Canada,Consumer,Electronics,Wearables,10,241.16,0.1,2170.44,478.97,49.4,High
MRG-2024-11636,2024-12-17,2024-12-23,APAC,Singapore,Consumer,Electronics,Smart Home,9,129.49,0.0,1165.41,426.24,26.31,Medium
MRG-2024-14064,2024-12-17,2024-12-24,Europe,United Kingdom,Consumer,Electronics,Smart Home,8,298.24,0.0,2385.92,460.49,16.78,Medium
MRG-2024-15312,2024-12-17,2024-12-20,North America,United States,Consumer,Apparel,Outerwear,8,323.49,0.0,2587.92,914.28,53.86,Medium
MRG-2024-15605,2024-12-18,2024-12-23,North America,United States,Consumer,Apparel,Footwear,5,182.31,0.0,911.55,76.27,32.9,Low
MRG-2024-15327,2024-12-18,2024-12-26,North America,Mexico,Consumer,Home & Living,Decor,5,302.95,0.3,1060.33,-34.69,27.96,Low
MRG-2024-10091,2024-12-18,2024-12-20,Europe,Spain,Corporate,Electronics,Accessories,10,69.29,0.0,692.9,122.23,64.52,Low
MRG-2024-15920,2024-12-18,2024-12-20,North America,Mexico,Consumer,Apparel,Outerwear,11,307.53,0.1,3044.55,678.78,68.96,Medium
MRG-2024-13620,2024-12-18,2024-12-26,North America,Canada,Consumer,Home & Living,Kitchenware,7,23.72,0.3,116.23,5.56,30.29,Low
MRG-2024-10369,2024-12-18,2024-12-25,Europe,Germany,Consumer,Apparel,Footwear,7,158.39,0.2,886.98,4.26,39.78,Low
MRG-2024-15790,2024-12-18,2024-12-25,North America,United States,Home Office,Home & Living,Kitchenware,1,249.84,0.1,224.86,19.64,7.32,Critical
MRG-2024-15298,2024-12-18,2024-12-24,North America,United States,Consumer,Home & Living,Bedding,3,111.83,0.15,285.17,34.94,18.09,Medium
MRG-2024-14878,2024-12-19,2024-12-22,Europe,France,Consumer,Electronics,Smart Home,9,211.57,0.05,1808.92,328.94,17.75,Low
MRG-2024-12356,2024-12-19,2024-12-24,APAC,Japan,Consumer,Electronics,Smart Home,4,77.47,0.0,309.88,111.38,16.47,High
MRG-2024-15008,2024-12-19,2024-12-24,Europe,France,Consumer,Apparel,Footwear,5,300.91,0.0,1504.55,186.78,44.75,Low
MRG-2024-11768,2024-12-19,2024-12-27,North America,Canada,Corporate,Home & Living,Furniture,2,267.18,0.15,454.21,23.63,16.93,Medium
MRG-2024-14158,2024-12-19,2024-12-25,North America,United States,Consumer,Apparel,Footwear,11,207.16,0.15,1936.95,61.87,65.75,Low
MRG-2024-14884,2024-12-20,2024-12-21,APAC,Australia,Corporate,Electronics,Accessories,1,94.61,0.0,94.61,12.5,12.95,Low
MRG-2024-15391,2024-12-20,2024-12-26,North America,United States,Corporate,Electronics,Smart Home,10,79.22,0.0,792.2,79.31,25.88,Critical
MRG-2024-13883,2024-12-20,2024-12-28,North America,United States,Consumer,Apparel,Footwear,1,228.27,0.05,216.86,48.72,9.05,High
MRG-2024-14918,2024-12-20,2024-12-23,North America,United States,Consumer,Home & Living,Furniture,1,289.23,0.0,289.23,54.37,18.24,High
MRG-2024-14664,2024-12-20,2024-12-21,North America,Canada,Consumer,Apparel,Accessories,9,290.25,0.2,2089.8,87.16,41.92,Medium
MRG-2024-12249,2024-12-20,2024-12-25,North America,Canada,Home Office,Electronics,Audio,7,429.94,0.1,2708.62,145.71,49.66,Medium
MRG-2024-14862,2024-12-20,2024-12-22,Europe,United Kingdom,Consumer,Home & Living,Decor,8,186.42,0.05,1416.79,200.42,47.43,Medium
MRG-2024-11810,2024-12-20,2024-12-24,Europe,Spain,Corporate,Home & Living,Bedding,6,62.88,0.0,377.28,107.34,26.4,High
MRG-2024-11465,2024-12-20,2024-12-27,North America,Canada,Consumer,Home & Living,Furniture,1,359.52,0.15,305.59,34.55,7.47,Low
MRG-2024-12167,2024-12-21,2024-12-22,North America,Mexico,Home Office,Home & Living,Bedding,3,261.37,0.0,784.11,65.46,27.24,High
MRG-2024-12729,2024-12-21,2024-12-28,North America,Canada,Corporate,Electronics,Wearables,5,272.31,0.1,1225.39,294.06,29.36,Medium
MRG-2024-12389,2024-12-21,2024-12-23,North America,United States,Consumer,Electronics,Wearables,11,411.3,0.0,4524.3,1417.4,23.05,Low
MRG-2024-13254,2024-12-21,2024-12-27,North America,Mexico,Consumer,Apparel,Activewear,3,417.93,0.0,1253.79,287.6,11.65,Low
MRG-2024-14197,2024-12-22,2024-12-28,North America,United States,Consumer,Apparel,Outerwear,3,205.52,0.1,554.9,128.19,25.45,Medium
MRG-2024-10901,2024-12-22,2024-12-23,North America,Mexico,Consumer,Electronics,Smart Home,4,228.14,0.05,866.93,331.59,7.09,High
MRG-2024-10357,2024-12-22,2024-12-30,Europe,United Kingdom,Consumer,Electronics,Smart Home,7,348.7,0.2,1952.72,83.2,25.95,Low
MRG-2024-10218,2024-12-22,2024-12-29,Europe,Spain,Consumer,Electronics,Smart Home,2,50.76,0.15,86.29,23.66,13.32,Medium
MRG-2024-13821,2024-12-22,2024-12-28,North America,Mexico,Consumer,Home & Living,Kitchenware,2,415.68,0.1,748.22,18.15,6.67,High
MRG-2024-12433,2024-12-22,2024-12-28,North America,Mexico,Home Office,Home & Living,Kitchenware,7,298.17,0.3,1461.03,-5.98,43.68,Medium
MRG-2024-15369,2024-12-23,2024-12-30,North America,Mexico,Consumer,Home & Living,Decor,11,161.64,0.2,1422.43,338.32,27.34,High
MRG-2024-14035,2024-12-23,2024-12-25,North America,Mexico,Consumer,Home & Living,Kitchenware,6,372.39,0.1,2010.91,431.03,34.49,Medium
MRG-2024-13676,2024-12-23,2024-12-28,North America,Canada,Consumer,Home & Living,Kitchenware,1,273.37,0.1,246.03,24.65,15.56,Medium
MRG-2024-13355,2024-12-23,2024-12-27,APAC,Japan,Consumer,Electronics,Smart Home,2,356.04,0.05,676.48,249.22,18.93,High
MRG-2024-11159,2024-12-23,2024-12-27,Europe,France,Consumer,Apparel,Activewear,2,176.03,0.05,334.46,21.11,12.13,Low
MRG-2024-13615,2024-12-23,2024-12-26,APAC,Japan,Consumer,Electronics,Accessories,7,67.35,0.0,471.45,168.74,29.03,Low
MRG-2024-10167,2024-12-23,2024-12-26,North America,Mexico,Consumer,Home & Living,Bedding,2,322.44,0.0,644.88,55.63,18.88,Low
MRG-2024-12121,2024-12-23,2024-12-27,North America,Mexico,Consumer,Electronics,Wearables,8,339.82,0.0,2718.56,886.46,11.14,Low
MRG-2024-10658,2024-12-24,2024-12-29,APAC,Singapore,Corporate,Home & Living,Bedding,1,166.8,0.0,166.8,68.99,3.2,High
MRG-2024-10940,2024-12-24,2024-12-30,Europe,Germany,Corporate,Electronics,Wearables,1,336.97,0.0,336.97,57.32,9.61,Low
MRG-2024-10851,2024-12-24,2025-01-01,North America,Canada,Consumer,Apparel,Accessories,4,27.87,0.0,111.48,16.18,9.33,Low
MRG-2024-12290,2024-12-24,2024-12-29,Europe,Germany,Consumer,Apparel,Accessories,9,414.01,0.0,3726.09,1111.32,60.54,Medium
MRG-2024-11445,2024-12-24,2024-12-30,Europe,United Kingdom,Consumer,Electronics,Audio,6,10.96,0.15,55.9,12.02,26.78,Medium
MRG-2024-12686,2024-12-24,2024-12-26,Europe,France,Consumer,Home & Living,Decor,9,79.41,0.0,714.69,124.38,29.5,Low
MRG-2024-14096,2024-12-24,2024-12-30,Europe,France,Consumer,Home & Living,Furniture,10,183.4,0.15,1558.9,140.58,41.73,Low
MRG-2024-14521,2024-12-24,2024-12-31,Europe,France,Corporate,Electronics,Audio,9,168.62,0.0,1517.58,406.24,52.24,Medium
MRG-2024-10504,2024-12-24,2024-12-31,APAC,Singapore,Consumer,Home & Living,Kitchenware,7,344.04,0.15,2047.04,208.09,46.53,Medium
MRG-2024-15892,2024-12-25,2024-12-29,Europe,Spain,Home Office,Home & Living,Decor,6,66.71,0.0,400.26,40.18,36.52,Low
MRG-2024-12274,2024-12-25,2024-12-26,North America,United States,Consumer,Electronics,Accessories,7,422.32,0.0,2956.24,395.22,28.55,Medium
MRG-2024-12280,2024-12-25,2024-12-31,North America,Mexico,Consumer,Apparel,Footwear,2,440.09,0.3,616.13,-92.42,6.22,Medium
MRG-2024-14814,2024-12-25,2024-12-27,APAC,India,Consumer,Home & Living,Furniture,3,373.1,0.0,1119.3,329.82,9.76,Medium
MRG-2024-14007,2024-12-26,2024-12-29,North America,United States,Consumer,Home & Living,Decor,3,108.31,0.2,259.94,31.32,18.58,Medium
MRG-2024-13997,2024-12-26,2024-12-28,APAC,India,Consumer,Home & Living,Decor,11,144.96,0.3,1116.19,84.21,55.82,Medium
MRG-2024-11112,2024-12-26,2025-01-03,North America,Mexico,Consumer,Apparel,Accessories,1,93.57,0.0,93.57,35.3,14.26,Medium
MRG-2024-11629,2024-12-26,2024-12-28,APAC,Japan,Corporate,Apparel,Footwear,5,345.22,0.0,1726.1,154.87,38.73,Low
MRG-2024-13045,2024-12-26,2025-01-01,Europe,United Kingdom,Consumer,Electronics,Wearables,5,55.68,0.05,264.48,79.09,37.28,Medium
MRG-2024-11322,2024-12-26,2024-12-31,North America,Mexico,Corporate,Electronics,Smart Home,4,339.54,0.0,1358.16,219.11,24.16,High
MRG-2024-15980,2024-12-27,2024-12-29,North America,Mexico,Consumer,Home & Living,Bedding,8,339.21,0.05,2578.0,1003.42,32.54,High
MRG-2024-10982,2024-12-27,2025-01-04,North America,Canada,Corporate,Home & Living,Bedding,9,291.84,0.0,2626.56,1092.04,62.83,High
MRG-2024-12774,2024-12-27,2025-01-04,Europe,Germany,Consumer,Electronics,Wearables,1,418.92,0.0,418.92,83.02,15.31,Low
MRG-2024-11278,2024-12-27,2025-01-01,North America,Mexico,Home Office,Apparel,Accessories,7,15.41,0.1,97.08,1.52,28.24,Medium
MRG-2024-14740,2024-12-27,2024-12-28,North America,Mexico,Consumer,Home & Living,Bedding,10,179.61,0.2,1436.88,295.69,70.12,Medium
MRG-2024-12857,2024-12-27,2024-12-28,Europe,Spain,Home Office,Electronics,Audio,7,305.73,0.05,2033.1,252.97,45.76,High
MRG-2024-10256,2024-12-28,2025-01-03,North America,United States,Corporate,Apparel,Footwear,10,75.88,0.0,758.8,98.87,43.89,Critical
MRG-2024-10496,2024-12-29,2025-01-03,North America,Canada,Corporate,Electronics,Accessories,7,349.34,0.3,1711.77,205.67,14.33,Low
MRG-2024-11267,2024-12-29,2024-12-31,North America,Mexico,Consumer,Apparel,Outerwear,5,41.07,0.15,174.55,1.95,32.36,Low
MRG-2024-11266,2024-12-29,2025-01-02,Europe,Germany,Home Office,Electronics,Accessories,9,241.24,0.0,2171.16,280.31,72.45,High
MRG-2024-10005,2024-12-29,2025-01-04,North America,United States,Consumer,Apparel,Footwear,1,288.55,0.2,230.84,20.76,4.93,Medium
MRG-2024-10719,2024-12-30,2025-01-01,North America,Mexico,Home Office,Home & Living,Decor,10,172.19,0.0,1721.9,385.09,66.94,Medium
MRG-2024-15000,2024-12-30,2025-01-04,Europe,Spain,Consumer,Home & Living,Decor,8,300.1,0.15,2040.68,192.93,30.95,Low
MRG-2024-10695,2024-12-30,2025-01-02,APAC,Singapore,Consumer,Apparel,Outerwear,3,428.82,0.0,1286.46,347.56,9.49,Medium
MRG-2024-13297,2024-12-30,2025-01-07,APAC,Japan,Consumer,Apparel,Activewear,6,324.44,0.15,1654.64,80.27,20.83,Low
MRG-2024-14544,2024-12-30,2024-12-31,APAC,Japan,Consumer,Apparel,Activewear,4,167.31,0.1,602.32,193.73,32.59,Low
MRG-2024-11752,2024-12-30,2025-01-05,APAC,Australia,Consumer,Apparel,Footwear,10,329.45,0.0,3294.5,402.82,39.98,High
MRG-2024-15685,2024-12-31,2025-01-05,Europe,Spain,Corporate,Apparel,Outerwear,9,47.82,0.05,408.86,88.42,37.14,Medium
MRG-2024-14301,2024-12-31,2025-01-02,Europe,Spain,Home Office,Electronics,Audio,8,424.86,0.0,3398.88,1365.9,56.93,Low
MRG-2025-11068,2025-01-01,2025-01-03,North America,Mexico,Consumer,Home & Living,Kitchenware,9,423.4,0.15,3239.01,536.27,28.72,Medium
MRG-2025-15208,2025-01-01,2025-01-09,North America,United States,Corporate,Electronics,Accessories,8,52.56,0.05,399.46,136.72,20.99,Medium
MRG-2025-15522,2025-01-01,2025-01-09,Europe,United Kingdom,Consumer,Electronics,Wearables,4,397.02,0.3,1111.66,73.07,15.5,Medium
MRG-2025-15211,2025-01-01,2025-01-06,North America,Canada,Home Office,Apparel,Activewear,3,345.31,0.15,880.54,-4.6,11.37,Low
MRG-2025-13188,2025-01-01,2025-01-02,APAC,Singapore,Consumer,Home & Living,Kitchenware,5,334.96,0.0,1674.8,496.43,25.27,Medium
MRG-2025-15917,2025-01-01,2025-01-09,North America,Canada,Corporate,Home & Living,Furniture,3,259.04,0.0,777.12,246.39,7.68,High
MRG-2025-12746,2025-01-01,2025-01-04,North America,United States,Consumer,Home & Living,Decor,4,89.85,0.0,359.4,69.41,22.79,Medium
MRG-2025-11274,2025-01-02,2025-01-09,North America,United States,Consumer,Electronics,Smart Home,11,154.85,0.0,1703.35,281.94,50.74,Low
MRG-2025-12402,2025-01-02,2025-01-10,North America,United States,Consumer,Home & Living,Bedding,7,135.9,0.05,903.73,144.89,50.82,High
MRG-2025-11842,2025-01-02,2025-01-03,Europe,United Kingdom,Corporate,Apparel,Footwear,6,343.01,0.1,1852.25,447.85,25.64,High
MRG-2025-10838,2025-01-03,2025-01-11,Europe,Spain,Corporate,Electronics,Wearables,10,52.6,0.3,368.2,3.4,41.14,Low
MRG-2025-11105,2025-01-03,2025-01-09,North America,United States,Consumer,Apparel,Outerwear,5,75.38,0.1,339.21,27.59,32.07,Medium
MRG-2025-14569,2025-01-03,2025-01-05,North America,Canada,Consumer,Electronics,Wearables,1,81.61,0.0,81.61,33.88,16.45,Medium
MRG-2025-13946,2025-01-03,2025-01-05,Europe,Spain,Consumer,Electronics,Smart Home,2,265.83,0.1,478.49,2.61,17.45,Medium
MRG-2025-11794,2025-01-03,2025-01-05,North America,Canada,Consumer,Apparel,Activewear,2,54.52,0.2,87.23,3.64,23.09,Medium
MRG-2025-15473,2025-01-04,2025-01-07,Europe,France,Consumer,Apparel,Footwear,5,41.74,0.3,146.09,2.84,21.66,High
MRG-2025-12788,2025-01-04,2025-01-12,North America,Mexico,Consumer,Home & Living,Decor,7,100.28,0.2,561.57,7.25,48.47,High
MRG-2025-14649,2025-01-04,2025-01-06,North America,Canada,Consumer,Home & Living,Decor,4,45.84,0.0,183.36,52.88,30.86,Medium
MRG-2025-12671,2025-01-04,2025-01-11,Europe,Spain,Consumer,Apparel,Outerwear,5,330.87,0.0,1654.35,501.21,19.4,Low
MRG-2025-14342,2025-01-04,2025-01-08,North America,United States,Home Office,Home & Living,Bedding,7,70.84,0.05,471.09,148.92,45.53,Low
MRG-2025-11875,2025-01-04,2025-01-09,North America,United States,Corporate,Electronics,Accessories,3,394.43,0.15,1005.8,157.15,20.87,Medium
MRG-2025-10399,2025-01-05,2025-01-09,APAC,India,Corporate,Apparel,Activewear,5,440.29,0.0,2201.45,501.42,20.61,Low
MRG-2025-13989,2025-01-05,2025-01-10,North America,United States,Consumer,Apparel,Activewear,9,245.06,0.05,2095.26,673.3,31.68,Medium
MRG-2025-12008,2025-01-05,2025-01-11,North America,United States,Home Office,Home & Living,Furniture,4,278.47,0.3,779.72,-116.96,32.6,High
MRG-2025-14677,2025-01-05,2025-01-09,North America,Mexico,Consumer,Apparel,Accessories,8,429.46,0.0,3435.68,290.3,54.12,High
MRG-2025-10062,2025-01-05,2025-01-09,Europe,Spain,Consumer,Home & Living,Furniture,8,430.26,0.2,2753.66,336.48,53.5,Low
MRG-2025-10657,2025-01-05,2025-01-12,North America,Canada,Home Office,Apparel,Accessories,1,61.18,0.0,61.18,14.05,8.31,High
MRG-2025-11151,2025-01-06,2025-01-07,Europe,Germany,Consumer,Apparel,Footwear,11,77.51,0.3,596.83,-89.52,74.17,Low
MRG-2025-12794,2025-01-06,2025-01-07,North America,United States,Consumer,Electronics,Audio,7,255.28,0.0,1786.96,399.77,29.13,Medium
MRG-2025-13346,2025-01-06,2025-01-07,Europe,Spain,Consumer,Home & Living,Bedding,2,35.93,0.05,68.27,2.8,13.28,Low
MRG-2025-13977,2025-01-07,2025-01-09,North America,United States,Consumer,Apparel,Outerwear,4,107.07,0.3,299.8,38.87,25.75,Low
MRG-2025-15313,2025-01-07,2025-01-09,Europe,Germany,Home Office,Apparel,Accessories,7,49.78,0.05,331.04,17.19,41.35,Low
MRG-2025-10727,2025-01-08,2025-01-11,APAC,Japan,Consumer,Home & Living,Decor,10,342.57,0.0,3425.7,663.46,41.18,Critical
MRG-2025-14567,2025-01-08,2025-01-09,North America,Mexico,Consumer,Electronics,Accessories,2,224.59,0.2,359.34,7.1,6.25,High
MRG-2025-12171,2025-01-08,2025-01-11,APAC,Japan,Consumer,Electronics,Smart Home,8,177.21,0.3,992.38,-125.88,37.58,Low
MRG-2025-14944,2025-01-08,2025-01-10,North America,United States,Consumer,Home & Living,Decor,9,357.31,0.15,2733.42,-95.14,51.53,Medium
MRG-2025-15436,2025-01-08,2025-01-11,North America,United States,Consumer,Electronics,Audio,5,120.6,0.1,542.7,154.16,37.2,High
MRG-2025-15160,2025-01-09,2025-01-10,Europe,Germany,Consumer,Home & Living,Decor,6,23.58,0.05,134.41,40.47,28.55,Low
MRG-2025-15680,2025-01-09,2025-01-16,North America,Mexico,Home Office,Home & Living,Bedding,2,234.85,0.1,422.73,48.93,12.97,High
MRG-2025-12175,2025-01-09,2025-01-15,North America,Canada,Corporate,Apparel,Outerwear,8,356.63,0.0,2853.04,1129.97,48.67,Low
MRG-2025-10241,2025-01-09,2025-01-16,APAC,Australia,Consumer,Apparel,Outerwear,7,122.81,0.1,773.7,52.45,20.01,Medium
MRG-2025-12600,2025-01-09,2025-01-17,Europe,France,Consumer,Home & Living,Furniture,1,411.24,0.15,349.55,-12.11,11.21,Medium
MRG-2025-14732,2025-01-09,2025-01-10,Europe,United Kingdom,Consumer,Home & Living,Furniture,11,437.03,0.15,4086.23,884.33,56.73,High
MRG-2025-10370,2025-01-10,2025-01-15,North America,United States,Home Office,Home & Living,Decor,11,400.36,0.05,4183.76,1291.77,48.39,Low
MRG-2025-12463,2025-01-10,2025-01-18,North America,United States,Home Office,Electronics,Accessories,4,84.83,0.0,339.32,136.58,28.73,Medium
MRG-2025-14545,2025-01-10,2025-01-11,North America,Canada,Corporate,Apparel,Accessories,9,349.97,0.15,2677.27,397.24,21.87,High
MRG-2025-12030,2025-01-10,2025-01-11,North America,Mexico,Consumer,Home & Living,Bedding,8,68.66,0.0,549.28,46.03,18.34,Low
MRG-2025-15548,2025-01-10,2025-01-13,APAC,Japan,Home Office,Home & Living,Kitchenware,9,267.22,0.15,2044.23,448.45,50.99,Low
MRG-2025-11775,2025-01-10,2025-01-16,APAC,Singapore,Corporate,Apparel,Activewear,5,419.63,0.0,2098.15,601.57,31.29,High
MRG-2025-12034,2025-01-11,2025-01-16,Europe,United Kingdom,Consumer,Electronics,Audio,5,282.14,0.1,1269.63,175.71,31.51,Medium
MRG-2025-15081,2025-01-11,2025-01-13,North America,United States,Corporate,Apparel,Activewear,9,314.13,0.1,2544.45,435.86,14.79,Low
MRG-2025-13130,2025-01-11,2025-01-19,North America,Canada,Home Office,Electronics,Audio,9,83.49,0.0,751.41,83.09,63.2,Medium
MRG-2025-14038,2025-01-11,2025-01-14,North America,United States,Consumer,Home & Living,Decor,1,218.89,0.0,218.89,88.89,16.79,Medium
MRG-2025-14963,2025-01-11,2025-01-13,North America,United States,Home Office,Electronics,Accessories,5,109.55,0.0,547.75,57.72,15.94,Medium
MRG-2025-13216,2025-01-11,2025-01-15,Europe,Germany,Home Office,Home & Living,Decor,10,303.16,0.15,2576.86,166.11,25.42,High
MRG-2025-12217,2025-01-12,2025-01-17,North America,United States,Corporate,Electronics,Audio,8,188.17,0.2,1204.29,261.42,20.72,Critical
MRG-2025-15665,2025-01-12,2025-01-19,APAC,Japan,Corporate,Electronics,Wearables,2,195.59,0.05,371.62,134.99,11.68,High
MRG-2025-15486,2025-01-12,2025-01-16,North America,United States,Corporate,Electronics,Smart Home,5,161.98,0.0,809.9,118.63,35.39,High
MRG-2025-13464,2025-01-12,2025-01-18,North America,United States,Consumer,Electronics,Smart Home,5,400.55,0.05,1902.61,265.71,36.19,Medium
MRG-2025-14978,2025-01-12,2025-01-17,North America,United States,Corporate,Home & Living,Bedding,2,345.12,0.0,690.24,74.57,5.75,Low
MRG-2025-12460,2025-01-12,2025-01-17,North America,United States,Consumer,Electronics,Smart Home,10,78.22,0.3,547.54,83.9,43.97,Medium
MRG-2025-12976,2025-01-12,2025-01-13,North America,Mexico,Consumer,Apparel,Accessories,9,216.13,0.0,1945.17,663.57,25.55,Medium
MRG-2025-10367,2025-01-13,2025-01-15,North America,Mexico,Consumer,Home & Living,Decor,8,85.99,0.1,619.13,124.67,53.34,High
MRG-2025-13383,2025-01-13,2025-01-19,North America,Mexico,Corporate,Home & Living,Decor,3,58.65,0.0,175.95,64.34,22.31,Medium
MRG-2025-10734,2025-01-13,2025-01-15,North America,United States,Home Office,Home & Living,Decor,5,308.58,0.0,1542.9,539.04,10.58,Low
MRG-2025-12440,2025-01-13,2025-01-20,Europe,Germany,Consumer,Apparel,Outerwear,10,150.54,0.05,1430.13,337.1,73.09,High
MRG-2025-15444,2025-01-13,2025-01-20,Europe,Germany,Consumer,Apparel,Footwear,11,167.97,0.2,1478.14,12.55,67.71,Low
MRG-2025-11946,2025-01-13,2025-01-18,North America,Canada,Consumer,Home & Living,Decor,11,26.64,0.05,278.39,74.67,66.38,Medium
MRG-2025-13164,2025-01-14,2025-01-16,North America,Canada,Consumer,Apparel,Activewear,7,318.02,0.05,2114.83,100.78,14.09,Low
MRG-2025-11589,2025-01-14,2025-01-17,North America,Canada,Corporate,Apparel,Outerwear,6,52.73,0.0,316.38,60.97,29.91,Low
MRG-2025-13491,2025-01-14,2025-01-16,Europe,Spain,Consumer,Home & Living,Bedding,9,294.02,0.0,2646.18,411.2,27.55,Medium
MRG-2025-11330,2025-01-15,2025-01-19,North America,United States,Consumer,Electronics,Audio,2,96.78,0.1,174.2,17.13,16.45,Critical
MRG-2025-14775,2025-01-15,2025-01-22,North America,United States,Consumer,Apparel,Activewear,4,178.34,0.3,499.35,-65.77,37.27,Low
MRG-2025-15373,2025-01-15,2025-01-18,APAC,Singapore,Consumer,Home & Living,Kitchenware,7,79.63,0.0,557.41,147.96,51.25,Low
MRG-2025-10592,2025-01-15,2025-01-16,Europe,Germany,Consumer,Electronics,Audio,2,229.8,0.05,436.62,115.25,17.61,Low
MRG-2025-12138,2025-01-15,2025-01-20,North America,United States,Consumer,Home & Living,Decor,7,406.18,0.15,2416.77,396.73,43.16,Low
MRG-2025-10074,2025-01-16,2025-01-24,APAC,Australia,Consumer,Electronics,Accessories,9,396.24,0.15,3031.24,311.93,56.89,Medium
MRG-2025-15615,2025-01-16,2025-01-19,North America,Mexico,Consumer,Electronics,Wearables,8,172.43,0.05,1310.47,470.46,56.5,Low
MRG-2025-15697,2025-01-16,2025-01-17,North America,Canada,Consumer,Apparel,Activewear,4,206.15,0.1,742.14,209.87,38.34,Medium
MRG-2025-11356,2025-01-16,2025-01-21,North America,Canada,Consumer,Electronics,Audio,8,130.99,0.1,943.13,245.56,39.3,Medium
MRG-2025-13107,2025-01-16,2025-01-17,APAC,India,Corporate,Home & Living,Kitchenware,11,164.43,0.0,1808.73,695.39,50.83,Medium
MRG-2025-10776,2025-01-16,2025-01-22,North America,Canada,Home Office,Apparel,Accessories,4,277.85,0.2,889.12,-94.74,36.12,Medium
MRG-2025-13799,2025-01-16,2025-01-17,North America,Mexico,Consumer,Electronics,Smart Home,11,159.8,0.3,1230.46,-25.72,54.01,Low
MRG-2025-10903,2025-01-16,2025-01-21,North America,United States,Consumer,Home & Living,Bedding,6,420.63,0.15,2145.21,303.15,34.64,Low
MRG-2025-13038,2025-01-16,2025-01-20,North America,United States,Consumer,Home & Living,Kitchenware,7,327.97,0.0,2295.79,749.87,18.18,Low
MRG-2025-12459,2025-01-16,2025-01-17,APAC,India,Consumer,Home & Living,Decor,9,167.34,0.0,1506.06,462.89,55.17,Low
MRG-2025-12272,2025-01-16,2025-01-22,North America,United States,Home Office,Electronics,Audio,9,208.37,0.0,1875.33,356.84,48.06,High
MRG-2025-12450,2025-01-16,2025-01-21,Europe,United Kingdom,Consumer,Home & Living,Kitchenware,8,76.09,0.3,426.1,74.75,26.01,High
MRG-2025-12756,2025-01-16,2025-01-17,Europe,Spain,Corporate,Home & Living,Furniture,3,126.28,0.15,322.01,32.26,14.07,Low
MRG-2025-10890,2025-01-17,2025-01-25,APAC,Australia,Consumer,Apparel,Outerwear,4,9.48,0.0,37.92,7.39,23.73,Medium
MRG-2025-15192,2025-01-18,2025-01-26,North America,United States,Corporate,Home & Living,Decor,11,140.46,0.15,1313.3,325.34,54.88,High
MRG-2025-11641,2025-01-18,2025-01-19,Europe,Spain,Consumer,Home & Living,Decor,3,222.58,0.0,667.74,166.89,20.07,Low
MRG-2025-13294,2025-01-18,2025-01-19,Europe,France,Corporate,Home & Living,Furniture,4,42.93,0.3,120.2,17.39,14.59,Medium
MRG-2025-11262,2025-01-18,2025-01-24,Europe,France,Corporate,Apparel,Accessories,1,281.78,0.3,197.25,-1.61,19.9,Low
MRG-2025-14004,2025-01-18,2025-01-20,Europe,United Kingdom,Consumer,Electronics,Audio,4,348.82,0.0,1395.28,238.54,17.76,Medium
MRG-2025-11685,2025-01-18,2025-01-19,Europe,Germany,Home Office,Electronics,Smart Home,9,25.69,0.15,196.53,47.1,36.62,Medium
MRG-2025-15162,2025-01-19,2025-01-27,Europe,Germany,Consumer,Apparel,Footwear,4,26.66,0.0,106.64,33.8,28.5,Critical
MRG-2025-15186,2025-01-19,2025-01-21,Europe,United Kingdom,Consumer,Apparel,Outerwear,10,138.18,0.15,1174.53,193.54,54.8,Low
MRG-2025-12638,2025-01-19,2025-01-21,Europe,Spain,Home Office,Home & Living,Kitchenware,5,94.59,0.3,331.06,-36.38,39.2,Medium
MRG-2025-15401,2025-01-19,2025-01-27,North America,Mexico,Home Office,Electronics,Smart Home,4,210.46,0.05,799.75,196.15,17.35,Medium
MRG-2025-12833,2025-01-19,2025-01-27,Europe,Spain,Corporate,Home & Living,Furniture,8,271.47,0.0,2171.76,419.85,14.81,Low
MRG-2025-11941,2025-01-19,2025-01-24,Europe,Spain,Home Office,Apparel,Footwear,1,308.72,0.3,216.1,-11.97,11.82,High
MRG-2025-12091,2025-01-19,2025-01-22,North America,United States,Consumer,Apparel,Activewear,1,60.82,0.05,57.78,21.98,3.53,Critical
MRG-2025-14610,2025-01-19,2025-01-23,North America,United States,Consumer,Electronics,Smart Home,4,57.05,0.15,193.97,7.49,25.3,High
MRG-2025-15219,2025-01-20,2025-01-25,Europe,Germany,Home Office,Home & Living,Decor,10,64.92,0.2,519.36,59.9,55.08,Low
MRG-2025-11813,2025-01-20,2025-01-26,North America,Mexico,Corporate,Electronics,Wearables,2,25.52,0.1,45.94,4.07,8.48,Medium
MRG-2025-10507,2025-01-21,2025-01-27,North America,Mexico,Consumer,Apparel,Footwear,10,234.58,0.2,1876.64,212.36,35.82,Low
MRG-2025-15826,2025-01-21,2025-01-28,North America,Mexico,Consumer,Electronics,Accessories,7,74.39,0.3,364.51,82.93,28.11,Medium
MRG-2025-15793,2025-01-21,2025-01-29,North America,United States,Home Office,Apparel,Activewear,6,269.3,0.1,1454.22,464.5,37.74,Low
MRG-2025-11995,2025-01-21,2025-01-25,Europe,Germany,Consumer,Electronics,Smart Home,9,381.49,0.1,3090.07,775.12,63.94,Medium
MRG-2025-11407,2025-01-21,2025-01-22,Europe,Germany,Consumer,Home & Living,Bedding,6,360.76,0.1,1948.1,662.75,16.93,Low
MRG-2025-14454,2025-01-22,2025-01-30,Europe,Spain,Consumer,Home & Living,Furniture,7,423.11,0.1,2665.59,351.7,34.7,Medium
MRG-2025-15705,2025-01-22,2025-01-29,Europe,United Kingdom,Corporate,Electronics,Accessories,6,189.79,0.3,797.12,-23.99,21.02,Medium
MRG-2025-12462,2025-01-22,2025-01-28,APAC,India,Consumer,Home & Living,Furniture,4,159.02,0.05,604.28,92.71,30.86,Medium
MRG-2025-10948,2025-01-22,2025-01-27,North America,Canada,Consumer,Electronics,Audio,1,365.79,0.3,256.05,11.87,15.02,Medium
MRG-2025-14251,2025-01-22,2025-01-26,Europe,Germany,Consumer,Home & Living,Kitchenware,8,83.52,0.2,534.53,-23.88,30.51,Medium
MRG-2025-14824,2025-01-23,2025-01-30,North America,United States,Consumer,Apparel,Activewear,4,195.78,0.1,704.81,226.16,26.28,Medium
MRG-2025-12617,2025-01-23,2025-01-24,North America,United States,Corporate,Home & Living,Furniture,3,298.08,0.15,760.1,159.98,12.03,Medium
MRG-2025-10691,2025-01-23,2025-01-31,North America,Mexico,Corporate,Apparel,Footwear,4,33.87,0.3,94.84,6.87,16.74,Medium
MRG-2025-11942,2025-01-23,2025-01-29,Europe,France,Consumer,Home & Living,Decor,3,201.84,0.1,544.97,180.74,21.86,Low
MRG-2025-14633,2025-01-24,2025-02-01,North America,Mexico,Home Office,Apparel,Accessories,6,42.72,0.0,256.32,34.1,31.62,Medium
MRG-2025-15193,2025-01-24,2025-01-29,North America,Mexico,Consumer,Home & Living,Kitchenware,11,428.17,0.0,4709.87,1397.82,32.3,Critical
MRG-2025-14457,2025-01-24,2025-02-01,APAC,Singapore,Consumer,Electronics,Wearables,9,440.75,0.0,3966.75,1590.57,28.86,Medium
MRG-2025-13528,2025-01-24,2025-01-30,APAC,India,Home Office,Apparel,Footwear,1,319.36,0.0,319.36,112.35,11.95,Medium
MRG-2025-12263,2025-01-24,2025-01-26,Europe,Germany,Consumer,Home & Living,Kitchenware,7,137.45,0.1,865.93,197.72,22.79,Low
MRG-2025-14494,2025-01-24,2025-01-27,North America,United States,Consumer,Apparel,Accessories,10,422.8,0.0,4228.0,1558.28,49.17,Medium
MRG-2025-13442,2025-01-24,2025-01-27,North America,Mexico,Corporate,Home & Living,Bedding,7,301.31,0.2,1687.34,-43.48,48.32,Medium
MRG-2025-13555,2025-01-24,2025-01-30,Europe,Germany,Home Office,Home & Living,Furniture,11,263.38,0.3,2028.03,-183.86,35.68,Medium
MRG-2025-13114,2025-01-24,2025-01-31,Europe,Spain,Corporate,Home & Living,Decor,5,447.23,0.2,1788.92,169.24,37.87,Low
MRG-2025-15286,2025-01-25,2025-01-26,Europe,France,Corporate,Electronics,Smart Home,11,47.96,0.2,422.05,-2.45,52.06,Medium
MRG-2025-10361,2025-01-25,2025-01-30,North America,Canada,Consumer,Home & Living,Kitchenware,1,207.31,0.0,207.31,31.2,15.58,High
MRG-2025-14659,2025-01-25,2025-02-02,North America,United States,Corporate,Home & Living,Kitchenware,1,251.72,0.15,213.96,60.37,16.08,High
MRG-2025-15815,2025-01-25,2025-01-31,APAC,Australia,Home Office,Home & Living,Furniture,7,40.19,0.0,281.33,90.26,44.75,High
MRG-2025-12316,2025-01-25,2025-01-26,North America,United States,Home Office,Apparel,Activewear,5,306.16,0.1,1377.72,52.12,39.6,Medium
MRG-2025-11324,2025-01-25,2025-01-31,Europe,Germany,Corporate,Electronics,Audio,10,122.98,0.05,1168.31,42.43,56.59,Medium
MRG-2025-13066,2025-01-26,2025-02-03,North America,United States,Consumer,Electronics,Accessories,8,362.87,0.0,2902.96,816.38,17.8,Medium
MRG-2025-11066,2025-01-26,2025-01-30,North America,Mexico,Consumer,Home & Living,Decor,8,53.53,0.0,428.24,59.01,26.23,Low
MRG-2025-14108,2025-01-26,2025-02-02,North America,Canada,Consumer,Electronics,Smart Home,6,362.51,0.1,1957.55,524.73,50.78,Medium
MRG-2025-14953,2025-01-26,2025-02-03,APAC,India,Consumer,Home & Living,Bedding,8,436.91,0.15,2970.99,205.41,55.08,Medium
MRG-2025-14011,2025-01-26,2025-01-29,APAC,Japan,Home Office,Home & Living,Furniture,3,154.68,0.15,394.43,107.01,20.56,Low
MRG-2025-14302,2025-01-26,2025-02-02,North America,Mexico,Corporate,Home & Living,Bedding,5,181.41,0.15,770.99,-53.85,30.09,High
MRG-2025-11680,2025-01-26,2025-01-30,North America,United States,Consumer,Home & Living,Kitchenware,1,411.48,0.0,411.48,63.24,15.33,Critical
MRG-2025-12550,2025-01-26,2025-01-28,APAC,Japan,Consumer,Home & Living,Bedding,5,269.62,0.05,1280.69,366.66,30.31,Low
MRG-2025-15210,2025-01-26,2025-01-29,North America,United States,Consumer,Home & Living,Furniture,4,186.38,0.15,633.69,177.59,28.58,Low
MRG-2025-12784,2025-01-27,2025-02-02,North America,United States,Home Office,Home & Living,Bedding,9,425.62,0.3,2681.41,189.46,25.67,High
MRG-2025-11884,2025-01-27,2025-01-28,Europe,France,Consumer,Electronics,Audio,5,106.18,0.2,424.72,-13.88,30.27,Medium
MRG-2025-10404,2025-01-27,2025-02-01,North America,Mexico,Consumer,Electronics,Wearables,9,63.8,0.15,488.07,27.0,55.85,High
MRG-2025-13900,2025-01-27,2025-02-03,APAC,India,Consumer,Electronics,Smart Home,8,76.13,0.1,548.14,21.03,53.89,Medium
MRG-2025-11593,2025-01-28,2025-02-04,APAC,Singapore,Consumer,Home & Living,Decor,7,187.45,0.15,1115.33,183.96,21.94,Medium
MRG-2025-15631,2025-01-28,2025-02-01,APAC,India,Consumer,Home & Living,Bedding,7,179.46,0.0,1256.22,421.88,17.57,Medium
MRG-2025-12421,2025-01-28,2025-02-01,Europe,Germany,Home Office,Electronics,Accessories,8,413.35,0.15,2810.78,723.16,54.96,Medium
MRG-2025-14312,2025-01-28,2025-02-01,APAC,Australia,Consumer,Apparel,Activewear,7,298.6,0.1,1881.18,91.84,37.85,Medium
MRG-2025-15575,2025-01-28,2025-02-04,North America,Canada,Consumer,Home & Living,Decor,3,438.84,0.1,1184.87,236.11,25.62,Low
MRG-2025-10924,2025-01-28,2025-02-05,North America,United States,Corporate,Apparel,Activewear,4,445.55,0.0,1782.2,528.03,38.9,Low
MRG-2025-11344,2025-01-28,2025-01-30,North America,Mexico,Consumer,Home & Living,Decor,7,351.05,0.0,2457.35,880.9,43.31,Medium
MRG-2025-14910,2025-01-29,2025-02-05,Europe,Germany,Consumer,Apparel,Outerwear,7,310.91,0.0,2176.37,485.99,47.25,Critical
MRG-2025-13054,2025-01-29,2025-02-03,Europe,Spain,Consumer,Apparel,Outerwear,6,59.6,0.2,286.08,58.56,36.59,Medium
MRG-2025-12693,2025-01-29,2025-02-05,Europe,Spain,Consumer,Electronics,Audio,8,103.25,0.1,743.4,11.6,27.68,Low
MRG-2025-11824,2025-01-29,2025-01-30,Europe,United Kingdom,Corporate,Home & Living,Decor,9,390.3,0.05,3337.06,532.29,50.6,Critical
MRG-2025-10406,2025-01-29,2025-01-30,North America,United States,Consumer,Home & Living,Decor,8,70.89,0.0,567.12,70.9,60.56,Low
MRG-2025-10769,2025-01-30,2025-02-06,Europe,United Kingdom,Consumer,Home & Living,Kitchenware,2,180.8,0.3,253.12,-12.01,17.52,High
MRG-2025-10519,2025-01-30,2025-01-31,Europe,Germany,Consumer,Home & Living,Decor,2,105.69,0.3,147.97,16.94,14.08,Critical
MRG-2025-15584,2025-01-30,2025-02-02,North America,United States,Consumer,Electronics,Audio,3,266.77,0.2,640.25,-51.49,17.02,Medium
MRG-2025-15550,2025-01-30,2025-02-07,Europe,United Kingdom,Corporate,Apparel,Activewear,4,300.77,0.0,1203.08,107.77,21.92,Medium
MRG-2025-11111,2025-01-31,2025-02-07,North America,United States,Consumer,Home & Living,Kitchenware,8,231.04,0.1,1663.49,349.85,50.93,Medium
MRG-2025-10541,2025-01-31,2025-02-05,Europe,United Kingdom,Consumer,Apparel,Accessories,2,207.89,0.0,415.78,94.58,19.83,Medium
MRG-2025-10493,2025-02-01,2025-02-04,Europe,France,Consumer,Electronics,Smart Home,7,80.89,0.3,396.36,-12.64,33.64,Medium
MRG-2025-10688,2025-02-01,2025-02-06,APAC,Japan,Home Office,Electronics,Accessories,1,418.96,0.0,418.96,126.34,14.92,High
MRG-2025-13058,2025-02-01,2025-02-05,North America,Canada,Consumer,Home & Living,Furniture,11,371.31,0.0,4084.41,1076.06,58.69,Medium
MRG-2025-13350,2025-02-01,2025-02-09,North America,Mexico,Consumer,Home & Living,Decor,3,18.81,0.15,47.97,-2.49,19.02,Low
MRG-2025-12761,2025-02-01,2025-02-03,North America,Mexico,Corporate,Home & Living,Bedding,3,309.58,0.05,882.3,292.73,10.41,Low
MRG-2025-13351,2025-02-01,2025-02-08,APAC,Australia,Home Office,Home & Living,Decor,11,330.59,0.2,2909.19,49.72,58.79,High
MRG-2025-14419,2025-02-01,2025-02-07,Europe,Spain,Home Office,Electronics,Smart Home,1,123.11,0.2,98.49,8.18,6.65,Medium
MRG-2025-11401,2025-02-01,2025-02-02,Europe,Germany,Consumer,Electronics,Wearables,1,418.87,0.3,293.21,41.23,8.61,Low
MRG-2025-13168,2025-02-02,2025-02-05,Europe,France,Consumer,Electronics,Accessories,2,89.58,0.3,125.41,10.79,20.77,Low
MRG-2025-15380,2025-02-02,2025-02-09,Europe,France,Home Office,Electronics,Wearables,6,216.83,0.3,910.69,180.83,36.68,Critical
MRG-2025-11092,2025-02-02,2025-02-04,North America,Canada,Consumer,Home & Living,Decor,11,162.87,0.1,1612.41,239.26,78.9,Medium
MRG-2025-15813,2025-02-02,2025-02-04,North America,Canada,Consumer,Electronics,Wearables,11,409.15,0.15,3825.55,662.36,24.84,Low
MRG-2025-14894,2025-02-02,2025-02-08,North America,Canada,Corporate,Home & Living,Furniture,4,83.97,0.0,335.88,78.2,24.96,Medium
MRG-2025-15646,2025-02-02,2025-02-03,North America,Mexico,Consumer,Electronics,Accessories,11,192.86,0.1,1909.31,464.34,65.9,Medium
MRG-2025-10038,2025-02-02,2025-02-09,Europe,France,Home Office,Home & Living,Kitchenware,9,93.32,0.0,839.88,269.91,41.28,Low
MRG-2025-13537,2025-02-03,2025-02-06,North America,Canada,Consumer,Electronics,Smart Home,1,433.54,0.05,411.86,48.2,6.18,Medium
MRG-2025-15382,2025-02-03,2025-02-08,North America,Canada,Consumer,Apparel,Activewear,10,361.23,0.3,2528.61,7.16,61.73,Low
MRG-2025-10927,2025-02-03,2025-02-10,Europe,France,Consumer,Electronics,Audio,6,21.34,0.0,128.04,18.07,23.84,Medium
MRG-2025-13814,2025-02-03,2025-02-04,Europe,Spain,Corporate,Electronics,Wearables,9,185.61,0.2,1336.39,363.1,40.57,Low
MRG-2025-10889,2025-02-03,2025-02-09,Europe,Germany,Consumer,Electronics,Accessories,2,241.2,0.0,482.4,163.67,16.9,Low
MRG-2025-15187,2025-02-03,2025-02-04,Europe,United Kingdom,Home Office,Apparel,Footwear,3,12.5,0.0,37.5,11.63,11.48,Low
MRG-2025-12952,2025-02-03,2025-02-11,APAC,Australia,Consumer,Electronics,Audio,9,59.12,0.2,425.66,-6.93,45.72,High
MRG-2025-10857,2025-02-03,2025-02-08,Europe,United Kingdom,Consumer,Home & Living,Decor,7,34.49,0.1,217.29,74.04,24.51,Low
MRG-2025-10664,2025-02-03,2025-02-09,APAC,Japan,Consumer,Home & Living,Kitchenware,11,152.6,0.1,1510.74,375.07,19.8,Low
MRG-2025-12046,2025-02-04,2025-02-09,Europe,Germany,Consumer,Apparel,Activewear,10,356.98,0.0,3569.8,285.81,64.03,High
MRG-2025-10140,2025-02-04,2025-02-11,Europe,Germany,Consumer,Home & Living,Bedding,3,9.9,0.1,26.73,9.76,14.7,High
MRG-2025-14017,2025-02-04,2025-02-11,Europe,United Kingdom,Corporate,Electronics,Audio,8,344.7,0.2,2206.08,662.75,22.62,Medium
MRG-2025-11037,2025-02-04,2025-02-10,North America,Canada,Corporate,Electronics,Smart Home,4,69.86,0.1,251.5,46.27,31.51,High
MRG-2025-14873,2025-02-04,2025-02-07,APAC,India,Consumer,Apparel,Accessories,7,168.65,0.05,1121.52,224.53,43.15,High
MRG-2025-11025,2025-02-04,2025-02-10,Europe,United Kingdom,Corporate,Apparel,Footwear,10,303.77,0.0,3037.7,1004.18,31.57,Medium
MRG-2025-15910,2025-02-04,2025-02-11,APAC,Australia,Consumer,Home & Living,Kitchenware,2,193.97,0.0,387.94,51.06,8.12,Low
MRG-2025-11493,2025-02-05,2025-02-08,Europe,Germany,Consumer,Electronics,Smart Home,8,276.3,0.0,2210.4,735.86,19.21,Medium
MRG-2025-11828,2025-02-05,2025-02-09,Europe,United Kingdom,Consumer,Home & Living,Kitchenware,7,360.63,0.15,2145.75,546.74,20.4,Medium
MRG-2025-13856,2025-02-06,2025-02-12,North America,Canada,Home Office,Home & Living,Kitchenware,9,97.55,0.1,790.16,266.04,24.35,Critical
MRG-2025-12519,2025-02-06,2025-02-14,North America,Mexico,Corporate,Electronics,Audio,8,308.55,0.0,2468.4,924.41,26.32,Low
MRG-2025-12951,2025-02-06,2025-02-14,Europe,Spain,Consumer,Home & Living,Decor,9,240.07,0.15,1836.54,232.12,46.85,Medium
MRG-2025-11143,2025-02-06,2025-02-08,North America,Canada,Consumer,Electronics,Audio,2,351.31,0.15,597.23,42.35,24.56,Low
MRG-2025-13881,2025-02-06,2025-02-12,Europe,Germany,Consumer,Home & Living,Decor,5,335.08,0.1,1507.86,204.56,21.96,Low
MRG-2025-10630,2025-02-06,2025-02-11,APAC,India,Corporate,Apparel,Outerwear,6,235.16,0.0,1410.96,405.93,14.3,Medium
MRG-2025-15264,2025-02-07,2025-02-09,North America,Mexico,Corporate,Electronics,Audio,1,108.3,0.15,92.05,13.74,12.48,Medium
MRG-2025-11598,2025-02-07,2025-02-09,APAC,Japan,Consumer,Home & Living,Bedding,4,276.79,0.05,1051.8,119.98,22.66,Low
MRG-2025-12152,2025-02-07,2025-02-11,North America,Canada,Consumer,Apparel,Outerwear,8,47.47,0.1,341.78,107.74,31.14,Medium
MRG-2025-13554,2025-02-07,2025-02-15,Europe,Spain,Consumer,Electronics,Accessories,6,258.75,0.15,1319.62,-45.68,19.11,Medium
MRG-2025-10043,2025-02-07,2025-02-13,Europe,United Kingdom,Consumer,Home & Living,Kitchenware,9,399.79,0.15,3058.39,811.32,46.29,Medium
MRG-2025-15654,2025-02-07,2025-02-15,APAC,India,Home Office,Apparel,Accessories,7,269.91,0.0,1889.37,546.79,48.57,Low
MRG-2025-10562,2025-02-08,2025-02-13,Europe,Germany,Consumer,Home & Living,Bedding,11,390.88,0.2,3439.74,163.74,47.94,Medium
MRG-2025-14531,2025-02-08,2025-02-15,North America,Canada,Corporate,Apparel,Outerwear,7,26.43,0.1,166.51,10.4,39.65,Low
MRG-2025-14743,2025-02-08,2025-02-12,APAC,Japan,Consumer,Apparel,Accessories,11,326.39,0.05,3410.78,254.75,22.47,Medium
MRG-2025-10991,2025-02-08,2025-02-16,Europe,Germany,Corporate,Apparel,Footwear,9,84.32,0.0,758.88,219.22,48.71,Medium
MRG-2025-15035,2025-02-08,2025-02-14,North America,Mexico,Home Office,Home & Living,Kitchenware,8,283.95,0.1,2044.44,548.28,51.76,Medium
MRG-2025-12201,2025-02-08,2025-02-14,North America,Mexico,Consumer,Apparel,Outerwear,10,421.95,0.0,4219.5,432.56,70.37,Low
MRG-2025-14737,2025-02-08,2025-02-09,Europe,France,Corporate,Home & Living,Bedding,11,316.13,0.3,2434.2,-365.13,15.03,Low
MRG-2025-15954,2025-02-08,2025-02-10,North America,United States,Home Office,Electronics,Smart Home,8,319.86,0.3,1791.22,98.24,16.02,Low
MRG-2025-13260,2025-02-09,2025-02-11,Europe,France,Corporate,Apparel,Footwear,10,133.4,0.0,1334.0,230.99,33.25,Low
MRG-2025-10342,2025-02-09,2025-02-13,North America,United States,Consumer,Apparel,Footwear,6,49.2,0.0,295.2,42.25,29.92,Medium
MRG-2025-13362,2025-02-09,2025-02-10,Europe,France,Corporate,Apparel,Footwear,6,305.89,0.0,1835.34,769.66,49.37,High
MRG-2025-10661,2025-02-09,2025-02-17,Europe,Germany,Home Office,Home & Living,Decor,2,150.61,0.0,301.22,115.92,20.74,High
MRG-2025-15348,2025-02-10,2025-02-16,North America,Canada,Consumer,Apparel,Activewear,9,266.95,0.15,2042.17,485.95,67.19,High
MRG-2025-13198,2025-02-10,2025-02-14,Europe,Spain,Consumer,Electronics,Wearables,3,128.6,0.2,308.64,-15.66,28.72,High
MRG-2025-11587,2025-02-10,2025-02-12,North America,United States,Home Office,Home & Living,Kitchenware,7,242.04,0.05,1609.57,215.29,45.1,Low
MRG-2025-10545,2025-02-10,2025-02-14,North America,United States,Consumer,Apparel,Activewear,10,23.64,0.0,236.4,77.36,57.16,Medium
MRG-2025-12467,2025-02-10,2025-02-15,Europe,Germany,Consumer,Home & Living,Furniture,8,117.37,0.15,798.12,58.86,47.51,Low
MRG-2025-10665,2025-02-10,2025-02-17,North America,Mexico,Consumer,Electronics,Smart Home,11,102.7,0.0,1129.7,382.97,61.33,Medium
MRG-2025-15716,2025-02-11,2025-02-12,Europe,Germany,Corporate,Apparel,Outerwear,7,264.43,0.3,1295.71,221.46,28.32,High
MRG-2025-14187,2025-02-11,2025-02-18,North America,United States,Home Office,Apparel,Footwear,7,108.58,0.2,608.05,78.91,23.76,Low
MRG-2025-13624,2025-02-11,2025-02-17,Europe,Spain,Consumer,Electronics,Accessories,11,312.19,0.3,2403.86,404.42,36.99,Medium
MRG-2025-15886,2025-02-11,2025-02-13,North America,Mexico,Corporate,Home & Living,Furniture,4,41.63,0.0,166.52,25.9,26.02,Medium
MRG-2025-15460,2025-02-11,2025-02-19,North America,Mexico,Consumer,Home & Living,Furniture,8,37.97,0.05,288.57,88.61,39.09,Low
MRG-2025-11707,2025-02-12,2025-02-14,APAC,Australia,Corporate,Home & Living,Furniture,7,389.53,0.15,2317.7,136.09,23.93,High
MRG-2025-14845,2025-02-12,2025-02-18,North America,Mexico,Corporate,Electronics,Smart Home,10,164.14,0.2,1313.12,5.59,27.72,Medium
MRG-2025-13940,2025-02-12,2025-02-15,APAC,Australia,Corporate,Home & Living,Decor,10,383.76,0.0,3837.6,899.11,43.26,Critical
MRG-2025-12716,2025-02-12,2025-02-17,North America,Canada,Consumer,Electronics,Wearables,5,438.8,0.0,2194.0,232.74,25.04,Medium
MRG-2025-11251,2025-02-13,2025-02-14,North America,Mexico,Corporate,Home & Living,Bedding,8,402.9,0.05,3062.04,912.75,40.09,Medium
MRG-2025-14684,2025-02-13,2025-02-20,North America,Mexico,Home Office,Home & Living,Kitchenware,2,288.87,0.3,404.42,-59.9,13.41,Critical
MRG-2025-13691,2025-02-13,2025-02-14,APAC,Japan,Corporate,Apparel,Footwear,10,13.5,0.05,128.25,9.9,45.92,Low
MRG-2025-14662,2025-02-13,2025-02-18,APAC,Japan,Corporate,Apparel,Footwear,2,144.43,0.0,288.86,35.43,6.79,Medium
MRG-2025-13386,2025-02-13,2025-02-20,APAC,India,Consumer,Home & Living,Decor,2,245.34,0.0,490.68,76.84,14.29,Medium
MRG-2025-12367,2025-02-14,2025-02-19,Europe,Germany,Consumer,Home & Living,Decor,2,103.56,0.0,207.12,28.8,7.88,Low
MRG-2025-15740,2025-02-14,2025-02-22,North America,Mexico,Consumer,Electronics,Audio,10,406.31,0.1,3656.79,946.71,41.25,High
MRG-2025-10680,2025-02-14,2025-02-19,Europe,France,Consumer,Electronics,Wearables,3,357.3,0.05,1018.31,327.87,29.86,Critical
MRG-2025-13144,2025-02-14,2025-02-20,APAC,Australia,Consumer,Home & Living,Kitchenware,11,398.82,0.0,4387.02,1785.97,70.5,High
MRG-2025-14997,2025-02-15,2025-02-23,North America,United States,Corporate,Home & Living,Decor,2,309.26,0.05,587.59,63.99,24.72,Low
MRG-2025-15060,2025-02-15,2025-02-21,Europe,France,Home Office,Apparel,Outerwear,7,350.01,0.0,2450.07,571.01,24.9,Low
MRG-2025-15212,2025-02-15,2025-02-17,North America,Mexico,Corporate,Apparel,Activewear,5,281.04,0.05,1334.94,311.39,34.05,Low
MRG-2025-11990,2025-02-15,2025-02-19,North America,Canada,Corporate,Electronics,Audio,7,54.25,0.05,360.76,91.66,25.11,Low
MRG-2025-14094,2025-02-15,2025-02-22,North America,United States,Corporate,Home & Living,Furniture,9,187.1,0.15,1431.32,314.69,52.0,Low
MRG-2025-10198,2025-02-15,2025-02-23,APAC,Australia,Consumer,Electronics,Smart Home,4,319.07,0.0,1276.28,142.71,25.22,Low
MRG-2025-11811,2025-02-15,2025-02-23,APAC,Singapore,Consumer,Home & Living,Bedding,4,226.58,0.0,906.32,97.12,30.47,Low
MRG-2025-11612,2025-02-15,2025-02-23,North America,Canada,Corporate,Electronics,Smart Home,6,369.97,0.0,2219.82,272.23,27.04,Medium
MRG-2025-15106,2025-02-15,2025-02-16,North America,Canada,Consumer,Apparel,Accessories,6,176.44,0.15,899.84,291.65,48.98,Low
MRG-2025-10160,2025-02-15,2025-02-19,Europe,United Kingdom,Home Office,Electronics,Audio,7,152.2,0.05,1012.13,170.63,28.58,Low
MRG-2025-10549,2025-02-15,2025-02-20,Europe,United Kingdom,Corporate,Home & Living,Furniture,8,110.06,0.1,792.43,77.76,21.18,Medium
MRG-2025-15274,2025-02-16,2025-02-18,Europe,Spain,Corporate,Home & Living,Decor,4,402.64,0.0,1610.56,636.95,7.37,Low
MRG-2025-13949,2025-02-16,2025-02-20,APAC,Singapore,Consumer,Home & Living,Kitchenware,5,397.34,0.1,1788.03,242.29,16.53,Low
MRG-2025-15546,2025-02-16,2025-02-19,Europe,Germany,Consumer,Home & Living,Decor,11,284.54,0.2,2503.95,196.33,52.56,Critical
MRG-2025-11533,2025-02-16,2025-02-18,Europe,Spain,Home Office,Electronics,Smart Home,2,94.58,0.15,160.79,-7.5,23.27,Critical
MRG-2025-10285,2025-02-16,2025-02-22,North America,Mexico,Consumer,Apparel,Accessories,2,92.3,0.0,184.6,54.86,9.57,Low
MRG-2025-13979,2025-02-16,2025-02-17,North America,Mexico,Consumer,Electronics,Audio,6,251.36,0.0,1508.16,246.76,39.4,Low
MRG-2025-12597,2025-02-16,2025-02-24,North America,United States,Home Office,Apparel,Footwear,1,231.66,0.2,185.33,-12.46,13.85,Medium
MRG-2025-15151,2025-02-16,2025-02-20,APAC,Japan,Consumer,Home & Living,Kitchenware,9,224.28,0.3,1412.96,-211.94,62.73,Low
MRG-2025-12170,2025-02-17,2025-02-24,North America,Canada,Corporate,Apparel,Footwear,3,178.83,0.2,429.19,22.59,17.23,Low
MRG-2025-10105,2025-02-17,2025-02-24,North America,United States,Corporate,Home & Living,Decor,2,127.65,0.05,242.53,53.7,18.83,Medium
MRG-2025-11746,2025-02-17,2025-02-18,Europe,United Kingdom,Corporate,Electronics,Smart Home,11,254.8,0.2,2242.24,-46.85,41.66,Low
MRG-2025-11327,2025-02-17,2025-02-20,APAC,Australia,Consumer,Home & Living,Kitchenware,5,56.65,0.0,283.25,25.26,24.84,Low
MRG-2025-11189,2025-02-17,2025-02-21,Europe,Spain,Consumer,Electronics,Smart Home,10,86.33,0.0,863.3,112.78,55.4,Medium
MRG-2025-13190,2025-02-17,2025-02-24,North America,Mexico,Home Office,Home & Living,Kitchenware,4,429.86,0.3,1203.61,209.05,23.13,Low
MRG-2025-14195,2025-02-17,2025-02-22,Europe,United Kingdom,Consumer,Home & Living,Decor,9,254.47,0.2,1832.18,-75.57,16.85,Low
MRG-2025-15595,2025-02-17,2025-02-21,North America,United States,Home Office,Apparel,Accessories,11,135.16,0.3,1040.73,-54.01,73.32,Medium
MRG-2025-15345,2025-02-17,2025-02-18,Europe,France,Consumer,Home & Living,Furniture,1,261.54,0.05,248.46,74.02,7.8,Medium
MRG-2025-10271,2025-02-17,2025-02-20,Europe,Spain,Consumer,Apparel,Activewear,9,208.75,0.0,1878.75,271.94,38.67,Low
MRG-2025-15811,2025-02-17,2025-02-23,Europe,Spain,Consumer,Electronics,Wearables,7,63.7,0.3,312.13,-18.26,41.03,High
MRG-2025-13086,2025-02-18,2025-02-20,Europe,France,Consumer,Electronics,Audio,2,91.87,0.0,183.74,61.61,19.64,High
MRG-2025-13072,2025-02-18,2025-02-20,Europe,United Kingdom,Home Office,Home & Living,Furniture,11,245.77,0.0,2703.47,907.06,26.45,Low
MRG-2025-14117,2025-02-18,2025-02-24,Europe,France,Consumer,Home & Living,Furniture,4,183.88,0.0,735.52,201.89,13.72,Low
MRG-2025-12650,2025-02-18,2025-02-19,North America,Canada,Corporate,Home & Living,Furniture,3,125.4,0.3,263.34,25.32,14.6,Medium
MRG-2025-12115,2025-02-19,2025-02-25,North America,Mexico,Consumer,Apparel,Outerwear,6,267.01,0.05,1521.96,74.47,40.31,High
MRG-2025-13696,2025-02-19,2025-02-23,Europe,Germany,Consumer,Apparel,Activewear,6,119.68,0.0,718.08,279.23,41.68,Low
MRG-2025-13602,2025-02-19,2025-02-21,Europe,Spain,Consumer,Apparel,Activewear,9,392.1,0.0,3528.9,1299.78,40.88,Medium
MRG-2025-12699,2025-02-19,2025-02-26,North America,Canada,Consumer,Home & Living,Kitchenware,7,75.18,0.3,368.38,-55.26,51.83,High
MRG-2025-13044,2025-02-19,2025-02-25,North America,Mexico,Consumer,Apparel,Accessories,4,52.91,0.05,201.06,55.51,28.47,Low
MRG-2025-14104,2025-02-19,2025-02-23,APAC,Japan,Consumer,Home & Living,Decor,9,280.58,0.0,2525.22,892.42,12.21,Medium
MRG-2025-12560,2025-02-19,2025-02-27,North America,United States,Consumer,Apparel,Accessories,3,247.09,0.0,741.27,192.69,30.39,Low
MRG-2025-14273,2025-02-19,2025-02-25,North America,Canada,Home Office,Home & Living,Furniture,7,284.54,0.0,1991.78,807.92,45.14,High
MRG-2025-14434,2025-02-19,2025-02-24,North America,United States,Corporate,Apparel,Activewear,5,189.28,0.0,946.4,216.49,36.12,High
MRG-2025-13212,2025-02-20,2025-02-23,North America,Canada,Consumer,Electronics,Wearables,4,251.68,0.0,1006.72,266.35,11.44,Low
MRG-2025-10052,2025-02-20,2025-02-25,Europe,Spain,Corporate,Electronics,Wearables,8,433.74,0.1,3122.93,989.11,47.52,High
MRG-2025-14699,2025-02-20,2025-02-25,APAC,Japan,Consumer,Home & Living,Bedding,2,167.54,0.2,268.06,63.74,16.19,Medium
MRG-2025-10426,2025-02-20,2025-02-22,North America,Mexico,Consumer,Home & Living,Decor,8,260.9,0.0,2087.2,253.33,19.85,High
MRG-2025-10591,2025-02-21,2025-02-23,North America,United States,Consumer,Home & Living,Bedding,4,175.78,0.05,667.96,219.65,29.55,Medium
MRG-2025-12810,2025-02-21,2025-02-25,North America,Canada,Home Office,Home & Living,Furniture,3,64.87,0.15,165.42,5.96,21.06,Medium
MRG-2025-10818,2025-02-21,2025-02-22,Europe,United Kingdom,Consumer,Electronics,Smart Home,3,433.17,0.05,1234.53,286.04,23.86,Medium
MRG-2025-11500,2025-02-21,2025-02-28,APAC,Singapore,Consumer,Apparel,Activewear,6,226.12,0.05,1288.88,190.48,32.17,Medium
MRG-2025-14439,2025-02-21,2025-02-28,North America,Mexico,Corporate,Electronics,Smart Home,3,283.25,0.15,722.29,-31.7,17.27,Low
MRG-2025-13999,2025-02-22,2025-03-02,North America,Mexico,Home Office,Electronics,Audio,7,123.27,0.15,733.46,38.96,10.49,Medium
MRG-2025-14228,2025-02-22,2025-02-28,Europe,France,Consumer,Apparel,Accessories,4,358.82,0.1,1291.75,183.95,34.88,Low
MRG-2025-10019,2025-02-22,2025-02-26,North America,Mexico,Corporate,Apparel,Outerwear,6,416.77,0.0,2500.62,221.19,29.86,Critical
MRG-2025-15796,2025-02-22,2025-02-25,North America,United States,Consumer,Home & Living,Furniture,3,10.98,0.0,32.94,6.08,20.73,Medium
MRG-2025-12540,2025-02-22,2025-02-24,Europe,United Kingdom,Consumer,Apparel,Footwear,9,388.24,0.0,3494.16,1244.93,27.16,Low
MRG-2025-15909,2025-02-23,2025-02-24,North America,United States,Consumer,Apparel,Activewear,8,45.49,0.1,327.53,111.84,16.4,Medium
MRG-2025-14697,2025-02-23,2025-02-28,North America,United States,Consumer,Home & Living,Bedding,2,124.53,0.1,224.15,56.07,12.2,High
MRG-2025-15889,2025-02-23,2025-02-28,North America,United States,Corporate,Apparel,Footwear,1,295.65,0.3,206.95,-31.04,9.99,Medium
MRG-2025-13750,2025-02-23,2025-02-25,North America,Canada,Consumer,Apparel,Activewear,11,87.68,0.0,964.48,195.63,77.55,Medium
MRG-2025-13810,2025-02-23,2025-03-03,North America,Canada,Consumer,Electronics,Audio,5,150.83,0.15,641.03,99.59,21.19,Low
MRG-2025-15899,2025-02-24,2025-02-26,North America,United States,Home Office,Apparel,Outerwear,7,239.28,0.0,1674.96,523.77,9.12,High
MRG-2025-11727,2025-02-24,2025-03-04,Europe,France,Home Office,Electronics,Smart Home,10,102.58,0.2,820.64,175.49,39.76,Medium
MRG-2025-14397,2025-02-24,2025-03-02,North America,Mexico,Consumer,Apparel,Footwear,6,276.01,0.0,1656.06,249.54,23.34,Low
MRG-2025-11306,2025-02-24,2025-03-03,APAC,Japan,Corporate,Apparel,Activewear,9,320.74,0.05,2742.33,522.13,50.86,Medium
MRG-2025-10264,2025-02-24,2025-02-26,North America,Canada,Corporate,Apparel,Outerwear,11,346.01,0.05,3615.8,996.86,48.06,Medium
MRG-2025-15527,2025-02-24,2025-03-01,North America,Canada,Consumer,Electronics,Accessories,10,388.3,0.3,2718.1,551.36,20.25,Low
MRG-2025-15731,2025-02-24,2025-03-03,Europe,United Kingdom,Home Office,Apparel,Footwear,5,221.09,0.3,773.81,-116.07,16.37,Medium
MRG-2025-12075,2025-02-24,2025-03-02,Europe,France,Corporate,Electronics,Smart Home,5,266.04,0.0,1330.2,342.68,37.01,Low
MRG-2025-13571,2025-02-24,2025-02-27,North America,Mexico,Consumer,Electronics,Wearables,3,322.47,0.1,870.67,229.43,15.96,Low
MRG-2025-15481,2025-02-25,2025-02-28,North America,Canada,Consumer,Apparel,Accessories,5,202.57,0.0,1012.85,305.44,31.08,Medium
MRG-2025-13490,2025-02-25,2025-03-02,North America,United States,Consumer,Apparel,Accessories,10,151.93,0.05,1443.33,316.48,33.05,Medium
MRG-2025-11554,2025-02-26,2025-02-27,North America,Mexico,Consumer,Home & Living,Kitchenware,1,417.8,0.05,396.91,80.9,11.64,Low
MRG-2025-12470,2025-02-26,2025-02-28,Europe,Germany,Home Office,Home & Living,Bedding,8,237.81,0.2,1521.98,139.25,20.33,High
MRG-2025-15360,2025-02-27,2025-03-02,APAC,Australia,Consumer,Home & Living,Decor,9,219.28,0.3,1381.46,170.72,44.96,Low
MRG-2025-10824,2025-02-27,2025-03-04,Europe,France,Corporate,Home & Living,Decor,4,449.58,0.0,1798.32,601.58,26.51,Critical
MRG-2025-10697,2025-02-27,2025-03-02,Europe,United Kingdom,Corporate,Electronics,Wearables,7,426.75,0.0,2987.25,658.63,32.07,Low
MRG-2025-14827,2025-02-27,2025-03-03,North America,Mexico,Consumer,Electronics,Smart Home,8,230.03,0.0,1840.24,240.95,36.53,High
MRG-2025-11063,2025-02-28,2025-03-05,North America,Canada,Home Office,Apparel,Accessories,2,417.28,0.1,751.1,62.59,25.79,Medium
MRG-2025-14711,2025-02-28,2025-03-03,North America,United States,Consumer,Home & Living,Furniture,8,234.33,0.0,1874.64,187.36,13.72,Critical
MRG-2025-13245,2025-02-28,2025-03-07,Europe,Spain,Consumer,Electronics,Audio,2,384.6,0.1,692.28,76.48,16.49,Medium
MRG-2025-15523,2025-02-28,2025-03-01,North America,Canada,Consumer,Home & Living,Kitchenware,11,82.99,0.05,867.25,113.15,21.94,Low
MRG-2025-10191,2025-02-28,2025-03-06,Europe,Germany,Consumer,Apparel,Outerwear,3,90.2,0.3,189.42,-15.82,22.43,High
MRG-2025-14250,2025-03-01,2025-03-02,North America,Canada,Corporate,Apparel,Outerwear,9,358.38,0.1,2902.88,316.28,40.58,Medium
MRG-2025-14411,2025-03-01,2025-03-06,North America,Canada,Consumer,Home & Living,Kitchenware,10,308.94,0.05,2934.93,957.89,54.56,Medium
MRG-2025-11326,2025-03-01,2025-03-07,Europe,United Kingdom,Home Office,Electronics,Audio,2,39.34,0.05,74.75,8.33,9.51,Low
MRG-2025-13499,2025-03-02,2025-03-08,North America,Canada,Consumer,Electronics,Wearables,1,336.66,0.0,336.66,118.18,4.12,Low
MRG-2025-11342,2025-03-02,2025-03-06,North America,Mexico,Consumer,Apparel,Footwear,11,280.09,0.2,2464.79,498.08,39.27,Medium
MRG-2025-12840,2025-03-02,2025-03-09,North America,Canada,Consumer,Apparel,Activewear,9,326.28,0.1,2642.87,41.32,47.61,High
MRG-2025-11432,2025-03-02,2025-03-04,North America,Canada,Corporate,Electronics,Wearables,11,234.55,0.3,1806.04,199.96,62.03,Low
MRG-2025-15820,2025-03-02,2025-03-03,APAC,Japan,Consumer,Apparel,Activewear,10,119.65,0.0,1196.5,127.58,33.9,Medium
MRG-2025-12120,2025-03-02,2025-03-05,North America,Canada,Consumer,Electronics,Smart Home,3,165.63,0.3,347.82,-28.6,10.63,Medium
MRG-2025-14866,2025-03-03,2025-03-09,APAC,India,Consumer,Electronics,Wearables,1,78.68,0.0,78.68,30.76,16.41,Medium
MRG-2025-15722,2025-03-03,2025-03-11,Europe,Spain,Consumer,Home & Living,Furniture,1,139.05,0.3,97.34,-1.1,5.25,Low
MRG-2025-13167,2025-03-03,2025-03-11,APAC,Japan,Consumer,Apparel,Accessories,6,88.33,0.05,503.48,167.18,33.62,Low
MRG-2025-15083,2025-03-03,2025-03-06,North America,Canada,Home Office,Apparel,Accessories,9,69.52,0.05,594.4,32.59,64.18,Medium
MRG-2025-12021,2025-03-03,2025-03-06,Europe,Germany,Home Office,Electronics,Audio,1,168.27,0.2,134.62,29.88,8.61,High
MRG-2025-10020,2025-03-03,2025-03-09,North America,United States,Consumer,Apparel,Activewear,9,214.58,0.15,1641.54,-0.65,62.11,High
MRG-2025-12325,2025-03-03,2025-03-07,APAC,Singapore,Corporate,Apparel,Outerwear,6,299.63,0.1,1618.0,108.62,34.67,Low
MRG-2025-10951,2025-03-04,2025-03-12,Europe,Spain,Corporate,Home & Living,Furniture,11,208.94,0.05,2183.42,742.51,81.69,High
MRG-2025-13752,2025-03-04,2025-03-11,APAC,Singapore,Consumer,Apparel,Activewear,9,54.6,0.0,491.4,147.8,29.55,Medium
MRG-2025-13819,2025-03-04,2025-03-08,North America,United States,Consumer,Home & Living,Bedding,8,84.64,0.3,473.98,-53.37,53.86,Low
MRG-2025-15518,2025-03-04,2025-03-12,Europe,United Kingdom,Corporate,Electronics,Accessories,3,355.92,0.1,960.98,235.63,29.9,Low
MRG-2025-11644,2025-03-04,2025-03-11,North America,United States,Consumer,Home & Living,Furniture,4,443.92,0.0,1775.68,601.25,22.36,Low
MRG-2025-10530,2025-03-05,2025-03-10,North America,Canada,Corporate,Apparel,Accessories,7,95.41,0.1,601.08,170.64,58.91,Low
MRG-2025-11614,2025-03-05,2025-03-13,North America,Mexico,Corporate,Apparel,Outerwear,7,126.54,0.0,885.78,217.67,37.39,Medium
MRG-2025-13061,2025-03-05,2025-03-06,APAC,Japan,Consumer,Electronics,Smart Home,7,323.82,0.0,2266.74,387.4,40.98,Low
MRG-2025-13370,2025-03-05,2025-03-07,North America,United States,Corporate,Electronics,Accessories,7,101.95,0.0,713.65,103.04,31.55,Low
MRG-2025-10705,2025-03-05,2025-03-08,Europe,Germany,Consumer,Home & Living,Kitchenware,2,64.07,0.15,108.92,28.61,12.56,High
MRG-2025-13924,2025-03-06,2025-03-08,Europe,France,Consumer,Electronics,Wearables,3,276.12,0.2,662.69,113.52,20.19,Medium
MRG-2025-10180,2025-03-06,2025-03-09,North America,Mexico,Home Office,Apparel,Footwear,6,439.62,0.0,2637.72,481.32,22.8,Medium
MRG-2025-10941,2025-03-06,2025-03-09,North America,Canada,Corporate,Home & Living,Kitchenware,4,278.15,0.1,1001.34,124.3,10.23,Medium
MRG-2025-14244,2025-03-06,2025-03-13,Europe,Spain,Consumer,Electronics,Accessories,1,24.47,0.2,19.58,2.58,16.12,High
MRG-2025-14816,2025-03-07,2025-03-10,APAC,Singapore,Consumer,Electronics,Smart Home,11,303.36,0.05,3170.11,803.43,73.84,Low
MRG-2025-15823,2025-03-07,2025-03-14,North America,Canada,Consumer,Electronics,Audio,4,83.75,0.3,234.5,-14.93,23.17,Low
MRG-2025-15963,2025-03-07,2025-03-13,APAC,Japan,Consumer,Electronics,Wearables,6,44.37,0.0,266.22,61.74,41.0,Medium
MRG-2025-10835,2025-03-07,2025-03-15,North America,Mexico,Consumer,Apparel,Accessories,7,169.95,0.3,832.75,87.18,35.91,Medium
MRG-2025-12683,2025-03-07,2025-03-12,Europe,United Kingdom,Consumer,Home & Living,Furniture,2,225.1,0.0,450.2,101.4,9.67,Medium
MRG-2025-11758,2025-03-07,2025-03-14,APAC,Singapore,Consumer,Home & Living,Bedding,5,392.13,0.2,1568.52,239.42,32.49,High
MRG-2025-14317,2025-03-07,2025-03-14,North America,Mexico,Consumer,Home & Living,Furniture,1,342.56,0.15,291.18,82.65,12.62,Medium
MRG-2025-10428,2025-03-08,2025-03-14,APAC,Japan,Consumer,Home & Living,Decor,6,324.77,0.0,1948.62,657.9,37.0,Low
MRG-2025-13523,2025-03-08,2025-03-14,Europe,United Kingdom,Corporate,Electronics,Smart Home,1,200.61,0.2,160.49,23.03,12.86,Medium
MRG-2025-14542,2025-03-08,2025-03-12,North America,Mexico,Corporate,Home & Living,Decor,9,441.12,0.05,3771.58,708.97,48.64,Medium
MRG-2025-14026,2025-03-08,2025-03-12,North America,United States,Consumer,Electronics,Smart Home,5,266.86,0.0,1334.3,526.36,27.89,Medium
MRG-2025-15751,2025-03-09,2025-03-17,APAC,Singapore,Corporate,Apparel,Footwear,1,298.27,0.0,298.27,83.57,12.76,Medium
MRG-2025-11588,2025-03-09,2025-03-15,North America,Canada,Corporate,Apparel,Footwear,5,80.34,0.0,401.7,42.64,15.08,Medium
MRG-2025-14590,2025-03-09,2025-03-17,Europe,Germany,Corporate,Home & Living,Kitchenware,8,342.93,0.15,2331.92,50.44,57.71,Medium
MRG-2025-15424,2025-03-09,2025-03-16,Europe,France,Consumer,Apparel,Accessories,2,204.44,0.3,286.22,46.27,16.92,High
MRG-2025-15175,2025-03-09,2025-03-13,APAC,Australia,Home Office,Electronics,Wearables,7,99.66,0.0,697.62,84.02,50.45,Medium
MRG-2025-11101,2025-03-10,2025-03-12,Europe,United Kingdom,Consumer,Electronics,Audio,7,192.14,0.15,1143.23,319.41,46.29,Low
MRG-2025-10796,2025-03-10,2025-03-12,APAC,Japan,Consumer,Electronics,Wearables,5,151.81,0.2,607.24,78.81,25.16,Low
MRG-2025-13037,2025-03-10,2025-03-14,APAC,Singapore,Consumer,Electronics,Wearables,2,20.82,0.2,33.31,5.53,25.28,Medium
MRG-2025-10032,2025-03-10,2025-03-15,APAC,Japan,Consumer,Electronics,Accessories,4,77.66,0.3,217.45,33.99,23.43,Medium
MRG-2025-10418,2025-03-10,2025-03-17,North America,Canada,Consumer,Home & Living,Kitchenware,6,423.75,0.15,2161.12,-31.14,30.95,Medium
MRG-2025-15123,2025-03-10,2025-03-11,Europe,United Kingdom,Consumer,Electronics,Smart Home,1,320.83,0.0,320.83,34.47,16.52,Medium
MRG-2025-15692,2025-03-10,2025-03-17,North America,Mexico,Consumer,Electronics,Audio,3,248.13,0.3,521.07,116.91,24.8,High
MRG-2025-14867,2025-03-10,2025-03-12,North America,Mexico,Consumer,Electronics,Smart Home,4,120.75,0.0,483.0,146.23,31.15,Low
MRG-2025-15872,2025-03-11,2025-03-14,North America,Canada,Home Office,Electronics,Wearables,10,22.3,0.2,178.4,19.75,21.79,Low
MRG-2025-13083,2025-03-11,2025-03-13,APAC,India,Consumer,Home & Living,Furniture,5,68.41,0.1,307.85,7.4,15.54,High
MRG-2025-14707,2025-03-11,2025-03-15,North America,Mexico,Corporate,Apparel,Outerwear,4,182.06,0.2,582.59,68.24,30.36,Medium
MRG-2025-11416,2025-03-12,2025-03-15,Europe,France,Consumer,Electronics,Wearables,6,158.39,0.15,807.79,23.05,27.02,Low
MRG-2025-10567,2025-03-12,2025-03-14,North America,Canada,Consumer,Apparel,Activewear,3,19.67,0.0,59.01,15.01,21.99,Critical
MRG-2025-13609,2025-03-12,2025-03-18,Europe,United Kingdom,Consumer,Home & Living,Bedding,6,285.14,0.0,1710.84,447.87,39.7,Medium
MRG-2025-11254,2025-03-12,2025-03-18,North America,Canada,Consumer,Apparel,Activewear,2,63.2,0.2,101.12,17.23,21.93,Medium
MRG-2025-15871,2025-03-13,2025-03-14,APAC,Singapore,Corporate,Home & Living,Kitchenware,3,221.36,0.3,464.86,20.92,15.13,High
MRG-2025-14102,2025-03-13,2025-03-18,Europe,Germany,Corporate,Apparel,Footwear,6,408.89,0.0,2453.34,676.98,46.27,Low
MRG-2025-10837,2025-03-13,2025-03-21,North America,United States,Corporate,Home & Living,Decor,9,110.3,0.3,694.89,-66.73,17.88,High
MRG-2025-13421,2025-03-13,2025-03-18,APAC,India,Consumer,Apparel,Outerwear,8,352.0,0.1,2534.4,445.2,15.3,Medium
MRG-2025-13203,2025-03-13,2025-03-15,Europe,France,Corporate,Apparel,Accessories,5,305.4,0.0,1527.0,162.33,22.59,Low
MRG-2025-12363,2025-03-13,2025-03-15,North America,Canada,Corporate,Apparel,Outerwear,8,292.54,0.0,2340.32,749.88,26.59,Medium
MRG-2025-15951,2025-03-13,2025-03-21,APAC,Singapore,Home Office,Home & Living,Decor,8,391.74,0.0,3133.92,261.69,48.3,Medium
MRG-2025-14880,2025-03-14,2025-03-22,APAC,India,Home Office,Home & Living,Decor,8,418.13,0.1,3010.54,887.26,55.26,Medium
MRG-2025-10186,2025-03-14,2025-03-21,APAC,India,Corporate,Apparel,Footwear,4,418.73,0.05,1591.17,582.52,15.86,High
MRG-2025-13715,2025-03-14,2025-03-18,Europe,Spain,Home Office,Home & Living,Furniture,3,242.35,0.05,690.7,222.25,21.81,Low
MRG-2025-14015,2025-03-14,2025-03-15,North America,United States,Consumer,Apparel,Activewear,1,290.8,0.0,290.8,77.21,7.31,Medium
MRG-2025-12349,2025-03-14,2025-03-22,Europe,Spain,Corporate,Apparel,Activewear,5,190.88,0.15,811.24,184.93,41.2,High
MRG-2025-13430,2025-03-14,2025-03-17,North America,United States,Corporate,Electronics,Accessories,10,118.35,0.05,1124.33,293.06,44.78,High
MRG-2025-12888,2025-03-15,2025-03-21,North America,Mexico,Corporate,Home & Living,Decor,7,286.88,0.1,1807.34,482.74,23.25,Low
MRG-2025-15319,2025-03-15,2025-03-16,Europe,United Kingdom,Consumer,Home & Living,Bedding,3,354.75,0.3,744.97,12.38,13.82,High
MRG-2025-15961,2025-03-15,2025-03-17,North America,Canada,Home Office,Electronics,Audio,7,185.11,0.15,1101.4,120.48,46.82,Low
MRG-2025-14807,2025-03-15,2025-03-18,North America,Mexico,Home Office,Home & Living,Kitchenware,9,154.93,0.1,1254.93,48.23,19.8,Low
MRG-2025-13671,2025-03-16,2025-03-24,APAC,India,Corporate,Home & Living,Furniture,4,76.71,0.1,276.16,41.8,23.38,Low
MRG-2025-10875,2025-03-16,2025-03-24,North America,United States,Consumer,Home & Living,Kitchenware,2,54.69,0.0,109.38,28.27,17.55,Critical
MRG-2025-10653,2025-03-16,2025-03-17,Europe,France,Corporate,Home & Living,Decor,9,392.71,0.1,3180.95,741.93,10.98,Medium
MRG-2025-15686,2025-03-16,2025-03-23,North America,Mexico,Consumer,Home & Living,Kitchenware,7,177.69,0.05,1181.64,314.25,20.01,Low
MRG-2025-12379,2025-03-16,2025-03-19,North America,Mexico,Home Office,Electronics,Accessories,2,264.58,0.05,502.7,157.1,22.58,High
MRG-2025-11944,2025-03-16,2025-03-17,North America,Mexico,Corporate,Apparel,Accessories,10,116.75,0.2,934.0,163.5,34.93,Medium
MRG-2025-13969,2025-03-16,2025-03-22,North America,Mexico,Home Office,Apparel,Outerwear,10,317.43,0.05,3015.59,150.14,59.11,Low
MRG-2025-14609,2025-03-17,2025-03-23,APAC,Australia,Corporate,Home & Living,Furniture,3,396.7,0.15,1011.58,145.24,25.96,Low
MRG-2025-12703,2025-03-17,2025-03-23,North America,Mexico,Consumer,Home & Living,Kitchenware,11,319.34,0.1,3161.47,652.2,73.8,Medium
MRG-2025-12398,2025-03-17,2025-03-25,Europe,Germany,Home Office,Home & Living,Kitchenware,6,66.82,0.3,280.64,35.99,29.8,Medium
MRG-2025-14463,2025-03-17,2025-03-23,Europe,Germany,Corporate,Electronics,Smart Home,1,171.46,0.05,162.89,50.71,11.24,Medium
MRG-2025-15880,2025-03-17,2025-03-23,North America,United States,Consumer,Apparel,Outerwear,1,108.98,0.1,98.08,18.85,14.35,High
MRG-2025-13790,2025-03-17,2025-03-20,North America,Canada,Corporate,Apparel,Activewear,6,363.04,0.0,2178.24,592.27,43.12,High
MRG-2025-10987,2025-03-17,2025-03-19,North America,Mexico,Consumer,Apparel,Footwear,10,415.85,0.1,3742.65,339.22,63.02,Low
MRG-2025-13014,2025-03-18,2025-03-20,North America,Canada,Consumer,Electronics,Accessories,2,224.72,0.2,359.55,42.58,17.97,Medium
MRG-2025-13980,2025-03-18,2025-03-24,North America,United States,Consumer,Home & Living,Furniture,9,44.26,0.0,398.34,60.65,64.2,Medium
MRG-2025-10159,2025-03-18,2025-03-26,North America,Canada,Consumer,Home & Living,Bedding,5,50.07,0.0,250.35,20.08,37.46,Low
MRG-2025-12050,2025-03-19,2025-03-20,North America,Mexico,Consumer,Home & Living,Furniture,1,119.57,0.05,113.59,24.15,8.59,Medium
MRG-2025-12061,2025-03-19,2025-03-20,Europe,Spain,Corporate,Apparel,Outerwear,10,383.26,0.0,3832.6,1221.54,38.0,Low
MRG-2025-14768,2025-03-19,2025-03-24,Europe,United Kingdom,Consumer,Electronics,Smart Home,9,406.86,0.0,3661.74,945.04,48.06,Critical
MRG-2025-10142,2025-03-19,2025-03-20,APAC,Singapore,Consumer,Apparel,Footwear,3,330.58,0.0,991.74,112.31,10.24,High
MRG-2025-12126,2025-03-19,2025-03-27,APAC,India,Consumer,Apparel,Activewear,8,381.72,0.0,3053.76,912.56,49.3,Low
MRG-2025-10232,2025-03-20,2025-03-24,North America,Canada,Consumer,Apparel,Accessories,6,265.24,0.0,1591.44,382.79,36.74,Medium
MRG-2025-14622,2025-03-20,2025-03-28,North America,United States,Corporate,Home & Living,Kitchenware,5,344.7,0.05,1637.32,342.49,37.88,Low
MRG-2025-14403,2025-03-20,2025-03-22,North America,Canada,Consumer,Apparel,Outerwear,5,384.78,0.0,1923.9,713.5,8.82,Low
MRG-2025-10846,2025-03-20,2025-03-21,North America,Mexico,Home Office,Apparel,Footwear,1,268.67,0.15,228.37,0.23,13.19,Low
MRG-2025-14956,2025-03-20,2025-03-21,North America,Mexico,Consumer,Electronics,Smart Home,7,310.88,0.3,1523.31,-141.37,22.02,Critical
MRG-2025-11350,2025-03-20,2025-03-22,North America,Mexico,Consumer,Apparel,Activewear,11,425.27,0.0,4677.97,1878.99,24.24,Low
MRG-2025-14216,2025-03-20,2025-03-23,North America,Mexico,Consumer,Home & Living,Furniture,5,159.51,0.0,797.55,79.35,40.37,Critical
MRG-2025-14219,2025-03-20,2025-03-28,APAC,Singapore,Consumer,Apparel,Outerwear,3,351.44,0.0,1054.32,240.1,18.36,Low
MRG-2025-12923,2025-03-20,2025-03-22,Europe,France,Consumer,Apparel,Accessories,4,329.92,0.0,1319.68,419.19,11.23,Medium
MRG-2025-15531,2025-03-21,2025-03-27,Europe,Spain,Consumer,Apparel,Activewear,5,141.12,0.05,670.32,225.05,19.61,High
MRG-2025-13319,2025-03-21,2025-03-23,North America,Mexico,Consumer,Electronics,Audio,6,82.8,0.15,422.28,98.04,34.48,High
MRG-2025-10460,2025-03-21,2025-03-29,North America,United States,Corporate,Home & Living,Bedding,7,446.2,0.15,2654.89,224.23,37.68,High
MRG-2025-12953,2025-03-21,2025-03-25,North America,Canada,Corporate,Apparel,Outerwear,6,23.18,0.2,111.26,0.68,35.86,Medium
MRG-2025-15711,2025-03-21,2025-03-22,North America,United States,Consumer,Home & Living,Bedding,3,378.1,0.05,1077.58,205.25,20.8,Medium
MRG-2025-14511,2025-03-21,2025-03-25,Europe,Spain,Consumer,Apparel,Outerwear,7,167.72,0.0,1174.04,474.93,23.38,Medium
MRG-2025-13716,2025-03-22,2025-03-30,APAC,Singapore,Consumer,Apparel,Outerwear,2,220.95,0.1,397.71,54.55,18.56,Medium
MRG-2025-14585,2025-03-22,2025-03-26,North America,Canada,Consumer,Apparel,Footwear,5,409.71,0.15,1741.27,319.26,26.19,Medium
MRG-2025-14731,2025-03-23,2025-03-30,APAC,Singapore,Corporate,Apparel,Footwear,6,92.76,0.0,556.56,73.55,49.26,Low
MRG-2025-13497,2025-03-23,2025-03-30,APAC,Singapore,Consumer,Apparel,Activewear,3,382.13,0.0,1146.39,234.43,20.65,Medium
MRG-2025-10609,2025-03-23,2025-03-30,APAC,Singapore,Consumer,Home & Living,Bedding,7,40.54,0.1,255.4,92.36,39.42,Low
MRG-2025-14338,2025-03-23,2025-03-29,Europe,France,Consumer,Electronics,Audio,11,204.26,0.05,2134.52,480.98,62.93,Low
MRG-2025-12714,2025-03-23,2025-03-31,APAC,Singapore,Corporate,Electronics,Smart Home,3,314.98,0.2,755.95,178.53,25.6,High
MRG-2025-10512,2025-03-23,2025-03-28,North America,Mexico,Consumer,Apparel,Activewear,10,20.18,0.15,171.53,-7.48,40.96,Medium
MRG-2025-13905,2025-03-23,2025-03-24,North America,United States,Consumer,Electronics,Audio,9,81.9,0.2,589.68,-44.22,21.8,High
MRG-2025-11903,2025-03-23,2025-03-28,North America,Canada,Consumer,Electronics,Accessories,3,366.28,0.0,1098.84,271.28,31.15,High
MRG-2025-11125,2025-03-23,2025-03-29,Europe,Spain,Consumer,Home & Living,Decor,1,235.21,0.2,188.17,19.6,9.15,Medium
MRG-2025-11456,2025-03-23,2025-03-27,Europe,United Kingdom,Home Office,Electronics,Audio,7,95.44,0.1,601.27,59.64,38.21,Medium
MRG-2025-14381,2025-03-24,2025-04-01,APAC,Australia,Home Office,Electronics,Smart Home,6,304.33,0.0,1825.98,549.26,40.99,Medium
MRG-2025-11270,2025-03-24,2025-03-31,North America,Mexico,Corporate,Apparel,Accessories,1,152.58,0.15,129.69,2.24,7.73,Critical
MRG-2025-10569,2025-03-24,2025-03-25,North America,United States,Consumer,Electronics,Accessories,11,389.66,0.0,4286.26,693.07,17.8,Medium
MRG-2025-15408,2025-03-25,2025-04-01,Europe,United Kingdom,Consumer,Electronics,Smart Home,2,39.46,0.05,74.97,9.3,16.45,Medium
MRG-2025-14702,2025-03-25,2025-03-27,APAC,Australia,Consumer,Home & Living,Bedding,2,319.69,0.0,639.38,196.7,17.03,Low
MRG-2025-11829,2025-03-25,2025-03-30,Europe,France,Corporate,Apparel,Accessories,8,247.78,0.05,1883.13,310.36,26.13,Low
MRG-2025-13487,2025-03-25,2025-03-27,Europe,France,Consumer,Apparel,Activewear,6,385.54,0.1,2081.92,437.28,40.7,Low
MRG-2025-10115,2025-03-25,2025-04-02,Europe,Spain,Consumer,Apparel,Activewear,1,78.98,0.0,78.98,27.13,18.41,Medium
MRG-2025-14928,2025-03-25,2025-03-27,North America,United States,Consumer,Apparel,Activewear,6,201.48,0.0,1208.88,483.98,41.55,Low
MRG-2025-15344,2025-03-25,2025-03-28,North America,Canada,Corporate,Apparel,Accessories,9,388.15,0.3,2445.34,-88.15,59.62,Low
MRG-2025-10765,2025-03-26,2025-03-28,North America,United States,Consumer,Home & Living,Furniture,11,353.61,0.0,3889.71,1038.34,72.06,Low
MRG-2025-10366,2025-03-26,2025-03-31,Europe,United Kingdom,Consumer,Apparel,Footwear,7,90.0,0.0,630.0,65.64,37.28,Low
MRG-2025-13903,2025-03-26,2025-03-28,Europe,Spain,Consumer,Apparel,Activewear,2,375.83,0.15,638.91,163.45,18.37,Low
MRG-2025-14596,2025-03-26,2025-03-30,North America,United States,Consumer,Electronics,Audio,5,346.65,0.3,1213.27,-181.99,11.21,Medium
MRG-2025-10003,2025-03-26,2025-03-30,North America,Canada,Consumer,Apparel,Accessories,11,376.04,0.05,3929.62,1108.77,73.44,Medium
MRG-2025-14582,2025-03-26,2025-03-28,APAC,India,Consumer,Apparel,Footwear,8,38.85,0.15,264.18,47.24,43.83,Low
MRG-2025-12355,2025-03-26,2025-04-01,North America,Canada,Home Office,Apparel,Accessories,8,269.84,0.0,2158.72,686.23,55.75,Low
MRG-2025-12465,2025-03-26,2025-03-30,North America,Mexico,Consumer,Home & Living,Bedding,2,70.77,0.2,113.23,11.23,11.81,Medium
MRG-2025-13772,2025-03-26,2025-03-29,North America,Mexico,Consumer,Apparel,Outerwear,2,60.75,0.2,97.2,9.02,10.15,Critical
MRG-2025-12641,2025-03-27,2025-03-29,North America,Canada,Consumer,Electronics,Audio,10,34.1,0.3,238.7,42.89,70.63,Medium
MRG-2025-10202,2025-03-27,2025-03-29,North America,United States,Consumer,Home & Living,Bedding,7,228.12,0.2,1277.47,-9.78,18.7,Low
MRG-2025-10312,2025-03-27,2025-03-31,North America,Mexico,Consumer,Home & Living,Bedding,1,27.62,0.05,26.24,8.39,13.92,High
MRG-2025-14943,2025-03-27,2025-03-31,North America,Mexico,Consumer,Home & Living,Kitchenware,3,251.38,0.0,754.14,227.36,17.55,Medium
MRG-2025-12227,2025-03-27,2025-04-02,North America,United States,Home Office,Electronics,Wearables,8,440.86,0.0,3526.88,1112.57,17.43,Critical
MRG-2025-11919,2025-03-28,2025-03-29,North America,Canada,Corporate,Home & Living,Decor,11,215.83,0.15,2018.01,460.27,83.7,Medium
MRG-2025-15448,2025-03-28,2025-04-04,APAC,Singapore,Consumer,Home & Living,Bedding,3,396.58,0.2,951.79,108.99,13.08,Low
MRG-2025-11017,2025-03-28,2025-04-04,Europe,Spain,Corporate,Home & Living,Decor,7,99.16,0.2,555.3,74.71,31.39,Medium
MRG-2025-13232,2025-03-28,2025-04-02,North America,United States,Consumer,Apparel,Accessories,9,402.73,0.1,3262.11,148.09,22.4,High
MRG-2025-10183,2025-03-29,2025-04-06,Europe,Germany,Consumer,Electronics,Smart Home,2,243.7,0.1,438.66,20.87,15.82,Low
MRG-2025-10560,2025-03-29,2025-03-30,APAC,Japan,Corporate,Home & Living,Bedding,2,313.02,0.1,563.44,117.88,10.67,Low
MRG-2025-15962,2025-03-29,2025-03-30,North America,Canada,Consumer,Home & Living,Furniture,7,90.71,0.0,634.97,190.53,25.74,Low
MRG-2025-13145,2025-03-29,2025-03-31,North America,United States,Corporate,Apparel,Footwear,10,381.66,0.0,3816.6,1285.66,52.19,High
MRG-2025-13443,2025-03-29,2025-04-06,North America,Mexico,Consumer,Electronics,Smart Home,10,236.14,0.0,2361.4,966.73,39.03,Medium
MRG-2025-12315,2025-03-29,2025-03-30,APAC,Australia,Consumer,Apparel,Accessories,6,400.68,0.0,2404.08,343.71,49.63,Low
MRG-2025-11987,2025-03-29,2025-04-01,North America,United States,Consumer,Home & Living,Bedding,11,375.1,0.0,4126.1,1391.31,82.4,Medium
MRG-2025-12093,2025-03-29,2025-03-31,Europe,France,Corporate,Home & Living,Bedding,5,312.27,0.15,1327.15,40.02,28.51,Low
MRG-2025-13347,2025-03-29,2025-04-03,APAC,India,Consumer,Electronics,Smart Home,4,336.76,0.1,1212.34,85.31,23.89,Medium
MRG-2025-13694,2025-03-30,2025-04-04,North America,Canada,Corporate,Home & Living,Furniture,10,124.95,0.05,1187.02,150.83,21.14,Low
MRG-2025-13028,2025-03-30,2025-04-03,Europe,France,Corporate,Apparel,Outerwear,7,48.68,0.3,238.53,-11.78,14.18,Low
MRG-2025-14893,2025-03-30,2025-04-04,North America,Mexico,Consumer,Apparel,Accessories,5,105.88,0.0,529.4,108.54,24.78,Medium
MRG-2025-10452,2025-03-30,2025-04-02,Europe,Spain,Consumer,Electronics,Wearables,6,83.19,0.15,424.27,-31.79,10.25,Low
MRG-2025-14556,2025-03-30,2025-04-05,North America,United States,Home Office,Home & Living,Decor,1,330.7,0.15,281.09,46.53,14.3,Medium
MRG-2025-13291,2025-03-30,2025-04-04,Europe,Germany,Corporate,Electronics,Wearables,5,298.83,0.05,1419.44,170.67,32.83,Medium
MRG-2025-10993,2025-03-31,2025-04-06,Europe,Spain,Consumer,Apparel,Accessories,4,376.98,0.15,1281.73,65.65,27.13,Low
MRG-2025-12795,2025-03-31,2025-04-03,Europe,United Kingdom,Home Office,Electronics,Audio,11,394.52,0.1,3905.75,939.86,51.26,Low
MRG-2025-11511,2025-03-31,2025-04-04,Europe,France,Home Office,Electronics,Audio,10,362.89,0.3,2540.23,-73.11,61.14,Medium
MRG-2025-10151,2025-03-31,2025-04-07,North America,Canada,Consumer,Home & Living,Decor,5,431.66,0.0,2158.3,693.69,34.11,Low
MRG-2025-13379,2025-03-31,2025-04-04,North America,Canada,Corporate,Electronics,Wearables,2,226.91,0.0,453.82,112.89,10.83,Low
MRG-2025-13567,2025-04-01,2025-04-07,Europe,Germany,Corporate,Apparel,Activewear,11,161.37,0.2,1420.06,260.8,34.31,Low
MRG-2025-12654,2025-04-01,2025-04-08,Europe,Spain,Consumer,Electronics,Accessories,8,391.37,0.0,3130.96,465.51,65.75,Medium
MRG-2025-11140,2025-04-01,2025-04-05,North America,Canada,Consumer,Electronics,Audio,10,248.31,0.0,2483.1,652.86,27.54,Low
MRG-2025-11006,2025-04-01,2025-04-06,APAC,Singapore,Consumer,Apparel,Activewear,9,38.06,0.15,291.16,2.83,44.12,High
MRG-2025-14086,2025-04-01,2025-04-07,North America,Mexico,Consumer,Apparel,Activewear,2,243.56,0.2,389.7,35.93,15.36,Low
MRG-2025-15789,2025-04-01,2025-04-04,Europe,Spain,Consumer,Electronics,Accessories,6,437.56,0.05,2494.09,91.86,16.99,Low
MRG-2025-11763,2025-04-01,2025-04-03,North America,United States,Consumer,Apparel,Outerwear,1,244.93,0.0,244.93,77.28,10.75,High
MRG-2025-15370,2025-04-02,2025-04-09,North America,United States,Consumer,Electronics,Smart Home,9,16.98,0.1,137.54,25.99,38.45,Low
MRG-2025-10103,2025-04-02,2025-04-10,APAC,Australia,Consumer,Home & Living,Kitchenware,2,181.67,0.05,345.17,109.9,16.05,Medium
MRG-2025-12754,2025-04-02,2025-04-09,North America,United States,Consumer,Home & Living,Kitchenware,1,323.14,0.05,306.98,54.61,5.56,Medium
MRG-2025-13337,2025-04-02,2025-04-03,Europe,Spain,Consumer,Home & Living,Bedding,9,341.27,0.1,2764.29,293.47,19.66,High
MRG-2025-15317,2025-04-02,2025-04-07,North America,Canada,Consumer,Electronics,Audio,3,409.28,0.15,1043.66,70.39,20.41,Medium
MRG-2025-13747,2025-04-03,2025-04-08,APAC,India,Consumer,Electronics,Smart Home,1,194.87,0.0,194.87,76.42,6.34,Low
MRG-2025-11323,2025-04-03,2025-04-10,North America,Mexico,Consumer,Home & Living,Decor,7,293.9,0.0,2057.3,640.49,33.32,Medium
MRG-2025-14980,2025-04-03,2025-04-11,North America,Canada,Consumer,Electronics,Wearables,4,244.47,0.15,831.2,104.91,21.62,High
MRG-2025-13275,2025-04-03,2025-04-04,Europe,France,Consumer,Apparel,Activewear,4,274.93,0.15,934.76,-48.64,26.55,Medium
MRG-2025-14948,2025-04-03,2025-04-10,North America,Mexico,Consumer,Electronics,Audio,11,109.12,0.05,1140.3,119.11,72.32,Medium
MRG-2025-11468,2025-04-03,2025-04-04,North America,Canada,Consumer,Home & Living,Kitchenware,10,46.26,0.0,462.6,61.56,33.05,Medium
MRG-2025-10534,2025-04-04,2025-04-08,North America,United States,Corporate,Home & Living,Kitchenware,9,152.25,0.15,1164.71,197.76,50.85,Medium
MRG-2025-15792,2025-04-04,2025-04-05,North America,Mexico,Consumer,Electronics,Accessories,11,46.27,0.3,356.28,2.32,77.06,Low
MRG-2025-12848,2025-04-04,2025-04-07,North America,Canada,Corporate,Electronics,Audio,5,300.77,0.2,1203.08,-9.24,17.83,Medium
MRG-2025-11576,2025-04-04,2025-04-05,Europe,France,Consumer,Home & Living,Decor,6,256.44,0.0,1538.64,218.22,42.11,Critical
MRG-2025-12025,2025-04-04,2025-04-07,North America,Canada,Corporate,Apparel,Activewear,5,45.05,0.0,225.25,76.18,19.28,High
MRG-2025-10799,2025-04-05,2025-04-08,Europe,France,Consumer,Home & Living,Furniture,8,72.59,0.05,551.68,131.66,28.28,Low
MRG-2025-14721,2025-04-05,2025-04-09,Europe,France,Consumer,Apparel,Activewear,6,189.93,0.2,911.66,-95.4,41.16,Medium
MRG-2025-12226,2025-04-05,2025-04-08,APAC,India,Corporate,Home & Living,Furniture,4,189.15,0.0,756.6,314.31,26.27,High
MRG-2025-15781,2025-04-05,2025-04-08,North America,Mexico,Corporate,Electronics,Wearables,4,109.34,0.05,415.49,124.88,20.96,Medium
MRG-2025-15415,2025-04-06,2025-04-08,Europe,France,Home Office,Home & Living,Furniture,4,327.39,0.15,1113.13,244.04,20.93,Low
MRG-2025-10436,2025-04-06,2025-04-14,North America,United States,Consumer,Electronics,Smart Home,5,414.41,0.0,2072.05,785.1,32.02,Medium
MRG-2025-15857,2025-04-06,2025-04-08,Europe,Spain,Consumer,Home & Living,Decor,8,254.83,0.15,1732.84,-92.87,49.96,Medium
MRG-2025-11970,2025-04-06,2025-04-12,North America,Mexico,Consumer,Home & Living,Decor,8,250.84,0.05,1906.38,383.04,54.94,High
MRG-2025-10821,2025-04-06,2025-04-12,Europe,Germany,Consumer,Apparel,Footwear,8,117.35,0.1,844.92,69.56,30.24,Medium
MRG-2025-10995,2025-04-06,2025-04-07,North America,Canada,Corporate,Apparel,Footwear,5,248.09,0.15,1054.38,199.17,17.62,Low
MRG-2025-10143,2025-04-06,2025-04-13,North America,United States,Home Office,Apparel,Outerwear,8,129.17,0.0,1033.36,172.17,56.66,High
MRG-2025-13023,2025-04-06,2025-04-14,Europe,Spain,Corporate,Home & Living,Furniture,11,269.27,0.1,2665.77,332.42,80.73,Medium
MRG-2025-15585,2025-04-07,2025-04-12,North America,Mexico,Corporate,Home & Living,Bedding,4,200.92,0.3,562.58,-36.44,35.17,Low
MRG-2025-15216,2025-04-07,2025-04-13,North America,Canada,Corporate,Apparel,Outerwear,9,93.53,0.1,757.59,190.09,34.66,Medium
MRG-2025-14194,2025-04-07,2025-04-13,APAC,Singapore,Consumer,Electronics,Accessories,4,381.68,0.0,1526.72,601.76,22.59,Medium
MRG-2025-13816,2025-04-08,2025-04-16,North America,Canada,Consumer,Apparel,Outerwear,6,215.46,0.15,1098.85,340.95,37.3,Medium
MRG-2025-11399,2025-04-08,2025-04-16,North America,Canada,Consumer,Apparel,Activewear,6,143.25,0.3,601.65,28.14,33.26,Low
MRG-2025-10287,2025-04-08,2025-04-16,North America,Canada,Corporate,Apparel,Activewear,11,19.27,0.0,211.97,60.17,81.5,Low
MRG-2025-12773,2025-04-08,2025-04-11,North America,Canada,Consumer,Home & Living,Kitchenware,5,192.02,0.0,960.1,230.42,25.14,Low
MRG-2025-10633,2025-04-08,2025-04-10,Europe,United Kingdom,Consumer,Apparel,Accessories,2,360.46,0.3,504.64,-75.7,10.52,High
MRG-2025-12016,2025-04-08,2025-04-11,North America,Mexico,Corporate,Apparel,Outerwear,11,187.67,0.2,1651.5,18.82,31.99,Medium
MRG-2025-12423,2025-04-08,2025-04-16,North America,Mexico,Home Office,Home & Living,Bedding,2,273.6,0.0,547.2,121.47,17.15,Medium
MRG-2025-11738,2025-04-09,2025-04-17,Europe,France,Consumer,Home & Living,Decor,8,98.35,0.1,708.12,190.65,55.75,Low
MRG-2025-12438,2025-04-09,2025-04-17,APAC,Japan,Consumer,Electronics,Smart Home,8,226.19,0.0,1809.52,544.49,15.03,High
MRG-2025-14967,2025-04-09,2025-04-10,Europe,Spain,Home Office,Home & Living,Furniture,11,118.41,0.2,1042.01,0.01,35.01,High
MRG-2025-15189,2025-04-09,2025-04-10,North America,United States,Corporate,Home & Living,Kitchenware,6,212.58,0.3,892.84,-62.1,40.39,High
MRG-2025-15287,2025-04-09,2025-04-16,APAC,Australia,Consumer,Apparel,Footwear,2,253.24,0.1,455.83,36.81,6.85,Low
MRG-2025-15816,2025-04-10,2025-04-16,North America,United States,Home Office,Apparel,Accessories,11,318.14,0.0,3499.54,567.46,34.75,Medium
MRG-2025-10222,2025-04-10,2025-04-13,North America,Mexico,Consumer,Home & Living,Kitchenware,6,21.7,0.2,104.16,11.05,32.32,Low
MRG-2025-14418,2025-04-10,2025-04-13,North America,Mexico,Consumer,Home & Living,Furniture,3,428.63,0.2,1028.71,197.56,22.97,Medium
MRG-2025-11532,2025-04-11,2025-04-16,North America,Mexico,Consumer,Apparel,Outerwear,8,437.11,0.0,3496.88,770.34,62.38,High
MRG-2025-13778,2025-04-11,2025-04-18,North America,Canada,Consumer,Electronics,Wearables,5,209.72,0.3,734.02,73.62,27.97,Critical
MRG-2025-15983,2025-04-11,2025-04-14,APAC,Australia,Consumer,Apparel,Accessories,1,33.17,0.05,31.51,7.82,6.28,Medium
MRG-2025-13018,2025-04-11,2025-04-16,Europe,Germany,Corporate,Home & Living,Bedding,6,360.84,0.0,2165.04,554.85,44.01,High
MRG-2025-10523,2025-04-12,2025-04-19,North America,Mexico,Corporate,Apparel,Footwear,6,402.83,0.3,1691.89,-253.78,46.81,High
MRG-2025-15028,2025-04-12,2025-04-20,North America,United States,Consumer,Home & Living,Bedding,10,49.47,0.1,445.23,68.82,13.11,Low
MRG-2025-14854,2025-04-12,2025-04-19,North America,Mexico,Consumer,Electronics,Accessories,7,254.63,0.0,1782.41,701.41,43.38,Medium
MRG-2025-13220,2025-04-12,2025-04-18,APAC,Australia,Consumer,Electronics,Wearables,1,88.32,0.0,88.32,30.17,7.06,Medium
MRG-2025-12110,2025-04-12,2025-04-19,North America,Canada,Consumer,Electronics,Smart Home,11,112.97,0.15,1056.27,101.49,67.93,Medium
MRG-2025-11252,2025-04-12,2025-04-15,Europe,United Kingdom,Consumer,Apparel,Outerwear,9,418.82,0.0,3769.38,702.15,37.69,High
MRG-2025-13284,2025-04-12,2025-04-18,Europe,Spain,Corporate,Electronics,Audio,5,321.93,0.2,1287.72,373.4,16.89,Critical
MRG-2025-13914,2025-04-13,2025-04-15,North America,Mexico,Corporate,Electronics,Accessories,4,389.74,0.2,1247.17,-118.53,28.44,High
MRG-2025-14592,2025-04-13,2025-04-16,North America,United States,Consumer,Apparel,Accessories,11,96.33,0.0,1059.63,412.46,66.11,Medium
MRG-2025-15865,2025-04-13,2025-04-19,APAC,Japan,Home Office,Electronics,Wearables,3,342.59,0.15,873.6,-10.69,12.4,Medium
MRG-2025-12086,2025-04-13,2025-04-18,Europe,Spain,Corporate,Apparel,Accessories,11,72.01,0.1,712.9,195.8,48.62,Medium
MRG-2025-15759,2025-04-13,2025-04-16,APAC,Singapore,Consumer,Apparel,Outerwear,11,220.71,0.0,2427.81,925.64,49.48,Medium
MRG-2025-15115,2025-04-13,2025-04-20,Europe,Germany,Consumer,Apparel,Footwear,5,246.98,0.15,1049.66,109.62,19.54,Medium
MRG-2025-13725,2025-04-13,2025-04-21,North America,Canada,Corporate,Home & Living,Decor,4,330.93,0.15,1125.16,77.86,28.87,Medium
MRG-2025-10273,2025-04-13,2025-04-21,North America,Canada,Consumer,Apparel,Footwear,5,332.91,0.15,1414.87,221.92,11.25,High
MRG-2025-13420,2025-04-14,2025-04-22,North America,Canada,Home Office,Apparel,Activewear,1,277.3,0.1,249.57,12.79,14.17,Low
MRG-2025-14391,2025-04-14,2025-04-20,North America,Mexico,Consumer,Electronics,Accessories,5,411.68,0.2,1646.72,328.59,36.34,Medium
MRG-2025-11458,2025-04-14,2025-04-18,North America,Mexico,Home Office,Home & Living,Furniture,11,71.6,0.0,787.6,302.88,44.77,High
MRG-2025-12993,2025-04-14,2025-04-18,Europe,Spain,Corporate,Apparel,Activewear,9,127.22,0.15,973.23,117.1,29.44,Low
MRG-2025-14706,2025-04-14,2025-04-21,Europe,France,Consumer,Electronics,Smart Home,9,249.05,0.0,2241.45,179.77,17.08,Medium
MRG-2025-13594,2025-04-14,2025-04-21,North America,United States,Consumer,Home & Living,Kitchenware,7,122.49,0.0,857.43,342.44,35.55,Medium
MRG-2025-12766,2025-04-15,2025-04-20,North America,Mexico,Corporate,Apparel,Accessories,8,92.24,0.0,737.92,104.28,33.83,High
MRG-2025-13897,2025-04-15,2025-04-22,Europe,Germany,Home Office,Electronics,Smart Home,11,112.69,0.0,1239.59,143.6,43.53,Medium
MRG-2025-12905,2025-04-15,2025-04-20,APAC,Singapore,Consumer,Electronics,Wearables,11,420.48,0.0,4625.28,1224.94,52.79,Medium
MRG-2025-10608,2025-04-15,2025-04-20,Europe,Spain,Corporate,Electronics,Accessories,5,389.83,0.1,1754.24,385.16,29.93,Medium
MRG-2025-12235,2025-04-16,2025-04-24,North America,Canada,Consumer,Apparel,Accessories,6,381.14,0.0,2286.84,943.32,29.87,Low
MRG-2025-11434,2025-04-16,2025-04-18,Europe,United Kingdom,Consumer,Electronics,Smart Home,8,358.77,0.0,2870.16,476.72,17.95,Low
MRG-2025-15063,2025-04-16,2025-04-24,North America,United States,Consumer,Apparel,Footwear,8,178.12,0.1,1282.46,287.99,20.95,High
MRG-2025-13048,2025-04-17,2025-04-25,North America,United States,Consumer,Apparel,Outerwear,4,219.9,0.0,879.6,279.2,20.69,High
MRG-2025-12998,2025-04-17,2025-04-22,APAC,India,Consumer,Apparel,Outerwear,7,449.59,0.0,3147.13,328.11,33.3,Medium
MRG-2025-11298,2025-04-17,2025-04-23,North America,Mexico,Consumer,Home & Living,Decor,10,50.08,0.1,450.72,1.17,23.46,Low
MRG-2025-13360,2025-04-17,2025-04-25,North America,Canada,Corporate,Apparel,Footwear,3,373.34,0.15,952.02,-13.96,17.31,Low
MRG-2025-12592,2025-04-17,2025-04-18,Europe,United Kingdom,Consumer,Home & Living,Kitchenware,8,70.97,0.3,397.43,32.29,29.59,Critical
MRG-2025-10815,2025-04-17,2025-04-19,APAC,Singapore,Home Office,Home & Living,Bedding,2,84.05,0.0,168.1,40.0,21.26,Low
MRG-2025-14611,2025-04-17,2025-04-25,North America,Mexico,Consumer,Home & Living,Kitchenware,11,244.52,0.0,2689.72,509.92,54.42,Low
MRG-2025-11959,2025-04-17,2025-04-24,North America,Canada,Corporate,Electronics,Audio,3,202.09,0.2,485.02,86.21,30.33,Low
MRG-2025-10211,2025-04-18,2025-04-25,Europe,Spain,Corporate,Home & Living,Decor,10,150.53,0.1,1354.77,271.07,52.13,Medium
MRG-2025-11506,2025-04-18,2025-04-24,North America,Mexico,Home Office,Apparel,Accessories,3,249.78,0.0,749.34,188.99,11.46,Low
MRG-2025-15158,2025-04-18,2025-04-21,APAC,Singapore,Consumer,Home & Living,Kitchenware,2,106.34,0.05,202.05,38.85,23.98,Low
MRG-2025-13108,2025-04-18,2025-04-23,Europe,France,Consumer,Home & Living,Furniture,9,336.31,0.0,3026.79,845.74,63.93,Medium
MRG-2025-15894,2025-04-19,2025-04-25,North America,Canada,Consumer,Home & Living,Bedding,5,350.31,0.0,1751.55,419.0,39.05,Medium
MRG-2025-13364,2025-04-19,2025-04-21,North America,United States,Consumer,Apparel,Outerwear,1,140.99,0.1,126.89,38.0,5.05,Low
MRG-2025-15022,2025-04-19,2025-04-23,North America,United States,Corporate,Electronics,Smart Home,11,238.04,0.0,2618.44,687.51,51.5,Critical
MRG-2025-15623,2025-04-19,2025-04-27,North America,Canada,Corporate,Home & Living,Decor,10,294.41,0.0,2944.1,592.09,37.72,Critical
MRG-2025-14795,2025-04-20,2025-04-27,North America,United States,Consumer,Home & Living,Furniture,9,176.83,0.1,1432.32,438.4,18.67,High
MRG-2025-13921,2025-04-20,2025-04-28,APAC,India,Consumer,Electronics,Wearables,6,293.81,0.0,1762.86,403.79,30.89,Low
MRG-2025-15609,2025-04-20,2025-04-22,Europe,United Kingdom,Consumer,Electronics,Audio,6,63.58,0.15,324.26,39.04,31.72,Low
MRG-2025-14796,2025-04-20,2025-04-27,Europe,Spain,Consumer,Apparel,Footwear,3,93.35,0.0,280.05,25.8,24.06,Medium
MRG-2025-14742,2025-04-20,2025-04-21,Europe,France,Corporate,Home & Living,Furniture,8,391.42,0.0,3131.36,781.92,52.0,Medium
MRG-2025-11989,2025-04-20,2025-04-21,North America,United States,Consumer,Electronics,Wearables,5,211.59,0.05,1005.05,367.53,13.77,Critical
MRG-2025-14490,2025-04-20,2025-04-23,North America,United States,Consumer,Home & Living,Kitchenware,5,169.76,0.1,763.92,161.6,27.43,Low
MRG-2025-11475,2025-04-20,2025-04-26,APAC,Singapore,Consumer,Home & Living,Furniture,7,245.75,0.0,1720.25,582.6,44.33,Medium
MRG-2025-12575,2025-04-20,2025-04-26,North America,Canada,Consumer,Electronics,Accessories,3,118.44,0.2,284.26,15.31,27.24,Low
MRG-2025-11000,2025-04-20,2025-04-22,Europe,France,Corporate,Electronics,Wearables,4,223.24,0.05,848.31,285.57,24.35,High
MRG-2025-10438,2025-04-20,2025-04-22,APAC,Australia,Consumer,Electronics,Accessories,4,183.89,0.05,698.78,270.14,26.21,Low
MRG-2025-10911,2025-04-20,2025-04-28,North America,Mexico,Home Office,Apparel,Activewear,5,293.41,0.2,1173.64,-23.51,10.57,Low
MRG-2025-11227,2025-04-21,2025-04-23,North America,Canada,Consumer,Home & Living,Decor,6,18.31,0.2,87.89,15.31,26.74,Low
MRG-2025-13583,2025-04-21,2025-04-28,North America,United States,Consumer,Electronics,Smart Home,11,181.51,0.0,1996.61,719.24,56.22,Low
MRG-2025-15896,2025-04-21,2025-04-28,North America,United States,Consumer,Electronics,Audio,2,291.17,0.0,582.34,105.08,18.73,Medium
MRG-2025-15454,2025-04-22,2025-04-24,North America,United States,Corporate,Home & Living,Bedding,11,429.72,0.3,3308.84,4.49,71.43,Medium
MRG-2025-10738,2025-04-22,2025-04-30,Europe,United Kingdom,Consumer,Apparel,Accessories,5,400.32,0.3,1401.12,105.92,39.29,High
MRG-2025-15586,2025-04-22,2025-04-24,Europe,France,Consumer,Electronics,Smart Home,6,345.08,0.05,1966.96,166.5,35.92,Medium
MRG-2025-14959,2025-04-22,2025-04-24,APAC,Japan,Corporate,Apparel,Outerwear,5,190.12,0.1,855.54,125.49,34.39,Medium
MRG-2025-14717,2025-04-22,2025-04-26,North America,United States,Corporate,Apparel,Activewear,2,26.53,0.15,45.1,0.4,20.39,Low
MRG-2025-13802,2025-04-22,2025-04-25,North America,United States,Consumer,Home & Living,Decor,7,210.58,0.3,1031.84,204.05,23.6,High
MRG-2025-12499,2025-04-22,2025-04-23,North America,Mexico,Consumer,Home & Living,Furniture,5,26.17,0.15,111.22,31.3,32.79,Low
MRG-2025-14262,2025-04-22,2025-04-29,APAC,Singapore,Home Office,Electronics,Wearables,8,324.6,0.0,2596.8,802.47,35.79,Medium
MRG-2025-10495,2025-04-22,2025-04-25,APAC,Australia,Consumer,Electronics,Audio,8,31.74,0.2,203.14,50.06,21.15,High
MRG-2025-10670,2025-04-23,2025-04-24,North America,Canada,Consumer,Home & Living,Decor,5,352.47,0.15,1498.0,84.52,14.31,Medium
MRG-2025-15075,2025-04-23,2025-04-25,North America,Canada,Corporate,Home & Living,Kitchenware,10,154.71,0.05,1469.74,396.08,16.86,Low
MRG-2025-14006,2025-04-23,2025-05-01,North America,Mexico,Corporate,Apparel,Activewear,10,198.16,0.05,1882.52,631.36,14.55,Critical
MRG-2025-15091,2025-04-23,2025-04-26,North America,Mexico,Consumer,Electronics,Audio,3,300.43,0.0,901.29,173.4,28.65,High
MRG-2025-10028,2025-04-23,2025-04-28,Europe,Germany,Corporate,Electronics,Accessories,6,287.75,0.0,1726.5,569.51,41.75,High
MRG-2025-11653,2025-04-23,2025-04-28,North America,United States,Corporate,Electronics,Wearables,9,281.14,0.05,2403.75,362.35,31.78,Low
MRG-2025-10667,2025-04-24,2025-04-28,North America,Mexico,Consumer,Electronics,Smart Home,3,433.94,0.0,1301.82,507.59,30.15,Medium
MRG-2025-15364,2025-04-24,2025-04-29,North America,Canada,Corporate,Electronics,Audio,8,405.23,0.3,2269.29,-57.69,30.54,Critical
MRG-2025-13127,2025-04-24,2025-04-30,North America,Canada,Consumer,Apparel,Activewear,9,142.81,0.15,1092.5,42.3,66.61,Medium
MRG-2025-11370,2025-04-24,2025-04-27,North America,United States,Corporate,Home & Living,Furniture,4,447.13,0.15,1520.24,209.88,11.89,Low
MRG-2025-15331,2025-04-24,2025-04-28,APAC,Australia,Corporate,Apparel,Footwear,10,376.09,0.0,3760.9,1425.56,39.81,Low
MRG-2025-14917,2025-04-24,2025-05-02,Europe,Germany,Home Office,Apparel,Activewear,9,83.41,0.0,750.69,209.58,53.02,Low
MRG-2025-13707,2025-04-25,2025-05-03,North America,Mexico,Consumer,Electronics,Audio,8,350.11,0.15,2380.75,177.92,49.85,Low
MRG-2025-12955,2025-04-25,2025-04-28,APAC,Singapore,Corporate,Electronics,Accessories,9,244.79,0.0,2203.11,604.22,49.39,Low
MRG-2025-12942,2025-04-25,2025-04-30,North America,United States,Consumer,Electronics,Wearables,1,85.21,0.1,76.69,16.06,13.83,Low
MRG-2025-12454,2025-04-25,2025-04-30,Europe,Germany,Consumer,Home & Living,Kitchenware,11,101.61,0.2,894.17,-1.2,75.97,Medium
MRG-2025-15155,2025-04-25,2025-04-30,North America,United States,Home Office,Electronics,Accessories,4,238.12,0.1,857.23,125.23,12.7,Medium
MRG-2025-12135,2025-04-26,2025-05-03,North America,Mexico,Consumer,Electronics,Accessories,3,120.63,0.3,253.32,16.1,25.59,Low
MRG-2025-11867,2025-04-26,2025-04-28,Europe,Germany,Corporate,Electronics,Smart Home,7,64.37,0.15,383.0,128.42,45.05,Low
MRG-2025-13682,2025-04-27,2025-05-05,North America,United States,Consumer,Apparel,Accessories,9,16.45,0.3,103.64,-3.37,39.47,Low
MRG-2025-12477,2025-04-27,2025-05-03,North America,United States,Corporate,Electronics,Wearables,5,37.95,0.0,189.75,66.43,23.29,Medium
MRG-2025-12147,2025-04-27,2025-04-28,North America,Mexico,Corporate,Apparel,Footwear,10,432.78,0.3,3029.46,-454.42,29.3,Low
MRG-2025-13115,2025-04-27,2025-04-29,North America,Mexico,Home Office,Home & Living,Furniture,4,167.07,0.05,634.87,222.69,33.31,Medium
MRG-2025-14443,2025-04-27,2025-04-29,Europe,Spain,Corporate,Electronics,Audio,10,136.66,0.05,1298.27,46.29,21.03,Medium
MRG-2025-11556,2025-04-27,2025-04-29,APAC,Australia,Consumer,Electronics,Accessories,5,225.56,0.3,789.46,174.05,28.11,High
MRG-2025-14856,2025-04-28,2025-04-30,APAC,Japan,Home Office,Apparel,Outerwear,5,213.53,0.3,747.36,-87.02,17.51,Critical
MRG-2025-14512,2025-04-28,2025-04-30,APAC,Singapore,Home Office,Electronics,Smart Home,4,400.08,0.0,1600.32,374.93,32.61,Low
MRG-2025-12968,2025-04-28,2025-05-06,Europe,Germany,Consumer,Electronics,Smart Home,2,224.13,0.2,358.61,11.88,18.3,Medium
MRG-2025-14061,2025-04-28,2025-04-29,APAC,India,Consumer,Electronics,Accessories,1,245.64,0.15,208.79,-12.97,7.05,High
MRG-2025-15908,2025-04-29,2025-04-30,North America,United States,Corporate,Home & Living,Decor,2,260.41,0.2,416.66,51.85,18.76,Medium
MRG-2025-12851,2025-04-29,2025-05-07,Europe,France,Consumer,Electronics,Wearables,4,180.79,0.0,723.16,247.99,29.59,Low
MRG-2025-15708,2025-04-29,2025-04-30,Europe,France,Consumer,Home & Living,Kitchenware,1,368.37,0.0,368.37,112.51,9.5,Medium
MRG-2025-10409,2025-04-29,2025-04-30,North America,Mexico,Consumer,Apparel,Activewear,1,358.76,0.0,358.76,58.7,15.31,Low
MRG-2025-12534,2025-04-29,2025-05-05,Europe,Spain,Corporate,Electronics,Wearables,5,23.96,0.0,119.8,30.28,28.14,Medium
MRG-2025-10943,2025-04-29,2025-04-30,APAC,Singapore,Corporate,Electronics,Wearables,3,193.87,0.05,552.53,130.34,23.27,Medium
MRG-2025-10755,2025-04-29,2025-05-01,APAC,Japan,Corporate,Apparel,Accessories,2,372.74,0.0,745.48,187.89,4.19,Low
MRG-2025-13138,2025-04-29,2025-05-02,North America,Canada,Consumer,Apparel,Footwear,6,447.68,0.0,2686.08,465.39,30.35,Low
MRG-2025-14694,2025-04-30,2025-05-07,APAC,Singapore,Corporate,Apparel,Outerwear,11,18.97,0.15,177.37,29.76,56.63,Low
MRG-2025-11466,2025-04-30,2025-05-03,APAC,India,Consumer,Home & Living,Bedding,10,218.07,0.0,2180.7,599.52,58.98,Low
MRG-2025-10257,2025-04-30,2025-05-02,North America,Canada,Home Office,Apparel,Footwear,8,52.54,0.3,294.22,22.75,37.32,High
MRG-2025-10070,2025-04-30,2025-05-03,Europe,United Kingdom,Consumer,Apparel,Outerwear,1,15.33,0.1,13.8,3.03,19.36,Critical
MRG-2025-13424,2025-04-30,2025-05-07,APAC,Australia,Consumer,Electronics,Smart Home,6,233.73,0.1,1262.14,129.25,19.94,High
MRG-2025-10513,2025-04-30,2025-05-02,APAC,Singapore,Corporate,Apparel,Accessories,3,288.86,0.3,606.61,48.91,19.18,Medium
MRG-2025-13633,2025-05-01,2025-05-06,North America,Canada,Home Office,Apparel,Footwear,11,375.71,0.05,3926.17,779.29,26.59,Medium
MRG-2025-10805,2025-05-01,2025-05-09,North America,Canada,Consumer,Home & Living,Decor,3,74.65,0.2,179.16,28.16,30.78,Medium
MRG-2025-14747,2025-05-01,2025-05-02,Europe,Spain,Consumer,Electronics,Accessories,3,387.54,0.05,1104.49,155.02,20.43,High
MRG-2025-13338,2025-05-02,2025-05-06,Europe,United Kingdom,Corporate,Electronics,Wearables,3,45.23,0.0,135.69,43.03,26.16,Medium
MRG-2025-12847,2025-05-02,2025-05-10,APAC,Australia,Corporate,Apparel,Outerwear,8,256.75,0.05,1951.3,610.02,38.36,Medium
MRG-2025-14105,2025-05-02,2025-05-04,North America,Canada,Consumer,Home & Living,Furniture,3,448.56,0.1,1211.11,297.31,10.97,Medium
MRG-2025-13178,2025-05-02,2025-05-06,Europe,Germany,Consumer,Electronics,Smart Home,1,312.75,0.0,312.75,37.95,8.42,Critical
MRG-2025-11292,2025-05-02,2025-05-10,North America,United States,Corporate,Home & Living,Furniture,2,75.01,0.15,127.52,19.66,13.66,Low
MRG-2025-14687,2025-05-02,2025-05-10,APAC,India,Consumer,Apparel,Accessories,11,129.53,0.2,1139.86,301.02,78.37,High
MRG-2025-15463,2025-05-03,2025-05-07,North America,Canada,Home Office,Apparel,Outerwear,11,75.37,0.0,829.07,186.21,22.83,Low
MRG-2025-13129,2025-05-03,2025-05-07,APAC,India,Consumer,Home & Living,Bedding,5,22.51,0.0,112.55,18.79,14.47,Medium
MRG-2025-14367,2025-05-03,2025-05-06,Europe,Germany,Consumer,Electronics,Wearables,11,302.41,0.0,3326.51,961.65,44.37,Low
MRG-2025-11098,2025-05-03,2025-05-10,North America,United States,Consumer,Apparel,Accessories,11,202.17,0.0,2223.87,681.9,66.98,Medium
MRG-2025-13335,2025-05-04,2025-05-10,APAC,Australia,Consumer,Electronics,Smart Home,6,74.07,0.0,444.42,130.43,40.84,Critical
MRG-2025-11978,2025-05-04,2025-05-11,North America,Canada,Corporate,Electronics,Audio,4,205.26,0.0,821.04,222.8,32.03,Medium
MRG-2025-11489,2025-05-04,2025-05-07,North America,United States,Corporate,Electronics,Accessories,7,421.8,0.0,2952.6,400.77,15.19,Medium
MRG-2025-13521,2025-05-04,2025-05-07,Europe,Spain,Consumer,Home & Living,Bedding,4,349.44,0.1,1257.98,309.48,28.23,Medium
MRG-2025-13325,2025-05-04,2025-05-11,Europe,Germany,Consumer,Apparel,Activewear,9,37.6,0.0,338.4,39.05,54.74,Medium
MRG-2025-12317,2025-05-04,2025-05-10,North America,United States,Consumer,Electronics,Audio,4,447.02,0.0,1788.08,254.74,28.75,Low
MRG-2025-11865,2025-05-05,2025-05-07,Europe,France,Consumer,Home & Living,Kitchenware,9,418.87,0.05,3581.34,1121.58,68.63,Medium
MRG-2025-14675,2025-05-05,2025-05-11,North America,Mexico,Home Office,Electronics,Audio,3,396.4,0.0,1189.2,484.11,9.13,Medium
MRG-2025-13265,2025-05-05,2025-05-07,North America,United States,Consumer,Home & Living,Kitchenware,9,275.83,0.3,1737.73,33.5,45.39,Medium
MRG-2025-10053,2025-05-06,2025-05-14,Europe,Spain,Home Office,Home & Living,Decor,10,339.49,0.15,2885.66,316.85,22.44,Low
MRG-2025-13754,2025-05-06,2025-05-10,North America,United States,Consumer,Home & Living,Furniture,2,230.1,0.0,460.2,67.29,8.46,Low
MRG-2025-11284,2025-05-06,2025-05-14,North America,United States,Consumer,Electronics,Audio,8,209.56,0.0,1676.48,607.99,46.57,Low
MRG-2025-14368,2025-05-06,2025-05-13,Europe,Spain,Consumer,Electronics,Audio,7,165.33,0.15,983.71,41.04,44.54,High
MRG-2025-11549,2025-05-06,2025-05-11,APAC,India,Consumer,Home & Living,Furniture,9,302.07,0.0,2718.63,399.11,59.84,Medium
MRG-2025-13027,2025-05-07,2025-05-10,Europe,Spain,Corporate,Apparel,Activewear,9,310.79,0.0,2797.11,252.84,23.49,Low
MRG-2025-10990,2025-05-07,2025-05-14,North America,United States,Consumer,Electronics,Smart Home,4,208.83,0.2,668.26,2.37,31.6,Low
MRG-2025-13943,2025-05-07,2025-05-13,North America,United States,Consumer,Electronics,Wearables,6,81.22,0.2,389.86,-15.82,47.66,Low
MRG-2025-11161,2025-05-07,2025-05-14,Europe,Spain,Consumer,Electronics,Audio,4,193.22,0.0,772.88,85.92,9.65,Low
MRG-2025-10641,2025-05-07,2025-05-12,Europe,United Kingdom,Consumer,Electronics,Wearables,11,196.2,0.3,1510.74,-38.75,46.84,Low
MRG-2025-10626,2025-05-07,2025-05-15,North America,Mexico,Consumer,Home & Living,Decor,7,185.83,0.1,1170.73,37.02,39.16,Critical
MRG-2025-11433,2025-05-07,2025-05-12,APAC,Australia,Consumer,Electronics,Wearables,5,281.96,0.3,986.86,156.84,22.69,Critical
MRG-2025-10488,2025-05-08,2025-05-09,Europe,Germany,Consumer,Home & Living,Kitchenware,10,275.67,0.3,1929.69,29.17,54.56,Medium
MRG-2025-14623,2025-05-08,2025-05-15,Europe,Germany,Consumer,Electronics,Smart Home,1,56.31,0.2,45.05,-1.06,15.43,Medium
MRG-2025-10491,2025-05-08,2025-05-10,North America,Mexico,Home Office,Home & Living,Decor,9,167.29,0.1,1355.05,154.43,66.37,Medium
MRG-2025-15590,2025-05-08,2025-05-10,North America,United States,Corporate,Apparel,Accessories,8,282.98,0.3,1584.69,186.98,55.59,Medium
MRG-2025-12713,2025-05-08,2025-05-16,Europe,Spain,Corporate,Apparel,Outerwear,1,54.51,0.0,54.51,7.04,15.87,Low
MRG-2025-12547,2025-05-08,2025-05-09,North America,Canada,Home Office,Electronics,Wearables,3,135.11,0.15,344.53,77.89,5.11,Low
MRG-2025-14133,2025-05-08,2025-05-10,APAC,Japan,Consumer,Apparel,Outerwear,4,353.99,0.1,1274.36,272.92,9.27,Medium
MRG-2025-15928,2025-05-08,2025-05-16,North America,Canada,Corporate,Electronics,Audio,10,118.89,0.0,1188.9,428.66,64.4,Medium
MRG-2025-12912,2025-05-09,2025-05-14,Europe,United Kingdom,Consumer,Home & Living,Furniture,8,197.46,0.05,1500.7,76.6,46.51,Low
MRG-2025-14714,2025-05-09,2025-05-15,APAC,Singapore,Consumer,Home & Living,Furniture,6,25.64,0.3,107.69,-13.52,41.72,Medium
MRG-2025-10021,2025-05-09,2025-05-14,North America,Canada,Home Office,Home & Living,Bedding,4,173.39,0.05,658.88,116.61,30.88,Medium
MRG-2025-12344,2025-05-09,2025-05-14,Europe,Spain,Corporate,Home & Living,Bedding,4,168.76,0.1,607.54,137.06,16.56,Medium
MRG-2025-14024,2025-05-09,2025-05-10,North America,Mexico,Consumer,Electronics,Smart Home,3,358.58,0.1,968.17,222.52,15.25,Medium
MRG-2025-14279,2025-05-09,2025-05-10,North America,Canada,Consumer,Apparel,Accessories,7,377.16,0.0,2640.12,693.36,24.74,Low
MRG-2025-11361,2025-05-09,2025-05-10,APAC,India,Corporate,Apparel,Activewear,3,308.51,0.2,740.42,79.54,26.15,Low
MRG-2025-10509,2025-05-09,2025-05-14,North America,Canada,Consumer,Electronics,Accessories,11,273.92,0.0,3013.12,272.47,65.6,Medium
MRG-2025-10001,2025-05-10,2025-05-14,Europe,Germany,Consumer,Electronics,Smart Home,10,373.81,0.0,3738.1,1101.86,42.83,Medium
MRG-2025-13451,2025-05-10,2025-05-17,North America,Mexico,Home Office,Home & Living,Furniture,2,439.53,0.0,879.06,250.44,21.7,Low
MRG-2025-11410,2025-05-10,2025-05-17,Europe,France,Corporate,Electronics,Wearables,3,237.3,0.15,605.12,144.94,24.65,Medium
MRG-2025-14639,2025-05-10,2025-05-15,Europe,Spain,Consumer,Apparel,Footwear,5,135.79,0.2,543.16,-6.58,13.34,Medium
MRG-2025-15366,2025-05-11,2025-05-15,APAC,Australia,Consumer,Home & Living,Bedding,2,85.96,0.0,171.92,24.23,18.51,Low
MRG-2025-13204,2025-05-11,2025-05-18,North America,Canada,Consumer,Electronics,Accessories,8,349.33,0.15,2375.44,28.49,49.88,Medium
MRG-2025-11131,2025-05-11,2025-05-15,North America,United States,Consumer,Electronics,Smart Home,10,123.22,0.3,862.54,-24.39,55.14,Medium
MRG-2025-11665,2025-05-11,2025-05-14,North America,United States,Corporate,Apparel,Accessories,8,444.5,0.15,3022.6,721.89,46.06,Low
MRG-2025-15996,2025-05-11,2025-05-12,APAC,Japan,Consumer,Home & Living,Decor,4,393.42,0.0,1573.68,158.68,22.6,Medium
MRG-2025-12900,2025-05-11,2025-05-18,APAC,Australia,Corporate,Home & Living,Furniture,11,444.45,0.0,4888.95,1290.92,34.37,Medium
MRG-2025-10282,2025-05-11,2025-05-16,North America,United States,Consumer,Electronics,Smart Home,10,216.88,0.0,2168.8,581.29,38.36,High
MRG-2025-11469,2025-05-11,2025-05-18,North America,United States,Home Office,Electronics,Wearables,10,66.96,0.05,636.12,25.47,62.54,High
MRG-2025-12443,2025-05-11,2025-05-14,North America,Canada,Corporate,Home & Living,Bedding,6,322.42,0.1,1741.07,579.68,14.23,High
MRG-2025-14377,2025-05-11,2025-05-19,North America,Canada,Consumer,Electronics,Audio,8,316.64,0.0,2533.12,549.85,40.67,High
MRG-2025-11277,2025-05-12,2025-05-19,North America,Mexico,Home Office,Home & Living,Furniture,6,328.92,0.0,1973.52,294.83,33.12,High
MRG-2025-11365,2025-05-12,2025-05-20,Europe,United Kingdom,Home Office,Apparel,Footwear,3,286.58,0.2,687.79,-48.3,25.1,Low
MRG-2025-13486,2025-05-12,2025-05-18,North America,Canada,Home Office,Apparel,Outerwear,10,380.09,0.0,3800.9,945.99,68.21,Low
MRG-2025-10782,2025-05-12,2025-05-13,North America,Canada,Corporate,Electronics,Accessories,11,291.89,0.15,2729.17,101.85,12.78,Medium
MRG-2025-12886,2025-05-12,2025-05-19,Europe,Germany,Consumer,Home & Living,Furniture,11,275.87,0.05,2882.84,969.62,33.43,Low
MRG-2025-14762,2025-05-12,2025-05-15,North America,Canada,Corporate,Apparel,Outerwear,4,202.67,0.0,810.68,78.03,18.65,Low
MRG-2025-11332,2025-05-13,2025-05-16,North America,Canada,Corporate,Electronics,Smart Home,1,417.2,0.2,333.76,19.85,9.54,Low
MRG-2025-13222,2025-05-13,2025-05-19,North America,Mexico,Consumer,Home & Living,Furniture,6,362.53,0.05,2066.42,750.7,24.19,Critical
MRG-2025-10524,2025-05-13,2025-05-14,North America,United States,Consumer,Home & Living,Bedding,6,63.0,0.0,378.0,158.0,41.7,Medium
MRG-2025-14343,2025-05-14,2025-05-15,North America,United States,Consumer,Electronics,Wearables,3,28.28,0.0,84.84,8.61,13.52,Medium
MRG-2025-13586,2025-05-14,2025-05-21,North America,Canada,Consumer,Home & Living,Bedding,1,381.41,0.3,266.99,-2.28,14.04,High
MRG-2025-12596,2025-05-14,2025-05-16,APAC,Australia,Consumer,Home & Living,Bedding,4,15.85,0.0,63.4,18.14,35.14,Medium
MRG-2025-12989,2025-05-14,2025-05-19,North America,Canada,Consumer,Home & Living,Decor,10,36.88,0.0,368.8,142.17,29.9,Low
MRG-2025-15241,2025-05-15,2025-05-22,North America,United States,Consumer,Electronics,Accessories,7,375.79,0.1,2367.48,433.89,37.48,Low
MRG-2025-11358,2025-05-15,2025-05-18,North America,United States,Home Office,Electronics,Wearables,4,335.6,0.0,1342.4,357.88,28.95,Medium
MRG-2025-14028,2025-05-15,2025-05-19,APAC,Singapore,Consumer,Home & Living,Kitchenware,5,299.32,0.05,1421.77,218.17,36.93,Low
MRG-2025-13255,2025-05-15,2025-05-20,North America,Mexico,Consumer,Home & Living,Bedding,1,110.82,0.05,105.28,24.41,3.9,Low
MRG-2025-11883,2025-05-15,2025-05-19,North America,Mexico,Corporate,Apparel,Outerwear,5,437.06,0.05,2076.03,490.85,13.47,High
MRG-2025-15602,2025-05-15,2025-05-18,Europe,France,Consumer,Apparel,Activewear,8,380.92,0.0,3047.36,670.79,44.61,High
MRG-2025-12898,2025-05-16,2025-05-23,APAC,India,Consumer,Apparel,Activewear,6,307.39,0.15,1567.69,-19.38,43.5,Medium
MRG-2025-14082,2025-05-16,2025-05-20,North America,United States,Corporate,Apparel,Accessories,4,364.5,0.1,1312.2,141.73,29.97,Medium
MRG-2025-11213,2025-05-16,2025-05-24,APAC,Australia,Corporate,Electronics,Accessories,4,108.45,0.15,368.73,21.57,20.87,Critical
MRG-2025-15921,2025-05-16,2025-05-24,APAC,Singapore,Consumer,Electronics,Audio,9,35.32,0.0,317.88,52.59,35.8,High
MRG-2025-14354,2025-05-16,2025-05-17,Europe,France,Consumer,Apparel,Footwear,5,197.75,0.1,889.88,0.43,27.09,High
MRG-2025-15080,2025-05-16,2025-05-21,North America,Canada,Corporate,Home & Living,Furniture,11,67.9,0.1,672.21,55.35,59.81,Medium
MRG-2025-11314,2025-05-16,2025-05-17,APAC,Japan,Consumer,Home & Living,Bedding,1,416.37,0.15,353.91,41.98,7.93,Medium
MRG-2025-15906,2025-05-16,2025-05-18,North America,Mexico,Corporate,Apparel,Footwear,6,314.31,0.0,1885.86,775.48,37.44,Low
MRG-2025-11909,2025-05-17,2025-05-22,North America,Mexico,Consumer,Home & Living,Furniture,5,115.09,0.15,489.13,148.41,13.88,Low
MRG-2025-11497,2025-05-17,2025-05-18,North America,United States,Consumer,Electronics,Accessories,4,114.29,0.0,457.16,77.38,16.97,High
MRG-2025-15073,2025-05-17,2025-05-24,APAC,Singapore,Consumer,Electronics,Accessories,5,180.5,0.05,857.38,262.66,14.74,Medium
MRG-2025-14782,2025-05-17,2025-05-25,North America,United States,Corporate,Electronics,Smart Home,10,276.14,0.15,2347.19,-30.81,60.2,Medium
MRG-2025-12665,2025-05-17,2025-05-22,Europe,Spain,Corporate,Apparel,Outerwear,5,294.95,0.0,1474.75,538.38,15.56,Medium
MRG-2025-14833,2025-05-17,2025-05-24,North America,United States,Consumer,Home & Living,Furniture,5,68.64,0.3,240.24,-19.7,28.64,Medium
MRG-2025-10424,2025-05-18,2025-05-26,Europe,United Kingdom,Consumer,Apparel,Footwear,7,274.38,0.0,1920.66,715.16,20.99,Low
MRG-2025-13302,2025-05-18,2025-05-20,North America,United States,Consumer,Apparel,Activewear,5,59.86,0.1,269.37,33.19,13.26,Medium
MRG-2025-14352,2025-05-18,2025-05-25,Europe,France,Consumer,Electronics,Wearables,10,284.29,0.1,2558.61,547.64,68.63,Low
MRG-2025-13283,2025-05-18,2025-05-23,Europe,United Kingdom,Consumer,Apparel,Footwear,10,14.86,0.2,118.88,-13.16,33.14,Medium
MRG-2025-11915,2025-05-18,2025-05-20,APAC,India,Consumer,Home & Living,Kitchenware,2,245.39,0.2,392.62,76.41,19.09,Low
MRG-2025-13730,2025-05-18,2025-05-24,Europe,Germany,Corporate,Apparel,Outerwear,8,277.91,0.05,2112.12,143.57,22.07,Low
MRG-2025-15502,2025-05-18,2025-05-20,North America,Mexico,Consumer,Apparel,Activewear,8,189.12,0.3,1059.07,-54.53,28.59,Low
MRG-2025-14715,2025-05-18,2025-05-23,North America,United States,Consumer,Home & Living,Furniture,7,49.21,0.15,292.8,41.14,34.37,Medium
MRG-2025-11645,2025-05-19,2025-05-27,North America,Mexico,Consumer,Home & Living,Furniture,8,91.59,0.0,732.72,107.31,45.69,High
MRG-2025-12245,2025-05-19,2025-05-25,North America,United States,Consumer,Home & Living,Decor,1,102.06,0.3,71.44,-2.63,18.65,Medium
MRG-2025-14266,2025-05-19,2025-05-27,Europe,United Kingdom,Consumer,Home & Living,Bedding,11,180.3,0.0,1983.3,208.58,16.82,Medium
MRG-2025-14110,2025-05-19,2025-05-27,North America,Mexico,Consumer,Home & Living,Bedding,1,445.5,0.3,311.85,61.89,6.04,Medium
MRG-2025-13525,2025-05-19,2025-05-24,North America,Canada,Consumer,Electronics,Accessories,2,326.28,0.0,652.56,156.56,14.73,Medium
MRG-2025-14170,2025-05-20,2025-05-26,North America,Mexico,Consumer,Apparel,Footwear,4,198.92,0.1,716.11,124.38,32.09,Low
MRG-2025-13577,2025-05-20,2025-05-26,North America,United States,Corporate,Home & Living,Furniture,6,136.02,0.15,693.7,192.39,31.91,Medium
MRG-2025-14528,2025-05-20,2025-05-24,North America,Canada,Consumer,Electronics,Wearables,9,242.8,0.3,1529.64,65.65,52.33,Medium
MRG-2025-11452,2025-05-20,2025-05-28,APAC,India,Consumer,Electronics,Wearables,8,171.87,0.3,962.47,-51.17,44.78,Low
MRG-2025-12906,2025-05-20,2025-05-28,APAC,Singapore,Consumer,Home & Living,Decor,4,387.9,0.1,1396.44,357.65,8.77,Critical
MRG-2025-13064,2025-05-20,2025-05-28,APAC,Japan,Corporate,Home & Living,Bedding,5,141.8,0.3,496.3,15.7,21.18,High
MRG-2025-12310,2025-05-20,2025-05-21,North America,United States,Consumer,Apparel,Activewear,4,78.02,0.15,265.27,19.46,29.35,Low
MRG-2025-13434,2025-05-20,2025-05-26,North America,Mexico,Corporate,Apparel,Accessories,3,19.16,0.0,57.48,13.93,19.02,Low
MRG-2025-12064,2025-05-20,2025-05-25,North America,Mexico,Consumer,Apparel,Outerwear,10,218.11,0.3,1526.77,-47.88,30.01,High
MRG-2025-12768,2025-05-21,2025-05-28,Europe,France,Consumer,Electronics,Smart Home,10,204.19,0.05,1939.81,646.88,55.55,Low
MRG-2025-15150,2025-05-21,2025-05-23,North America,Mexico,Home Office,Apparel,Accessories,1,37.02,0.0,37.02,7.98,14.74,Medium
MRG-2025-11219,2025-05-21,2025-05-23,APAC,India,Corporate,Electronics,Audio,4,171.7,0.1,618.12,96.59,31.66,Medium
MRG-2025-14574,2025-05-21,2025-05-28,Europe,United Kingdom,Consumer,Apparel,Accessories,2,146.36,0.1,263.45,8.22,6.76,Low
MRG-2025-10674,2025-05-21,2025-05-26,APAC,Japan,Consumer,Home & Living,Bedding,2,20.37,0.0,40.74,11.09,17.65,High
MRG-2025-14059,2025-05-21,2025-05-25,North America,Mexico,Consumer,Home & Living,Decor,3,39.95,0.0,119.85,32.66,24.34,Low
MRG-2025-10861,2025-05-22,2025-05-27,Europe,Spain,Corporate,Home & Living,Kitchenware,11,148.94,0.2,1310.67,336.82,62.12,Medium
MRG-2025-15891,2025-05-22,2025-05-23,North America,United States,Home Office,Apparel,Footwear,2,272.25,0.0,544.5,208.38,21.9,Medium
MRG-2025-12139,2025-05-22,2025-05-23,North America,United States,Consumer,Apparel,Activewear,10,126.58,0.0,1265.8,440.05,36.36,Medium
MRG-2025-11244,2025-05-22,2025-05-28,APAC,Japan,Consumer,Electronics,Wearables,2,365.66,0.0,731.32,295.93,19.98,Low
MRG-2025-10126,2025-05-22,2025-05-24,APAC,Australia,Home Office,Electronics,Smart Home,4,48.04,0.05,182.55,31.17,23.85,High
MRG-2025-12529,2025-05-22,2025-05-28,North America,Mexico,Consumer,Electronics,Audio,10,415.88,0.3,2911.16,-164.85,28.59,Medium
MRG-2025-12785,2025-05-22,2025-05-23,North America,United States,Consumer,Apparel,Footwear,11,277.78,0.0,3055.58,531.99,35.1,Medium
MRG-2025-11004,2025-05-23,2025-05-24,North America,Canada,Corporate,Home & Living,Decor,10,262.79,0.3,1839.53,144.71,34.13,Low
MRG-2025-11945,2025-05-23,2025-05-24,Europe,Germany,Consumer,Electronics,Wearables,7,130.4,0.0,912.8,271.24,46.88,Medium
MRG-2025-10383,2025-05-23,2025-05-27,Europe,France,Home Office,Electronics,Wearables,6,31.11,0.0,186.66,62.05,25.67,Low
MRG-2025-12523,2025-05-23,2025-05-31,North America,United States,Consumer,Home & Living,Kitchenware,3,376.28,0.15,959.51,158.0,11.5,Low
MRG-2025-11803,2025-05-23,2025-05-27,Europe,Germany,Corporate,Electronics,Smart Home,5,445.65,0.05,2116.84,234.07,23.03,Low
MRG-2025-14973,2025-05-23,2025-05-24,North America,Mexico,Corporate,Home & Living,Decor,5,399.32,0.05,1896.77,328.33,24.91,Medium
MRG-2025-14770,2025-05-24,2025-05-29,Europe,United Kingdom,Consumer,Apparel,Footwear,9,31.89,0.1,258.31,39.59,25.53,Low
MRG-2025-15128,2025-05-24,2025-05-30,North America,Mexico,Consumer,Home & Living,Furniture,6,121.58,0.15,620.06,-40.51,40.88,High
MRG-2025-12990,2025-05-24,2025-05-29,North America,Mexico,Corporate,Apparel,Outerwear,7,15.49,0.1,97.59,16.43,55.57,Medium
MRG-2025-10845,2025-05-24,2025-05-30,APAC,Australia,Home Office,Apparel,Outerwear,1,275.78,0.0,275.78,97.52,12.12,Medium
MRG-2025-15124,2025-05-25,2025-05-30,North America,Canada,Consumer,Electronics,Wearables,6,397.34,0.0,2384.04,761.48,37.51,Low
MRG-2025-13288,2025-05-25,2025-05-31,Europe,France,Consumer,Electronics,Accessories,2,233.53,0.05,443.71,154.23,19.96,Low
MRG-2025-14480,2025-05-25,2025-06-02,Europe,France,Consumer,Electronics,Accessories,1,421.9,0.2,337.52,-7.23,9.59,Low
MRG-2025-14810,2025-05-25,2025-05-30,Europe,United Kingdom,Consumer,Home & Living,Decor,7,170.29,0.0,1192.03,289.86,44.22,Medium
MRG-2025-11082,2025-05-25,2025-05-30,North America,United States,Corporate,Electronics,Audio,9,206.69,0.05,1767.2,557.0,52.32,Medium
MRG-2025-12385,2025-05-26,2025-05-30,Europe,Germany,Consumer,Electronics,Audio,6,182.45,0.3,766.29,99.33,28.53,Medium
MRG-2025-13638,2025-05-26,2025-05-31,North America,Mexico,Home Office,Apparel,Outerwear,6,328.47,0.2,1576.66,337.82,44.03,Medium
MRG-2025-13322,2025-05-26,2025-05-31,Europe,Germany,Consumer,Home & Living,Furniture,4,371.95,0.0,1487.8,423.76,22.0,Low
MRG-2025-13161,2025-05-26,2025-05-27,Europe,Germany,Consumer,Electronics,Accessories,10,339.16,0.0,3391.6,690.36,77.4,Low
MRG-2025-11839,2025-05-26,2025-06-03,North America,Canada,Home Office,Home & Living,Furniture,6,83.76,0.1,452.3,24.83,44.08,Low
MRG-2025-12491,2025-05-26,2025-05-28,North America,United States,Home Office,Home & Living,Decor,8,9.96,0.0,79.68,27.04,55.43,Medium
MRG-2025-15173,2025-05-26,2025-05-27,Europe,France,Consumer,Home & Living,Kitchenware,5,316.21,0.05,1502.0,152.91,34.06,Medium
MRG-2025-12734,2025-05-26,2025-05-30,North America,Mexico,Consumer,Home & Living,Furniture,7,96.61,0.2,541.02,66.64,40.59,Medium
MRG-2025-12957,2025-05-26,2025-05-29,North America,Mexico,Consumer,Apparel,Outerwear,8,247.34,0.05,1879.78,100.63,29.12,Low
MRG-2025-12823,2025-05-27,2025-05-28,Europe,France,Consumer,Electronics,Accessories,5,147.91,0.2,591.64,118.43,39.12,Medium
MRG-2025-11717,2025-05-27,2025-05-30,Europe,Germany,Corporate,Home & Living,Furniture,11,100.94,0.15,943.79,253.41,52.64,Low
MRG-2025-12950,2025-05-27,2025-06-02,North America,United States,Consumer,Electronics,Smart Home,9,209.81,0.2,1510.63,-112.75,22.52,Low
MRG-2025-14726,2025-05-27,2025-06-02,APAC,Singapore,Home Office,Electronics,Audio,4,184.58,0.05,701.4,56.15,12.83,Low
MRG-2025-14541,2025-05-27,2025-05-29,Europe,Spain,Consumer,Home & Living,Decor,5,386.49,0.3,1352.71,-113.18,36.81,Low
MRG-2025-10696,2025-05-27,2025-05-29,Europe,Spain,Corporate,Home & Living,Kitchenware,7,434.94,0.1,2740.12,643.48,10.82,High
MRG-2025-13059,2025-05-27,2025-06-04,North America,Canada,Corporate,Apparel,Accessories,11,354.25,0.3,2727.72,296.17,34.78,Low
MRG-2025-10808,2025-05-28,2025-06-03,North America,Mexico,Consumer,Apparel,Outerwear,11,296.31,0.1,2933.47,798.35,33.56,Low
MRG-2025-10132,2025-05-28,2025-06-03,North America,United States,Consumer,Home & Living,Decor,9,321.01,0.2,2311.27,80.05,20.32,High
MRG-2025-15490,2025-05-28,2025-06-05,North America,United States,Corporate,Electronics,Accessories,11,158.34,0.0,1741.74,162.07,62.48,High
MRG-2025-15603,2025-05-28,2025-05-29,North America,Mexico,Consumer,Electronics,Audio,6,191.61,0.2,919.73,56.79,41.97,Medium
MRG-2025-15627,2025-05-28,2025-05-31,APAC,India,Home Office,Apparel,Accessories,11,120.36,0.1,1191.56,324.8,47.5,Medium
MRG-2025-10737,2025-05-28,2025-05-31,Europe,Germany,Corporate,Home & Living,Furniture,10,373.51,0.0,3735.1,998.1,70.02,Low
MRG-2025-15237,2025-05-29,2025-06-06,North America,Mexico,Consumer,Electronics,Audio,5,157.52,0.0,787.6,232.03,34.87,Low
MRG-2025-14614,2025-05-29,2025-06-01,Europe,Spain,Consumer,Home & Living,Bedding,2,299.13,0.2,478.61,81.29,21.05,Medium
MRG-2025-14903,2025-05-30,2025-06-05,Europe,United Kingdom,Consumer,Electronics,Wearables,2,52.59,0.15,89.4,12.4,10.63,Low
MRG-2025-12340,2025-05-30,2025-06-04,APAC,Singapore,Consumer,Electronics,Accessories,5,76.45,0.0,382.25,119.5,26.14,Critical
MRG-2025-14272,2025-05-30,2025-06-02,APAC,Japan,Corporate,Apparel,Accessories,3,261.01,0.3,548.12,-26.32,26.9,High
MRG-2025-10076,2025-05-31,2025-06-05,APAC,Singapore,Consumer,Home & Living,Decor,7,188.84,0.0,1321.88,526.15,20.35,Medium
MRG-2025-12815,2025-05-31,2025-06-01,North America,United States,Corporate,Apparel,Footwear,2,44.32,0.0,88.64,15.48,10.17,Medium
MRG-2025-12889,2025-05-31,2025-06-08,Europe,United Kingdom,Home Office,Home & Living,Decor,4,86.24,0.0,344.96,135.3,15.13,High
MRG-2025-15095,2025-05-31,2025-06-03,Europe,Spain,Consumer,Electronics,Smart Home,5,113.22,0.15,481.19,62.68,17.07,Low
MRG-2025-15875,2025-05-31,2025-06-08,North America,Mexico,Consumer,Apparel,Activewear,1,99.88,0.0,99.88,17.39,15.26,Low
MRG-2025-15387,2025-05-31,2025-06-03,Europe,United Kingdom,Consumer,Electronics,Audio,9,232.97,0.0,2096.73,383.57,19.54,Medium
MRG-2025-13993,2025-06-01,2025-06-05,North America,Canada,Corporate,Electronics,Audio,11,53.52,0.1,529.85,-2.79,58.57,Medium
MRG-2025-12279,2025-06-01,2025-06-03,Europe,Spain,Corporate,Electronics,Audio,2,103.73,0.1,186.71,21.78,26.36,Medium
MRG-2025-13553,2025-06-01,2025-06-09,APAC,Japan,Consumer,Home & Living,Kitchenware,1,204.93,0.0,204.93,79.18,11.67,High
MRG-2025-15140,2025-06-01,2025-06-05,Europe,France,Consumer,Electronics,Accessories,10,355.51,0.0,3555.1,1221.25,53.23,High
MRG-2025-11129,2025-06-01,2025-06-09,North America,United States,Consumer,Electronics,Audio,9,217.57,0.0,1958.13,438.92,29.4,Medium
MRG-2025-12042,2025-06-02,2025-06-10,North America,United States,Consumer,Home & Living,Kitchenware,7,57.58,0.1,362.75,44.19,48.11,Medium
MRG-2025-12635,2025-06-02,2025-06-03,Europe,Spain,Home Office,Home & Living,Bedding,6,61.96,0.0,371.76,68.68,32.51,High
MRG-2025-13217,2025-06-02,2025-06-03,APAC,Singapore,Consumer,Home & Living,Decor,11,404.01,0.2,3555.29,35.17,27.16,Medium
MRG-2025-11305,2025-06-02,2025-06-04,North America,United States,Consumer,Home & Living,Bedding,3,200.49,0.2,481.18,110.96,19.59,High
MRG-2025-13281,2025-06-02,2025-06-07,Europe,France,Corporate,Home & Living,Kitchenware,5,357.25,0.2,1429.0,157.8,18.44,Critical
MRG-2025-15771,2025-06-02,2025-06-07,North America,United States,Consumer,Electronics,Audio,11,395.63,0.0,4351.93,872.77,18.91,Medium
MRG-2025-11831,2025-06-02,2025-06-03,North America,Canada,Home Office,Electronics,Audio,8,259.86,0.05,1974.94,302.53,11.17,Medium
MRG-2025-10619,2025-06-02,2025-06-03,Europe,Spain,Home Office,Home & Living,Kitchenware,3,449.01,0.0,1347.03,253.0,22.92,High
MRG-2025-15157,2025-06-03,2025-06-04,Europe,Spain,Consumer,Electronics,Wearables,2,186.82,0.05,354.96,79.08,23.52,High
MRG-2025-12328,2025-06-03,2025-06-05,North America,United States,Consumer,Apparel,Footwear,3,127.76,0.05,364.12,59.1,20.73,Medium
MRG-2025-10237,2025-06-03,2025-06-07,Europe,Germany,Home Office,Apparel,Outerwear,8,253.33,0.0,2026.64,392.34,31.74,Low
MRG-2025-15043,2025-06-03,2025-06-05,Europe,Germany,Consumer,Home & Living,Kitchenware,4,437.08,0.05,1660.9,115.21,37.47,Medium
MRG-2025-11595,2025-06-04,2025-06-07,Europe,Germany,Corporate,Electronics,Smart Home,8,151.17,0.0,1209.36,263.81,40.12,Medium
MRG-2025-11021,2025-06-04,2025-06-08,APAC,Japan,Home Office,Apparel,Activewear,2,145.02,0.0,290.04,98.08,12.99,Low
MRG-2025-15491,2025-06-04,2025-06-12,Europe,Germany,Consumer,Home & Living,Bedding,1,434.54,0.2,347.63,51.04,11.33,Low
MRG-2025-14002,2025-06-04,2025-06-07,APAC,Japan,Consumer,Apparel,Accessories,9,234.31,0.3,1476.15,100.5,60.18,High
MRG-2025-15589,2025-06-04,2025-06-09,Europe,France,Consumer,Electronics,Audio,3,173.24,0.15,441.76,52.63,25.77,Low
MRG-2025-12072,2025-06-04,2025-06-07,North America,Canada,Consumer,Apparel,Outerwear,1,249.34,0.0,249.34,55.67,6.24,Low
MRG-2025-10601,2025-06-04,2025-06-10,Europe,Germany,Home Office,Electronics,Audio,1,131.89,0.15,112.11,14.38,12.77,Low
MRG-2025-15567,2025-06-04,2025-06-09,Europe,Spain,Consumer,Home & Living,Kitchenware,5,170.88,0.1,768.96,99.01,18.27,Low
MRG-2025-15933,2025-06-04,2025-06-11,APAC,Australia,Consumer,Home & Living,Decor,6,276.74,0.05,1577.42,213.74,21.13,Low
MRG-2025-11971,2025-06-04,2025-06-09,APAC,India,Consumer,Home & Living,Bedding,7,335.79,0.0,2350.53,412.04,27.35,Medium
MRG-2025-13832,2025-06-04,2025-06-05,Europe,Spain,Home Office,Home & Living,Bedding,4,225.71,0.2,722.27,105.11,21.7,Medium
MRG-2025-12142,2025-06-04,2025-06-09,North America,Mexico,Consumer,Home & Living,Furniture,10,155.94,0.15,1325.49,371.9,50.87,Medium
MRG-2025-10306,2025-06-05,2025-06-12,Europe,Spain,Consumer,Home & Living,Bedding,6,199.09,0.15,1015.36,-31.22,24.0,Medium
MRG-2025-11621,2025-06-05,2025-06-10,Europe,France,Consumer,Apparel,Outerwear,10,70.78,0.3,495.46,-72.33,65.43,Low
MRG-2025-12023,2025-06-05,2025-06-10,North America,Canada,Consumer,Home & Living,Decor,11,383.83,0.0,4222.13,1487.37,46.19,Critical
MRG-2025-11563,2025-06-05,2025-06-13,APAC,Japan,Home Office,Home & Living,Kitchenware,8,250.57,0.3,1403.19,116.66,42.18,Low
MRG-2025-11331,2025-06-05,2025-06-08,APAC,Singapore,Consumer,Home & Living,Furniture,6,333.52,0.0,2001.12,443.01,32.68,High
MRG-2025-10606,2025-06-05,2025-06-08,Europe,France,Consumer,Electronics,Wearables,7,20.0,0.15,119.0,-1.27,48.33,Critical
MRG-2025-15215,2025-06-05,2025-06-08,Europe,United Kingdom,Consumer,Apparel,Accessories,5,62.16,0.0,310.8,42.48,34.09,Low
MRG-2025-13450,2025-06-06,2025-06-08,North America,Canada,Consumer,Electronics,Accessories,11,121.2,0.0,1333.2,403.0,57.82,High
MRG-2025-13441,2025-06-06,2025-06-10,North America,Mexico,Consumer,Apparel,Footwear,11,228.83,0.0,2517.13,652.75,72.89,Low
MRG-2025-15649,2025-06-06,2025-06-13,APAC,Singapore,Corporate,Apparel,Outerwear,6,54.31,0.0,325.86,68.09,48.11,Critical
MRG-2025-12605,2025-06-06,2025-06-09,North America,United States,Consumer,Electronics,Wearables,4,180.19,0.0,720.76,232.82,23.21,Low
MRG-2025-14378,2025-06-07,2025-06-13,North America,Canada,Consumer,Electronics,Audio,3,11.24,0.0,33.72,8.14,13.75,Medium
MRG-2025-11877,2025-06-07,2025-06-14,North America,Canada,Consumer,Apparel,Footwear,9,20.51,0.05,175.36,37.66,35.51,Medium
MRG-2025-13155,2025-06-07,2025-06-11,North America,Canada,Consumer,Home & Living,Bedding,6,323.39,0.1,1746.31,43.42,45.41,Medium
MRG-2025-14041,2025-06-07,2025-06-13,North America,Mexico,Consumer,Electronics,Accessories,1,171.79,0.15,146.02,1.15,19.56,High
MRG-2025-15903,2025-06-07,2025-06-15,Europe,United Kingdom,Consumer,Home & Living,Decor,1,363.22,0.15,308.74,41.44,19.66,High
MRG-2025-14149,2025-06-07,2025-06-12,Europe,United Kingdom,Corporate,Home & Living,Bedding,5,85.35,0.15,362.74,30.53,24.74,Medium
MRG-2025-14179,2025-06-07,2025-06-13,North America,United States,Consumer,Electronics,Accessories,1,87.74,0.1,78.97,8.29,7.11,Low
MRG-2025-15148,2025-06-07,2025-06-14,North America,Mexico,Consumer,Home & Living,Bedding,8,285.27,0.3,1597.51,197.26,57.69,Low
MRG-2025-15108,2025-06-07,2025-06-13,North America,Canada,Home Office,Apparel,Outerwear,2,339.19,0.3,474.87,-6.84,12.63,High
MRG-2025-10117,2025-06-07,2025-06-11,North America,Mexico,Consumer,Home & Living,Furniture,3,133.7,0.2,320.88,-12.55,11.58,High
MRG-2025-11615,2025-06-07,2025-06-12,Europe,United Kingdom,Corporate,Home & Living,Kitchenware,7,156.11,0.3,764.94,-114.74,29.77,Low
MRG-2025-12748,2025-06-08,2025-06-09,North America,Mexico,Consumer,Apparel,Footwear,3,224.17,0.2,538.01,36.35,15.69,Low
MRG-2025-10975,2025-06-08,2025-06-09,North America,United States,Home Office,Apparel,Activewear,6,347.76,0.1,1877.9,208.21,15.67,Medium
MRG-2025-15765,2025-06-08,2025-06-11,North America,Mexico,Corporate,Home & Living,Furniture,5,446.31,0.0,2231.55,353.25,27.99,Medium
MRG-2025-13994,2025-06-08,2025-06-13,Europe,France,Consumer,Electronics,Smart Home,1,287.93,0.1,259.14,59.61,16.39,High
MRG-2025-15860,2025-06-08,2025-06-15,North America,United States,Consumer,Electronics,Audio,3,239.19,0.2,574.06,90.55,7.45,High
MRG-2025-13196,2025-06-08,2025-06-09,North America,Canada,Consumer,Electronics,Audio,5,198.09,0.0,990.45,139.61,28.57,Medium
MRG-2025-12284,2025-06-08,2025-06-15,Europe,Spain,Consumer,Electronics,Accessories,5,151.6,0.05,720.1,220.57,28.99,Medium
MRG-2025-11834,2025-06-09,2025-06-10,Europe,Spain,Consumer,Electronics,Smart Home,11,209.83,0.0,2308.13,699.15,39.5,Low
MRG-2025-12639,2025-06-09,2025-06-13,North America,United States,Corporate,Apparel,Activewear,4,245.39,0.05,932.48,137.78,20.56,Low
MRG-2025-11632,2025-06-09,2025-06-17,APAC,Singapore,Consumer,Home & Living,Decor,6,270.18,0.0,1621.08,209.82,11.44,Low
MRG-2025-13975,2025-06-09,2025-06-15,North America,United States,Home Office,Electronics,Accessories,11,80.54,0.0,885.94,155.63,54.51,Medium
MRG-2025-10989,2025-06-09,2025-06-17,North America,Mexico,Consumer,Apparel,Outerwear,1,294.75,0.0,294.75,42.87,10.18,Medium
MRG-2025-11354,2025-06-10,2025-06-15,North America,Mexico,Consumer,Home & Living,Bedding,11,28.76,0.0,316.36,74.95,33.25,Low
MRG-2025-13149,2025-06-10,2025-06-15,Europe,United Kingdom,Consumer,Apparel,Footwear,1,193.92,0.15,164.83,14.39,13.37,Medium
MRG-2025-10231,2025-06-10,2025-06-12,Europe,France,Corporate,Apparel,Activewear,11,116.72,0.05,1219.72,236.56,67.84,Medium
MRG-2025-10693,2025-06-10,2025-06-15,Europe,United Kingdom,Consumer,Apparel,Footwear,8,378.79,0.3,2121.22,140.4,33.83,High
MRG-2025-14559,2025-06-10,2025-06-15,North America,United States,Consumer,Home & Living,Furniture,4,162.88,0.15,553.79,162.22,21.43,Low
MRG-2025-13774,2025-06-11,2025-06-13,APAC,Singapore,Corporate,Apparel,Accessories,11,112.15,0.15,1048.6,281.08,54.4,Low
MRG-2025-13646,2025-06-11,2025-06-18,APAC,Japan,Consumer,Apparel,Footwear,4,292.06,0.1,1051.42,195.49,24.21,Medium
MRG-2025-11302,2025-06-11,2025-06-13,North America,Mexico,Consumer,Home & Living,Kitchenware,10,275.42,0.0,2754.2,897.0,57.79,Medium
MRG-2025-11184,2025-06-11,2025-06-16,APAC,Australia,Corporate,Home & Living,Furniture,7,355.34,0.0,2487.38,238.64,40.18,Medium
MRG-2025-11170,2025-06-11,2025-06-14,North America,Canada,Consumer,Apparel,Activewear,1,228.9,0.05,217.45,26.44,5.95,Medium
MRG-2025-14886,2025-06-11,2025-06-17,APAC,Singapore,Home Office,Electronics,Audio,1,31.63,0.15,26.89,4.97,8.96,Medium
MRG-2025-12457,2025-06-11,2025-06-14,APAC,India,Consumer,Apparel,Accessories,1,81.38,0.3,56.97,9.87,6.82,Low
MRG-2025-12690,2025-06-12,2025-06-18,North America,Canada,Consumer,Apparel,Footwear,7,180.49,0.1,1137.09,69.09,16.99,Low
MRG-2025-14332,2025-06-12,2025-06-19,Europe,France,Consumer,Home & Living,Furniture,4,53.03,0.0,212.12,83.65,23.61,Medium
MRG-2025-11058,2025-06-12,2025-06-13,North America,Mexico,Consumer,Apparel,Accessories,4,253.29,0.0,1013.16,195.62,29.79,High
MRG-2025-13850,2025-06-12,2025-06-16,North America,Mexico,Consumer,Electronics,Audio,2,302.01,0.0,604.02,226.65,19.43,Medium
MRG-2025-12074,2025-06-12,2025-06-18,North America,Canada,Consumer,Home & Living,Decor,6,213.98,0.05,1219.69,476.97,31.48,Medium
MRG-2025-13150,2025-06-12,2025-06-15,North America,United States,Consumer,Home & Living,Bedding,10,420.73,0.2,3365.84,398.75,24.13,Low
MRG-2025-15335,2025-06-13,2025-06-18,APAC,Australia,Consumer,Apparel,Accessories,5,381.01,0.05,1809.8,504.49,20.38,Low
MRG-2025-11760,2025-06-13,2025-06-19,North America,Mexico,Corporate,Home & Living,Furniture,1,96.83,0.0,96.83,9.81,17.53,Medium
MRG-2025-12972,2025-06-13,2025-06-17,APAC,India,Consumer,Apparel,Accessories,10,238.46,0.0,2384.6,547.23,57.54,Critical
MRG-2025-14913,2025-06-13,2025-06-20,North America,Mexico,Consumer,Apparel,Outerwear,8,96.95,0.1,698.04,145.18,19.76,Low
MRG-2025-11206,2025-06-13,2025-06-16,North America,Mexico,Home Office,Home & Living,Decor,6,130.33,0.1,703.78,47.64,26.93,High
MRG-2025-10376,2025-06-13,2025-06-15,Europe,United Kingdom,Corporate,Apparel,Outerwear,11,52.98,0.15,495.36,-10.79,64.4,High
MRG-2025-12238,2025-06-13,2025-06-14,Europe,Germany,Consumer,Electronics,Audio,2,208.43,0.1,375.17,89.45,16.69,Low
MRG-2025-13606,2025-06-14,2025-06-16,North America,Mexico,Consumer,Electronics,Wearables,3,214.13,0.3,449.67,-67.45,11.26,Medium
MRG-2025-13931,2025-06-14,2025-06-21,North America,United States,Home Office,Home & Living,Kitchenware,2,186.69,0.0,373.38,151.89,18.17,Medium
MRG-2025-15052,2025-06-14,2025-06-19,North America,Mexico,Consumer,Home & Living,Kitchenware,4,260.35,0.0,1041.4,392.09,18.92,Medium
MRG-2025-11415,2025-06-14,2025-06-16,Europe,United Kingdom,Consumer,Apparel,Footwear,7,30.3,0.15,180.28,45.94,26.06,High
MRG-2025-11523,2025-06-14,2025-06-15,North America,Canada,Consumer,Home & Living,Kitchenware,10,228.67,0.05,2172.36,545.56,64.67,High
MRG-2025-12664,2025-06-14,2025-06-21,North America,Canada,Home Office,Electronics,Audio,1,440.97,0.05,418.92,10.04,16.45,High
MRG-2025-11969,2025-06-14,2025-06-21,Europe,France,Consumer,Electronics,Accessories,11,364.32,0.0,4007.52,738.72,55.4,Low
MRG-2025-13013,2025-06-15,2025-06-17,APAC,Australia,Consumer,Apparel,Activewear,5,175.94,0.0,879.7,341.32,28.76,Medium
MRG-2025-14373,2025-06-15,2025-06-23,North America,Mexico,Consumer,Apparel,Outerwear,1,234.38,0.2,187.5,47.36,4.92,Low
MRG-2025-13002,2025-06-16,2025-06-21,Europe,Spain,Home Office,Home & Living,Decor,10,188.11,0.0,1881.1,346.28,74.18,High
MRG-2025-12758,2025-06-16,2025-06-19,Europe,Germany,Consumer,Home & Living,Kitchenware,11,129.61,0.15,1211.85,194.5,59.71,Medium
MRG-2025-10542,2025-06-16,2025-06-17,North America,United States,Consumer,Apparel,Outerwear,10,258.13,0.3,1806.91,-31.7,57.3,Medium
MRG-2025-14508,2025-06-16,2025-06-24,Europe,France,Home Office,Apparel,Outerwear,3,256.28,0.05,730.4,164.51,11.25,Low
MRG-2025-11321,2025-06-16,2025-06-21,North America,Mexico,Corporate,Apparel,Accessories,2,74.47,0.0,148.94,41.78,15.95,High
MRG-2025-12897,2025-06-17,2025-06-22,APAC,Japan,Consumer,Electronics,Wearables,9,228.29,0.0,2054.61,504.53,18.25,High
MRG-2025-10750,2025-06-17,2025-06-19,North America,United States,Consumer,Home & Living,Bedding,6,236.5,0.05,1348.05,361.06,26.56,High
MRG-2025-10607,2025-06-17,2025-06-24,APAC,Singapore,Consumer,Apparel,Footwear,3,32.11,0.1,86.7,2.4,9.94,Medium
MRG-2025-15087,2025-06-18,2025-06-19,North America,Mexico,Consumer,Electronics,Accessories,1,280.64,0.2,224.51,23.23,9.92,Low
MRG-2025-15318,2025-06-18,2025-06-24,North America,Canada,Corporate,Home & Living,Bedding,11,312.84,0.0,3441.24,1179.62,52.38,Medium
MRG-2025-11610,2025-06-18,2025-06-24,Europe,Spain,Corporate,Apparel,Activewear,5,47.65,0.0,238.25,29.48,19.18,Low
MRG-2025-14350,2025-06-18,2025-06-26,North America,United States,Corporate,Home & Living,Bedding,9,200.38,0.15,1532.91,113.22,23.87,Medium
MRG-2025-12309,2025-06-18,2025-06-22,North America,United States,Corporate,Home & Living,Furniture,4,437.38,0.15,1487.09,106.19,20.56,High
MRG-2025-11363,2025-06-18,2025-06-19,North America,Canada,Corporate,Electronics,Wearables,5,189.01,0.15,803.29,-55.87,13.23,Medium
MRG-2025-13104,2025-06-19,2025-06-24,North America,United States,Consumer,Home & Living,Bedding,11,174.06,0.05,1818.93,670.41,62.61,Medium
MRG-2025-12515,2025-06-19,2025-06-22,North America,Canada,Consumer,Home & Living,Bedding,8,40.69,0.05,309.24,13.2,48.62,Medium
MRG-2025-10128,2025-06-19,2025-06-22,North America,United States,Consumer,Home & Living,Kitchenware,11,222.94,0.1,2207.11,372.39,50.94,Medium
MRG-2025-11065,2025-06-19,2025-06-20,Europe,France,Consumer,Home & Living,Kitchenware,11,31.12,0.0,342.32,132.68,15.12,High
MRG-2025-15014,2025-06-19,2025-06-24,Europe,Germany,Corporate,Apparel,Accessories,7,218.56,0.3,1070.94,-160.64,21.12,Medium
MRG-2025-10610,2025-06-19,2025-06-24,North America,Mexico,Consumer,Home & Living,Furniture,11,441.06,0.2,3881.33,504.79,51.34,Medium
MRG-2025-12676,2025-06-20,2025-06-26,Europe,Germany,Corporate,Electronics,Audio,1,112.81,0.0,112.81,29.4,17.05,Medium
MRG-2025-15443,2025-06-20,2025-06-28,North America,Canada,Consumer,Home & Living,Bedding,1,211.94,0.15,180.15,22.09,14.11,Medium
MRG-2025-14904,2025-06-20,2025-06-21,North America,Mexico,Consumer,Home & Living,Bedding,1,206.08,0.2,164.86,32.46,12.31,Low
MRG-2025-14627,2025-06-20,2025-06-25,APAC,Australia,Home Office,Apparel,Footwear,5,130.04,0.2,520.16,12.96,27.43,Low
MRG-2025-13941,2025-06-20,2025-06-28,North America,Mexico,Corporate,Apparel,Activewear,3,343.34,0.15,875.52,230.6,18.77,Low
MRG-2025-12127,2025-06-20,2025-06-21,North America,United States,Consumer,Home & Living,Bedding,10,411.64,0.0,4116.4,959.6,29.44,Medium
MRG-2025-15960,2025-06-20,2025-06-27,North America,Canada,Corporate,Home & Living,Decor,2,123.44,0.15,209.85,60.13,15.95,Medium
MRG-2025-15561,2025-06-20,2025-06-28,North America,Canada,Corporate,Home & Living,Furniture,4,278.52,0.0,1114.08,213.88,33.23,Low
MRG-2025-12770,2025-06-21,2025-06-25,North America,United States,Corporate,Apparel,Footwear,1,231.69,0.0,231.69,49.91,7.73,High
MRG-2025-13987,2025-06-21,2025-06-24,North America,Mexico,Consumer,Home & Living,Furniture,8,414.97,0.1,2987.78,348.9,58.49,Medium
MRG-2025-13110,2025-06-21,2025-06-22,North America,United States,Consumer,Apparel,Outerwear,7,276.58,0.1,1742.45,613.02,45.5,Medium
MRG-2025-12431,2025-06-21,2025-06-23,North America,Canada,Consumer,Apparel,Footwear,11,165.01,0.0,1815.11,206.77,26.3,High
MRG-2025-13076,2025-06-21,2025-06-25,Europe,United Kingdom,Consumer,Home & Living,Bedding,1,190.22,0.0,190.22,69.2,13.03,Low
MRG-2025-11583,2025-06-21,2025-06-29,North America,United States,Consumer,Electronics,Accessories,1,346.7,0.0,346.7,51.89,19.24,Low
MRG-2025-13040,2025-06-22,2025-06-23,APAC,Japan,Consumer,Home & Living,Bedding,6,417.34,0.3,1752.83,-73.26,51.82,High
MRG-2025-12928,2025-06-22,2025-06-28,APAC,Australia,Consumer,Apparel,Outerwear,3,378.35,0.05,1078.3,373.2,16.36,High
MRG-2025-14756,2025-06-22,2025-06-24,APAC,India,Consumer,Apparel,Activewear,4,236.45,0.05,898.51,339.88,39.51,High
MRG-2025-12514,2025-06-22,2025-06-23,North America,United States,Consumer,Electronics,Audio,1,159.85,0.05,151.86,36.6,10.52,Low
MRG-2025-15958,2025-06-23,2025-06-30,North America,Mexico,Corporate,Home & Living,Kitchenware,10,75.96,0.2,607.68,148.26,62.98,High
MRG-2025-13267,2025-06-24,2025-06-30,North America,Canada,Consumer,Apparel,Activewear,3,328.13,0.2,787.51,164.29,11.45,Critical
MRG-2025-14258,2025-06-24,2025-06-29,Europe,France,Consumer,Electronics,Smart Home,8,220.11,0.0,1760.88,194.37,31.48,Low
MRG-2025-12099,2025-06-24,2025-07-02,APAC,India,Corporate,Electronics,Smart Home,7,315.91,0.05,2100.8,301.12,25.7,Low
MRG-2025-12131,2025-06-24,2025-06-28,North America,United States,Corporate,Electronics,Audio,6,344.43,0.3,1446.61,206.84,48.68,Medium
MRG-2025-12760,2025-06-25,2025-06-28,APAC,Australia,Corporate,Electronics,Wearables,10,184.3,0.0,1843.0,539.67,65.48,Medium
MRG-2025-12002,2025-06-25,2025-07-03,North America,Canada,Consumer,Home & Living,Decor,8,132.18,0.0,1057.44,375.94,22.89,Medium
MRG-2025-10024,2025-06-25,2025-06-29,Europe,Germany,Home Office,Electronics,Accessories,2,112.64,0.0,225.28,61.78,9.02,Low
MRG-2025-15229,2025-06-25,2025-07-03,North America,United States,Home Office,Home & Living,Bedding,6,40.65,0.0,243.9,44.23,20.26,Low
MRG-2025-11341,2025-06-26,2025-07-01,Europe,United Kingdom,Consumer,Apparel,Footwear,5,23.92,0.15,101.66,19.35,36.99,High
MRG-2025-12424,2025-06-26,2025-06-27,APAC,Japan,Consumer,Apparel,Footwear,4,44.72,0.1,160.99,37.59,18.46,High
MRG-2025-10230,2025-06-26,2025-06-27,Europe,Spain,Corporate,Electronics,Accessories,11,193.71,0.0,2130.81,709.89,74.05,High
MRG-2025-12237,2025-06-26,2025-07-03,North America,Canada,Corporate,Home & Living,Bedding,1,105.36,0.2,84.29,-2.23,15.02,Medium
MRG-2025-11753,2025-06-27,2025-07-01,North America,Canada,Corporate,Apparel,Outerwear,4,23.59,0.2,75.49,-2.92,22.83,Medium
MRG-2025-15524,2025-06-27,2025-07-01,APAC,India,Consumer,Home & Living,Decor,6,47.32,0.0,283.92,67.25,41.95,Low
MRG-2025-12593,2025-06-27,2025-07-04,North America,Mexico,Corporate,Home & Living,Bedding,4,155.24,0.0,620.96,229.81,24.5,Medium
MRG-2025-10123,2025-06-27,2025-07-02,Europe,Germany,Home Office,Home & Living,Decor,5,221.46,0.15,941.2,112.58,21.4,Critical
MRG-2025-11895,2025-06-28,2025-06-30,APAC,Australia,Corporate,Home & Living,Kitchenware,2,150.99,0.0,301.98,80.96,14.52,Medium
MRG-2025-14995,2025-06-28,2025-07-06,APAC,Singapore,Consumer,Apparel,Footwear,8,288.62,0.0,2308.96,778.82,44.13,High
MRG-2025-15941,2025-06-28,2025-06-30,North America,Canada,Corporate,Electronics,Wearables,11,427.51,0.05,4467.48,400.46,44.11,Medium
MRG-2025-15495,2025-06-29,2025-07-02,APAC,India,Home Office,Apparel,Outerwear,7,427.72,0.15,2544.93,298.71,49.98,Low
MRG-2025-14473,2025-06-29,2025-07-03,Europe,France,Consumer,Electronics,Accessories,9,95.94,0.0,863.46,341.47,24.16,Medium
MRG-2025-12992,2025-06-29,2025-07-01,North America,Mexico,Consumer,Home & Living,Decor,10,439.5,0.1,3955.5,367.81,43.85,High
MRG-2025-11751,2025-06-29,2025-07-03,North America,Mexico,Consumer,Home & Living,Bedding,10,369.38,0.1,3324.42,5.82,52.4,Low
MRG-2025-11398,2025-06-30,2025-07-03,North America,Canada,Consumer,Home & Living,Furniture,8,388.73,0.0,3109.84,814.99,17.08,Medium
MRG-2025-12474,2025-07-01,2025-07-03,North America,United States,Consumer,Apparel,Outerwear,10,135.08,0.15,1148.18,42.16,19.77,Low
MRG-2025-11074,2025-07-01,2025-07-05,North America,Canada,Consumer,Electronics,Smart Home,11,113.31,0.3,872.49,224.34,46.35,Medium
MRG-2025-13122,2025-07-01,2025-07-03,Europe,France,Consumer,Electronics,Smart Home,11,319.92,0.3,2463.38,429.03,20.46,High
MRG-2025-10084,2025-07-02,2025-07-09,North America,Mexico,Consumer,Home & Living,Kitchenware,1,60.58,0.0,60.58,11.47,10.66,Low
MRG-2025-11032,2025-07-02,2025-07-06,North America,United States,Corporate,Electronics,Audio,1,233.77,0.1,210.39,62.42,11.14,Medium
MRG-2025-11658,2025-07-02,2025-07-03,APAC,India,Consumer,Electronics,Smart Home,11,448.67,0.2,3948.3,-315.9,57.73,High
MRG-2025-15248,2025-07-02,2025-07-07,North America,Canada,Consumer,Electronics,Accessories,3,448.06,0.2,1075.34,198.53,24.91,Low
MRG-2025-15576,2025-07-02,2025-07-04,North America,Mexico,Corporate,Electronics,Accessories,9,74.74,0.15,571.76,-3.59,47.24,Medium
MRG-2025-13888,2025-07-02,2025-07-06,Europe,France,Corporate,Electronics,Accessories,2,449.1,0.0,898.2,113.04,11.62,Medium
MRG-2025-10139,2025-07-02,2025-07-04,North America,Mexico,Corporate,Electronics,Accessories,5,130.08,0.0,650.4,265.32,23.88,High
MRG-2025-15277,2025-07-03,2025-07-04,North America,Canada,Corporate,Apparel,Footwear,3,404.05,0.15,1030.33,264.09,8.79,Medium
MRG-2025-12210,2025-07-03,2025-07-05,Europe,France,Consumer,Electronics,Smart Home,4,334.93,0.0,1339.72,268.06,19.35,Medium
MRG-2025-14479,2025-07-03,2025-07-05,North America,Mexico,Home Office,Apparel,Accessories,10,299.99,0.1,2699.91,295.62,43.87,High
MRG-2025-11796,2025-07-03,2025-07-11,North America,Canada,Consumer,Electronics,Accessories,8,153.43,0.15,1043.32,139.93,61.44,Low
MRG-2025-14456,2025-07-04,2025-07-08,Europe,United Kingdom,Corporate,Apparel,Activewear,11,77.06,0.0,847.66,326.4,24.93,High
MRG-2025-13951,2025-07-04,2025-07-05,North America,United States,Consumer,Home & Living,Decor,8,323.85,0.1,2331.72,211.3,36.51,Medium
MRG-2025-15097,2025-07-04,2025-07-08,North America,Canada,Consumer,Home & Living,Kitchenware,3,352.72,0.3,740.71,-35.64,10.09,Medium
MRG-2025-14199,2025-07-04,2025-07-06,North America,Canada,Consumer,Home & Living,Decor,11,251.66,0.3,1937.78,-216.61,27.32,Medium
MRG-2025-10365,2025-07-04,2025-07-06,North America,Mexico,Corporate,Apparel,Accessories,2,337.81,0.1,608.06,165.43,10.14,Low
MRG-2025-10243,2025-07-04,2025-07-07,Europe,France,Corporate,Home & Living,Bedding,4,225.67,0.3,631.88,-94.78,11.1,High
MRG-2025-10280,2025-07-04,2025-07-11,APAC,Japan,Corporate,Apparel,Activewear,9,307.31,0.05,2627.5,679.02,33.2,Low
MRG-2025-13902,2025-07-05,2025-07-11,Europe,France,Consumer,Home & Living,Decor,1,437.7,0.2,350.16,33.77,14.94,Low
MRG-2025-10884,2025-07-05,2025-07-13,APAC,India,Consumer,Electronics,Accessories,4,400.22,0.3,1120.62,-156.25,16.75,Medium
MRG-2025-15557,2025-07-05,2025-07-10,North America,Mexico,Corporate,Home & Living,Kitchenware,8,336.35,0.0,2690.8,1030.95,62.96,Low
MRG-2025-12409,2025-07-05,2025-07-11,North America,Mexico,Consumer,Home & Living,Decor,3,440.18,0.2,1056.43,-16.39,22.56,Low
MRG-2025-14259,2025-07-05,2025-07-10,Europe,United Kingdom,Corporate,Apparel,Outerwear,2,237.16,0.3,332.02,40.79,17.09,High
MRG-2025-10258,2025-07-06,2025-07-09,Europe,Germany,Consumer,Electronics,Audio,2,419.32,0.3,587.05,41.87,21.0,Medium
MRG-2025-15539,2025-07-06,2025-07-13,North America,Canada,Consumer,Apparel,Accessories,1,14.49,0.15,12.32,2.62,3.6,High
MRG-2025-12314,2025-07-06,2025-07-07,North America,Mexico,Consumer,Home & Living,Furniture,8,446.45,0.2,2857.28,371.02,64.89,Low
MRG-2025-10872,2025-07-06,2025-07-14,Europe,Spain,Corporate,Home & Living,Kitchenware,2,449.76,0.1,809.57,235.81,16.53,Medium
MRG-2025-15423,2025-07-07,2025-07-08,APAC,Singapore,Consumer,Home & Living,Furniture,1,80.37,0.05,76.35,3.72,7.13,Low
MRG-2025-10622,2025-07-07,2025-07-11,APAC,Singapore,Home Office,Apparel,Accessories,3,81.13,0.3,170.37,-6.32,30.16,Critical
MRG-2025-12583,2025-07-07,2025-07-10,Europe,Spain,Consumer,Electronics,Accessories,9,435.09,0.15,3328.44,733.85,47.04,High
MRG-2025-11626,2025-07-07,2025-07-11,Europe,Germany,Home Office,Apparel,Accessories,2,197.53,0.0,395.06,62.23,19.12,Low
MRG-2025-14851,2025-07-07,2025-07-08,APAC,Singapore,Home Office,Electronics,Smart Home,5,384.87,0.1,1731.91,214.04,25.24,Low
MRG-2025-11737,2025-07-07,2025-07-13,Europe,Spain,Consumer,Apparel,Activewear,11,311.31,0.1,3081.97,495.94,48.38,Low
MRG-2025-12919,2025-07-08,2025-07-14,Europe,Germany,Corporate,Electronics,Wearables,4,436.9,0.1,1572.84,43.89,13.13,Medium
MRG-2025-10437,2025-07-08,2025-07-13,North America,Canada,Consumer,Apparel,Accessories,10,28.52,0.2,228.16,16.5,32.94,Low
MRG-2025-14358,2025-07-08,2025-07-11,APAC,Japan,Corporate,Apparel,Footwear,5,423.81,0.1,1907.15,389.46,40.7,Low
MRG-2025-11712,2025-07-08,2025-07-11,North America,United States,Home Office,Apparel,Accessories,6,348.36,0.05,1985.65,560.37,17.4,Medium
MRG-2025-12452,2025-07-08,2025-07-11,Europe,Spain,Consumer,Home & Living,Decor,1,146.94,0.2,117.55,17.44,18.74,Medium
MRG-2025-11524,2025-07-08,2025-07-09,APAC,India,Consumer,Apparel,Footwear,9,90.15,0.1,730.22,19.33,48.31,Medium
MRG-2025-14578,2025-07-08,2025-07-13,APAC,Singapore,Corporate,Electronics,Audio,11,95.92,0.0,1055.12,386.86,57.12,Low
MRG-2025-11199,2025-07-08,2025-07-15,Europe,Spain,Consumer,Home & Living,Kitchenware,4,289.25,0.0,1157.0,111.58,17.01,Medium
MRG-2025-12407,2025-07-08,2025-07-12,North America,United States,Consumer,Electronics,Smart Home,6,168.07,0.2,806.74,178.8,27.43,High
MRG-2025-14033,2025-07-09,2025-07-10,APAC,Australia,Home Office,Home & Living,Bedding,9,147.7,0.0,1329.3,540.45,31.43,Critical
MRG-2025-13199,2025-07-09,2025-07-15,Europe,Spain,Corporate,Home & Living,Bedding,1,442.72,0.2,354.18,30.0,17.0,Medium
MRG-2025-12502,2025-07-09,2025-07-11,North America,Canada,Consumer,Electronics,Wearables,1,343.29,0.3,240.3,-32.24,9.43,Medium
MRG-2025-11890,2025-07-09,2025-07-10,North America,Canada,Consumer,Home & Living,Furniture,5,324.3,0.3,1135.05,111.75,39.09,High
MRG-2025-12036,2025-07-09,2025-07-12,North America,Mexico,Consumer,Electronics,Audio,9,52.78,0.1,427.52,96.06,61.26,Low
MRG-2025-12332,2025-07-09,2025-07-11,North America,United States,Corporate,Electronics,Audio,9,274.06,0.2,1973.23,245.39,24.06,Medium
MRG-2025-14962,2025-07-10,2025-07-11,APAC,India,Consumer,Electronics,Smart Home,1,294.24,0.0,294.24,70.86,7.37,Medium
MRG-2025-15856,2025-07-10,2025-07-13,North America,United States,Home Office,Apparel,Accessories,9,275.61,0.15,2108.42,425.79,30.67,Low
MRG-2025-10004,2025-07-10,2025-07-17,North America,Canada,Consumer,Apparel,Accessories,1,355.82,0.2,284.66,31.44,12.81,Low
MRG-2025-14879,2025-07-10,2025-07-17,Europe,United Kingdom,Corporate,Apparel,Activewear,4,420.02,0.1,1512.07,42.76,26.64,Low
MRG-2025-15059,2025-07-11,2025-07-13,Europe,France,Home Office,Electronics,Accessories,4,244.91,0.0,979.64,233.94,30.6,Medium
MRG-2025-11402,2025-07-11,2025-07-17,Europe,United Kingdom,Home Office,Electronics,Accessories,5,209.03,0.05,992.89,334.53,17.0,Low
MRG-2025-11019,2025-07-11,2025-07-16,APAC,Australia,Consumer,Apparel,Outerwear,5,31.03,0.0,155.15,36.34,28.31,Low
MRG-2025-15704,2025-07-11,2025-07-17,Europe,Germany,Consumer,Electronics,Wearables,3,328.47,0.3,689.79,75.04,21.86,High
MRG-2025-11667,2025-07-11,2025-07-14,Europe,Spain,Home Office,Apparel,Accessories,1,72.14,0.15,61.32,14.61,13.52,Low
MRG-2025-15975,2025-07-11,2025-07-14,North America,Mexico,Corporate,Home & Living,Kitchenware,1,168.43,0.1,151.59,6.38,10.06,Medium
MRG-2025-14329,2025-07-11,2025-07-17,North America,United States,Consumer,Apparel,Activewear,11,67.51,0.3,519.83,-2.67,54.04,Low
MRG-2025-14780,2025-07-12,2025-07-18,North America,Canada,Corporate,Home & Living,Bedding,9,106.11,0.0,954.99,165.22,19.04,Medium
MRG-2025-15013,2025-07-12,2025-07-13,Europe,France,Consumer,Home & Living,Decor,10,286.24,0.0,2862.4,995.73,63.93,Medium
MRG-2025-11507,2025-07-12,2025-07-19,North America,Canada,Consumer,Apparel,Footwear,2,286.51,0.3,401.11,44.65,14.96,High
MRG-2025-11605,2025-07-12,2025-07-15,APAC,India,Consumer,Home & Living,Furniture,1,353.35,0.05,335.68,70.65,14.42,Low
MRG-2025-14785,2025-07-12,2025-07-16,North America,Mexico,Consumer,Electronics,Wearables,3,387.37,0.1,1045.9,101.73,18.31,Medium
MRG-2025-10531,2025-07-13,2025-07-18,North America,United States,Consumer,Home & Living,Bedding,6,428.81,0.0,2572.86,565.87,21.74,Medium
MRG-2025-11776,2025-07-13,2025-07-18,Europe,Spain,Home Office,Electronics,Accessories,1,139.6,0.2,111.68,7.66,11.55,Medium
MRG-2025-11241,2025-07-13,2025-07-17,APAC,Australia,Corporate,Electronics,Audio,7,289.35,0.0,2025.45,456.84,24.47,Medium
MRG-2025-11086,2025-07-13,2025-07-20,North America,United States,Consumer,Electronics,Wearables,8,414.23,0.0,3313.84,705.44,27.91,High
MRG-2025-10208,2025-07-13,2025-07-17,North America,Canada,Home Office,Apparel,Accessories,3,62.78,0.05,178.92,41.16,28.88,Low
MRG-2025-13228,2025-07-13,2025-07-19,Europe,Germany,Home Office,Electronics,Smart Home,11,400.09,0.0,4400.99,1423.75,33.88,Low
MRG-2025-10106,2025-07-13,2025-07-20,North America,United States,Home Office,Apparel,Outerwear,2,401.5,0.0,803.0,194.22,7.08,Medium
MRG-2025-10548,2025-07-13,2025-07-17,North America,Canada,Consumer,Home & Living,Kitchenware,10,162.43,0.0,1624.3,216.52,66.25,Medium
MRG-2025-13277,2025-07-13,2025-07-15,North America,United States,Home Office,Home & Living,Kitchenware,10,141.15,0.15,1199.77,254.15,35.0,Low
MRG-2025-12561,2025-07-13,2025-07-17,Europe,United Kingdom,Consumer,Apparel,Accessories,8,149.64,0.3,837.98,-125.7,63.71,Medium
MRG-2025-10793,2025-07-14,2025-07-21,Europe,United Kingdom,Consumer,Electronics,Accessories,6,121.68,0.3,511.06,40.01,30.23,High
MRG-2025-14185,2025-07-14,2025-07-22,APAC,India,Home Office,Home & Living,Furniture,3,190.82,0.05,543.84,100.95,17.41,Low
MRG-2025-13369,2025-07-14,2025-07-17,Europe,United Kingdom,Consumer,Electronics,Wearables,11,64.5,0.3,496.65,21.5,57.17,High
MRG-2025-14979,2025-07-14,2025-07-15,North America,Mexico,Corporate,Home & Living,Kitchenware,6,433.18,0.05,2469.13,410.21,26.72,Medium
MRG-2025-11841,2025-07-14,2025-07-15,North America,Mexico,Home Office,Electronics,Smart Home,3,15.98,0.2,38.35,6.72,14.79,Low
MRG-2025-10817,2025-07-14,2025-07-21,Europe,Spain,Corporate,Electronics,Audio,7,240.12,0.15,1428.71,126.05,38.33,Medium
MRG-2025-15992,2025-07-14,2025-07-21,North America,United States,Corporate,Electronics,Smart Home,11,179.63,0.15,1679.54,112.71,66.52,Low
MRG-2025-10574,2025-07-15,2025-07-20,North America,United States,Corporate,Home & Living,Furniture,10,105.73,0.1,951.57,-15.82,31.25,Low
MRG-2025-14877,2025-07-15,2025-07-19,North America,Mexico,Corporate,Electronics,Wearables,11,268.58,0.0,2954.38,983.93,81.14,Low
MRG-2025-11764,2025-07-16,2025-07-19,Europe,Spain,Consumer,Electronics,Accessories,7,175.38,0.05,1166.28,80.38,31.61,High
MRG-2025-13858,2025-07-16,2025-07-18,APAC,Australia,Consumer,Home & Living,Bedding,3,293.91,0.0,881.73,142.55,21.06,Low
MRG-2025-14865,2025-07-16,2025-07-22,Europe,France,Consumer,Home & Living,Kitchenware,1,141.85,0.0,141.85,53.31,15.22,Low
MRG-2025-10072,2025-07-16,2025-07-23,North America,Mexico,Consumer,Home & Living,Kitchenware,8,328.79,0.2,2104.26,210.82,34.21,Medium
MRG-2025-15472,2025-07-17,2025-07-25,Europe,United Kingdom,Consumer,Electronics,Wearables,6,276.1,0.15,1408.11,28.77,32.88,Medium
MRG-2025-14981,2025-07-17,2025-07-24,APAC,Japan,Consumer,Electronics,Accessories,5,149.26,0.05,708.98,273.11,25.41,Low
MRG-2025-12243,2025-07-17,2025-07-25,Europe,France,Consumer,Home & Living,Decor,10,303.31,0.3,2123.17,90.23,44.05,Medium
MRG-2025-13366,2025-07-17,2025-07-25,North America,Canada,Consumer,Home & Living,Bedding,11,204.26,0.0,2246.86,428.73,79.0,High
MRG-2025-14515,2025-07-17,2025-07-23,APAC,Australia,Corporate,Electronics,Audio,4,419.51,0.05,1594.14,152.65,19.04,Medium
MRG-2025-15754,2025-07-18,2025-07-24,North America,United States,Home Office,Electronics,Audio,1,105.35,0.0,105.35,23.84,14.62,Medium
MRG-2025-15404,2025-07-18,2025-07-24,North America,United States,Consumer,Apparel,Outerwear,5,306.6,0.15,1303.05,38.64,33.26,Low
MRG-2025-13916,2025-07-18,2025-07-20,North America,Mexico,Corporate,Apparel,Accessories,2,381.16,0.3,533.62,-80.04,11.49,High
MRG-2025-13912,2025-07-18,2025-07-20,APAC,Singapore,Consumer,Apparel,Activewear,7,319.77,0.3,1566.87,125.6,11.06,Medium
MRG-2025-14449,2025-07-18,2025-07-21,APAC,India,Corporate,Electronics,Accessories,1,271.11,0.3,189.78,19.29,5.1,Low
MRG-2025-13981,2025-07-19,2025-07-24,Europe,France,Corporate,Apparel,Outerwear,4,227.69,0.0,910.76,304.89,21.96,Low
MRG-2025-15261,2025-07-19,2025-07-24,North America,United States,Corporate,Home & Living,Kitchenware,3,31.01,0.3,65.12,4.16,17.11,Low
MRG-2025-15570,2025-07-19,2025-07-20,North America,United States,Consumer,Electronics,Accessories,4,56.34,0.0,225.36,38.2,15.63,High
MRG-2025-10353,2025-07-19,2025-07-21,APAC,Singapore,Consumer,Electronics,Accessories,2,132.34,0.2,211.74,18.84,10.77,Low
MRG-2025-14433,2025-07-19,2025-07-24,North America,Mexico,Home Office,Apparel,Accessories,5,366.46,0.1,1649.07,495.86,10.02,Low
MRG-2025-12007,2025-07-19,2025-07-20,North America,Mexico,Consumer,Home & Living,Furniture,1,327.58,0.3,229.31,31.96,12.27,Medium
MRG-2025-15785,2025-07-19,2025-07-21,APAC,Australia,Consumer,Apparel,Outerwear,7,360.56,0.0,2523.92,493.16,54.04,Low
MRG-2025-14248,2025-07-19,2025-07-22,APAC,Japan,Consumer,Electronics,Smart Home,9,242.93,0.0,2186.37,780.83,58.28,Medium
MRG-2025-12938,2025-07-20,2025-07-28,North America,United States,Consumer,Home & Living,Kitchenware,11,60.23,0.1,596.28,131.58,72.57,Medium
MRG-2025-14698,2025-07-20,2025-07-21,Europe,United Kingdom,Home Office,Home & Living,Decor,5,197.56,0.05,938.41,89.91,18.68,Medium
MRG-2025-11700,2025-07-20,2025-07-24,North America,Mexico,Consumer,Apparel,Accessories,3,14.32,0.3,30.07,5.92,15.55,Low
MRG-2025-10604,2025-07-20,2025-07-26,Europe,France,Home Office,Electronics,Smart Home,11,60.68,0.3,467.24,34.36,36.02,Medium
MRG-2025-11881,2025-07-20,2025-07-23,Europe,Germany,Consumer,Home & Living,Decor,10,399.55,0.15,3396.17,354.67,33.75,Low
MRG-2025-13257,2025-07-20,2025-07-24,APAC,Australia,Consumer,Apparel,Accessories,7,196.04,0.0,1372.28,523.34,15.21,Medium
MRG-2025-10081,2025-07-21,2025-07-28,North America,United States,Consumer,Electronics,Audio,5,404.09,0.0,2020.45,230.6,32.46,High
MRG-2025-11295,2025-07-21,2025-07-28,APAC,India,Consumer,Home & Living,Decor,10,274.09,0.0,2740.9,994.49,20.02,Low
MRG-2025-10309,2025-07-21,2025-07-25,North America,United States,Home Office,Electronics,Accessories,5,322.29,0.1,1450.31,200.17,23.91,Medium
MRG-2025-11977,2025-07-22,2025-07-23,North America,United States,Consumer,Apparel,Footwear,11,415.47,0.05,4341.66,1226.2,48.7,Medium
MRG-2025-12655,2025-07-23,2025-07-24,Europe,France,Consumer,Electronics,Wearables,10,434.41,0.1,3909.69,854.0,62.35,Low
MRG-2025-13851,2025-07-23,2025-07-24,APAC,Australia,Consumer,Apparel,Outerwear,9,49.41,0.2,355.75,67.69,18.63,Medium
MRG-2025-10771,2025-07-23,2025-07-29,North America,Canada,Consumer,Home & Living,Decor,4,350.11,0.0,1400.44,122.82,34.23,High
MRG-2025-15640,2025-07-23,2025-07-27,APAC,India,Consumer,Home & Living,Kitchenware,8,37.76,0.15,256.77,65.36,54.7,Medium
MRG-2025-10631,2025-07-23,2025-07-24,APAC,India,Home Office,Electronics,Wearables,11,17.9,0.1,177.21,38.53,39.06,High
MRG-2025-11792,2025-07-23,2025-07-25,APAC,Australia,Home Office,Electronics,Smart Home,4,156.42,0.05,594.4,113.85,31.61,Low
MRG-2025-12186,2025-07-24,2025-07-28,North America,Mexico,Corporate,Home & Living,Decor,7,190.07,0.05,1263.97,222.99,22.74,Medium
MRG-2025-13741,2025-07-24,2025-07-25,Europe,Germany,Home Office,Electronics,Smart Home,5,28.03,0.1,126.14,3.17,29.42,Medium
MRG-2025-14520,2025-07-24,2025-07-25,APAC,Japan,Consumer,Apparel,Activewear,8,170.46,0.1,1227.31,169.52,36.03,Low
MRG-2025-15942,2025-07-24,2025-07-25,Europe,Germany,Consumer,Apparel,Activewear,8,72.42,0.3,405.55,-15.6,23.93,Medium
MRG-2025-10978,2025-07-24,2025-07-27,North America,Canada,Consumer,Electronics,Smart Home,3,96.39,0.15,245.79,-0.47,16.79,High
MRG-2025-15438,2025-07-24,2025-07-25,North America,Mexico,Consumer,Home & Living,Kitchenware,7,383.31,0.0,2683.17,504.85,23.08,High
MRG-2025-14437,2025-07-24,2025-07-28,North America,Canada,Consumer,Electronics,Accessories,3,312.61,0.2,750.26,147.39,8.19,Medium
MRG-2025-10724,2025-07-24,2025-07-25,Europe,France,Consumer,Home & Living,Bedding,8,43.48,0.15,295.66,1.6,47.58,Low
MRG-2025-15819,2025-07-24,2025-07-28,North America,Canada,Corporate,Electronics,Audio,8,381.76,0.2,2443.26,420.27,42.51,Medium
MRG-2025-15032,2025-07-24,2025-07-30,APAC,Japan,Corporate,Home & Living,Decor,6,117.12,0.0,702.72,103.69,13.16,Low
MRG-2025-15239,2025-07-25,2025-07-30,Europe,Germany,Consumer,Home & Living,Furniture,10,27.53,0.1,247.77,83.07,47.5,Critical
MRG-2025-14316,2025-07-25,2025-08-01,Europe,Spain,Consumer,Home & Living,Furniture,6,363.63,0.3,1527.25,-200.42,19.42,Low
MRG-2025-13619,2025-07-25,2025-07-29,Europe,France,Consumer,Apparel,Accessories,1,162.15,0.0,162.15,42.37,11.35,Medium
MRG-2025-10324,2025-07-25,2025-07-27,North America,Mexico,Corporate,Home & Living,Kitchenware,10,261.5,0.15,2222.75,-90.0,33.96,High
MRG-2025-10828,2025-07-25,2025-07-26,Europe,United Kingdom,Consumer,Electronics,Audio,1,368.61,0.0,368.61,97.35,14.7,Medium
MRG-2025-11478,2025-07-25,2025-07-27,North America,Mexico,Consumer,Home & Living,Kitchenware,3,430.86,0.2,1034.06,-68.84,20.75,Low
MRG-2025-10807,2025-07-26,2025-07-28,APAC,Japan,Consumer,Home & Living,Furniture,7,255.76,0.2,1432.26,152.39,35.03,Low
MRG-2025-10529,2025-07-26,2025-07-30,North America,Mexico,Consumer,Electronics,Smart Home,1,37.33,0.15,31.73,-0.64,18.9,Low
MRG-2025-13235,2025-07-26,2025-07-28,North America,Mexico,Home Office,Apparel,Footwear,9,123.63,0.1,1001.4,282.77,47.81,Medium
MRG-2025-10761,2025-07-26,2025-07-28,Europe,United Kingdom,Consumer,Electronics,Wearables,6,181.5,0.0,1089.0,158.59,13.78,Low
MRG-2025-11876,2025-07-26,2025-07-28,North America,Mexico,Corporate,Apparel,Footwear,1,205.38,0.0,205.38,86.03,8.05,Medium
MRG-2025-15024,2025-07-27,2025-07-29,Europe,France,Home Office,Home & Living,Bedding,7,77.77,0.3,381.07,-4.57,38.7,Low
MRG-2025-12140,2025-07-27,2025-08-01,Europe,United Kingdom,Consumer,Home & Living,Furniture,6,275.95,0.3,1158.99,-93.73,23.5,Critical
MRG-2025-11689,2025-07-27,2025-08-03,North America,Canada,Corporate,Apparel,Activewear,8,157.7,0.3,883.12,100.81,21.26,Medium
MRG-2025-14652,2025-07-27,2025-07-29,Europe,Spain,Corporate,Apparel,Activewear,9,100.2,0.2,721.44,4.53,23.97,Low
MRG-2025-11230,2025-07-27,2025-08-01,North America,Mexico,Corporate,Apparel,Activewear,4,205.19,0.0,820.76,79.86,32.66,High
MRG-2025-13223,2025-07-28,2025-08-04,APAC,Singapore,Home Office,Home & Living,Bedding,2,268.02,0.15,455.63,42.84,23.58,Medium
MRG-2025-14383,2025-07-28,2025-08-03,North America,United States,Home Office,Home & Living,Furniture,3,41.25,0.3,86.62,0.89,23.44,High
MRG-2025-13890,2025-07-28,2025-07-30,North America,Mexico,Corporate,Home & Living,Bedding,11,268.73,0.1,2660.43,88.9,62.02,Medium
MRG-2025-14430,2025-07-29,2025-08-06,North America,Mexico,Consumer,Electronics,Wearables,3,222.1,0.2,533.04,21.53,23.75,Low
MRG-2025-14333,2025-07-29,2025-08-02,North America,United States,Consumer,Home & Living,Decor,8,264.33,0.15,1797.44,-27.64,23.4,Low
MRG-2025-10444,2025-07-29,2025-08-02,North America,United States,Corporate,Home & Living,Kitchenware,7,340.99,0.0,2386.93,285.67,41.57,Low
MRG-2025-14872,2025-07-30,2025-07-31,North America,United States,Corporate,Apparel,Outerwear,10,330.45,0.05,3139.27,253.98,19.71,Medium
MRG-2025-10819,2025-07-30,2025-07-31,APAC,Australia,Consumer,Apparel,Footwear,4,353.39,0.1,1272.2,58.67,31.74,Low
MRG-2025-11739,2025-07-30,2025-08-07,North America,Mexico,Consumer,Electronics,Audio,9,191.52,0.1,1551.31,319.14,50.55,Low
MRG-2025-11953,2025-07-30,2025-08-04,Europe,France,Home Office,Home & Living,Kitchenware,2,364.75,0.2,583.6,-15.34,11.01,Low
MRG-2025-12511,2025-07-30,2025-08-05,North America,Mexico,Consumer,Electronics,Audio,11,378.64,0.0,4165.04,729.86,38.14,Medium
MRG-2025-10985,2025-07-30,2025-08-04,APAC,India,Home Office,Electronics,Accessories,11,54.96,0.05,574.33,33.6,47.38,Medium
MRG-2025-14126,2025-07-30,2025-08-01,North America,Canada,Corporate,Apparel,Activewear,5,9.08,0.0,45.4,5.71,43.07,Medium
MRG-2025-14476,2025-07-31,2025-08-06,North America,Canada,Corporate,Electronics,Audio,1,227.23,0.0,227.23,69.64,7.27,Low
MRG-2025-14560,2025-07-31,2025-08-02,North America,United States,Consumer,Apparel,Accessories,5,354.33,0.3,1240.15,-31.38,29.89,Medium
MRG-2025-11160,2025-07-31,2025-08-08,North America,United States,Consumer,Apparel,Outerwear,10,374.08,0.0,3740.8,1081.09,63.65,Low
MRG-2025-12005,2025-07-31,2025-08-04,North America,Canada,Consumer,Electronics,Wearables,10,95.62,0.2,764.96,92.48,25.36,High
MRG-2025-13599,2025-07-31,2025-08-04,North America,Mexico,Consumer,Apparel,Footwear,6,410.96,0.0,2465.76,337.24,29.73,Critical
MRG-2025-14056,2025-07-31,2025-08-03,Europe,Spain,Corporate,Electronics,Wearables,1,250.48,0.2,200.38,-14.03,11.65,Low
MRG-2025-12849,2025-07-31,2025-08-03,North America,Canada,Corporate,Electronics,Wearables,4,189.07,0.0,756.28,94.27,23.85,Critical
MRG-2025-11390,2025-08-01,2025-08-09,Europe,United Kingdom,Consumer,Apparel,Accessories,3,435.72,0.0,1307.16,370.37,26.72,Medium
MRG-2025-13616,2025-08-01,2025-08-08,Europe,France,Consumer,Electronics,Accessories,4,407.09,0.3,1139.85,116.83,18.2,Medium
MRG-2025-12860,2025-08-01,2025-08-04,APAC,Australia,Home Office,Electronics,Audio,3,110.25,0.1,297.68,86.23,17.55,Medium
MRG-2025-14191,2025-08-01,2025-08-04,Europe,France,Consumer,Home & Living,Furniture,4,113.86,0.15,387.12,126.21,20.79,High
MRG-2025-10414,2025-08-02,2025-08-07,APAC,Singapore,Consumer,Electronics,Smart Home,8,259.78,0.15,1766.5,315.45,26.58,Low
MRG-2025-10485,2025-08-02,2025-08-08,APAC,Singapore,Consumer,Electronics,Wearables,11,324.79,0.15,3036.79,815.35,35.64,Low
MRG-2025-12637,2025-08-02,2025-08-06,Europe,Spain,Corporate,Home & Living,Bedding,2,183.37,0.0,366.74,124.9,25.87,Low
MRG-2025-15553,2025-08-02,2025-08-09,Europe,Spain,Consumer,Electronics,Wearables,4,311.97,0.0,1247.88,507.01,35.93,High
MRG-2025-13530,2025-08-02,2025-08-06,Europe,France,Consumer,Home & Living,Bedding,8,17.92,0.0,143.36,14.87,39.03,Critical
MRG-2025-12947,2025-08-02,2025-08-10,North America,United States,Corporate,Electronics,Accessories,6,419.13,0.0,2514.78,275.39,12.08,Medium
MRG-2025-11900,2025-08-02,2025-08-04,Europe,Spain,Consumer,Home & Living,Furniture,10,413.67,0.15,3516.19,163.81,58.74,Low
MRG-2025-10334,2025-08-02,2025-08-05,Europe,France,Home Office,Apparel,Accessories,9,319.81,0.1,2590.46,250.35,28.21,Medium
MRG-2025-12539,2025-08-02,2025-08-10,Europe,Germany,Corporate,Home & Living,Decor,7,74.64,0.2,417.98,104.71,43.06,Low
MRG-2025-12458,2025-08-02,2025-08-03,North America,United States,Corporate,Home & Living,Bedding,4,327.84,0.3,917.95,-51.75,37.46,Medium
MRG-2025-15329,2025-08-03,2025-08-04,APAC,India,Corporate,Electronics,Smart Home,1,268.68,0.3,188.08,4.85,8.1,Medium
MRG-2025-10767,2025-08-03,2025-08-09,North America,Mexico,Home Office,Home & Living,Bedding,1,430.95,0.15,366.31,-12.47,10.39,High
MRG-2025-15515,2025-08-03,2025-08-11,Europe,Germany,Corporate,Apparel,Outerwear,8,310.17,0.1,2233.22,580.6,40.42,Medium
MRG-2025-12899,2025-08-03,2025-08-04,APAC,Singapore,Consumer,Electronics,Audio,6,117.92,0.2,566.02,41.93,22.94,Medium
MRG-2025-10839,2025-08-03,2025-08-10,North America,United States,Consumer,Electronics,Accessories,1,370.34,0.2,296.27,34.95,13.25,Medium
MRG-2025-10036,2025-08-03,2025-08-04,North America,United States,Corporate,Home & Living,Furniture,11,298.07,0.3,2295.14,-181.32,59.21,Low
MRG-2025-13815,2025-08-03,2025-08-11,APAC,Australia,Home Office,Home & Living,Bedding,6,281.98,0.0,1691.88,318.31,32.44,Low
MRG-2025-11428,2025-08-03,2025-08-06,North America,Canada,Consumer,Electronics,Smart Home,2,63.7,0.0,127.4,42.93,24.84,Low
MRG-2025-14535,2025-08-03,2025-08-06,Europe,Spain,Corporate,Electronics,Smart Home,4,213.86,0.05,812.67,139.28,35.35,Medium
MRG-2025-14861,2025-08-04,2025-08-05,North America,United States,Home Office,Home & Living,Bedding,8,87.76,0.1,631.87,102.07,25.5,Medium
MRG-2025-10878,2025-08-04,2025-08-08,North America,Mexico,Home Office,Home & Living,Furniture,11,364.53,0.2,3207.86,99.39,81.38,High
MRG-2025-13906,2025-08-04,2025-08-09,APAC,India,Corporate,Apparel,Footwear,4,444.17,0.0,1776.68,527.27,20.36,Medium
MRG-2025-12681,2025-08-04,2025-08-11,Europe,France,Corporate,Electronics,Accessories,7,389.4,0.0,2725.8,1129.46,18.81,Medium
MRG-2025-11571,2025-08-05,2025-08-08,Europe,Spain,Corporate,Electronics,Wearables,3,179.33,0.0,537.99,125.82,18.23,Critical
MRG-2025-14789,2025-08-05,2025-08-09,North America,Canada,Corporate,Apparel,Outerwear,3,133.14,0.2,319.54,55.97,23.98,Low
MRG-2025-14083,2025-08-05,2025-08-06,North America,Mexico,Consumer,Home & Living,Furniture,10,294.12,0.2,2352.96,330.16,60.98,High
MRG-2025-15558,2025-08-05,2025-08-10,APAC,India,Corporate,Electronics,Smart Home,10,317.12,0.1,2854.08,217.2,26.94,Low
MRG-2025-10888,2025-08-06,2025-08-11,Europe,United Kingdom,Consumer,Apparel,Accessories,1,34.27,0.0,34.27,12.1,15.78,Medium
MRG-2025-10797,2025-08-06,2025-08-08,Europe,Germany,Consumer,Apparel,Activewear,5,18.95,0.15,80.54,-2.84,40.77,Low
MRG-2025-14518,2025-08-06,2025-08-07,North America,Canada,Corporate,Apparel,Accessories,2,228.06,0.05,433.31,97.6,15.15,Low
MRG-2025-14404,2025-08-06,2025-08-14,Europe,France,Corporate,Electronics,Audio,4,426.06,0.0,1704.24,411.95,19.45,Critical
MRG-2025-12595,2025-08-06,2025-08-12,APAC,Singapore,Consumer,Home & Living,Decor,5,118.55,0.0,592.75,81.72,25.39,Low
MRG-2025-15036,2025-08-06,2025-08-13,Europe,United Kingdom,Consumer,Home & Living,Furniture,8,426.73,0.3,2389.69,-278.68,15.85,High
MRG-2025-11692,2025-08-07,2025-08-10,North America,Mexico,Corporate,Apparel,Outerwear,1,53.58,0.15,45.54,-0.63,10.59,Medium
MRG-2025-12991,2025-08-07,2025-08-12,North America,Mexico,Consumer,Electronics,Smart Home,10,416.78,0.0,4167.8,1460.38,61.33,Low
MRG-2025-10614,2025-08-07,2025-08-15,North America,United States,Consumer,Apparel,Outerwear,8,426.74,0.0,3413.92,1094.68,22.24,High
MRG-2025-13390,2025-08-07,2025-08-14,APAC,Singapore,Consumer,Apparel,Activewear,5,148.79,0.05,706.75,163.07,35.67,Low
MRG-2025-10252,2025-08-08,2025-08-12,North America,Canada,Home Office,Apparel,Footwear,11,175.57,0.15,1641.58,538.5,76.05,Low
MRG-2025-12778,2025-08-08,2025-08-10,Europe,Germany,Consumer,Apparel,Activewear,1,96.39,0.0,96.39,9.01,9.04,Medium
MRG-2025-12160,2025-08-08,2025-08-11,North America,Canada,Consumer,Apparel,Accessories,6,355.69,0.0,2134.14,839.26,41.84,High
MRG-2025-10323,2025-08-08,2025-08-15,APAC,Japan,Home Office,Electronics,Wearables,2,235.6,0.15,400.52,99.75,23.34,Medium
MRG-2025-12184,2025-08-08,2025-08-13,Europe,Germany,Consumer,Apparel,Footwear,9,399.6,0.3,2517.48,454.47,20.7,Low
MRG-2025-12441,2025-08-08,2025-08-13,North America,United States,Consumer,Apparel,Footwear,4,377.03,0.0,1508.12,616.55,30.05,Medium
MRG-2025-11038,2025-08-08,2025-08-11,North America,Mexico,Consumer,Electronics,Smart Home,3,116.69,0.0,350.07,103.17,18.58,Medium
MRG-2025-10913,2025-08-09,2025-08-11,North America,Mexico,Corporate,Apparel,Activewear,6,265.99,0.2,1276.75,8.17,40.69,High
MRG-2025-15291,2025-08-09,2025-08-15,North America,Mexico,Consumer,Electronics,Smart Home,4,345.74,0.0,1382.96,322.39,27.35,Low
MRG-2025-10853,2025-08-09,2025-08-15,North America,Canada,Consumer,Home & Living,Kitchenware,4,19.79,0.0,79.16,6.48,36.02,Critical
MRG-2025-15972,2025-08-09,2025-08-14,Europe,Spain,Consumer,Electronics,Smart Home,8,53.21,0.05,404.4,103.21,22.84,Critical
MRG-2025-15399,2025-08-09,2025-08-14,North America,Canada,Consumer,Home & Living,Kitchenware,9,168.56,0.0,1517.04,588.89,32.62,High
MRG-2025-10515,2025-08-09,2025-08-11,North America,United States,Corporate,Home & Living,Decor,8,28.3,0.3,158.48,34.14,25.75,High
MRG-2025-11750,2025-08-10,2025-08-14,North America,Mexico,Consumer,Apparel,Accessories,5,309.67,0.1,1393.51,90.22,12.47,Low
MRG-2025-11600,2025-08-10,2025-08-15,North America,Mexico,Consumer,Apparel,Outerwear,8,173.15,0.3,969.64,-145.45,53.16,Low
MRG-2025-13786,2025-08-10,2025-08-14,Europe,Spain,Home Office,Electronics,Smart Home,8,291.4,0.0,2331.2,355.26,46.05,Low
MRG-2025-13515,2025-08-10,2025-08-16,North America,United States,Home Office,Home & Living,Decor,4,351.58,0.1,1265.69,240.1,12.89,High
MRG-2025-15638,2025-08-11,2025-08-19,APAC,Japan,Consumer,Home & Living,Decor,8,399.16,0.0,3193.28,1316.61,50.09,High
MRG-2025-12041,2025-08-11,2025-08-13,APAC,Australia,Consumer,Electronics,Audio,1,136.29,0.0,136.29,49.72,20.46,Low
MRG-2025-14988,2025-08-11,2025-08-13,APAC,Japan,Home Office,Home & Living,Bedding,10,24.64,0.0,246.4,72.7,13.88,Medium
MRG-2025-14653,2025-08-11,2025-08-19,Europe,Germany,Consumer,Electronics,Accessories,8,180.07,0.0,1440.56,277.2,31.51,Low
MRG-2025-12198,2025-08-11,2025-08-15,APAC,India,Consumer,Home & Living,Kitchenware,3,42.17,0.0,126.51,35.16,18.69,High
MRG-2025-14295,2025-08-11,2025-08-15,Europe,United Kingdom,Corporate,Apparel,Accessories,2,360.64,0.3,504.9,-71.23,26.5,Medium
MRG-2025-12094,2025-08-11,2025-08-13,Europe,Spain,Consumer,Apparel,Outerwear,4,347.43,0.1,1250.75,78.11,34.03,Medium
MRG-2025-11107,2025-08-11,2025-08-18,North America,Canada,Corporate,Apparel,Accessories,8,425.64,0.0,3405.12,670.31,50.87,Critical
MRG-2025-14260,2025-08-12,2025-08-17,North America,United States,Consumer,Home & Living,Furniture,8,70.04,0.0,560.32,95.44,13.44,Medium
MRG-2025-15365,2025-08-12,2025-08-17,North America,Mexico,Consumer,Apparel,Accessories,7,335.75,0.0,2350.25,613.01,23.03,Low
MRG-2025-14885,2025-08-12,2025-08-17,Europe,France,Home Office,Home & Living,Bedding,8,186.96,0.0,1495.68,391.52,39.34,Low
MRG-2025-15121,2025-08-12,2025-08-17,North America,Canada,Consumer,Apparel,Accessories,9,403.7,0.2,2906.64,380.74,11.48,High
MRG-2025-10207,2025-08-12,2025-08-13,North America,Canada,Consumer,Apparel,Accessories,2,27.84,0.3,38.98,6.6,20.18,High
MRG-2025-10040,2025-08-13,2025-08-18,North America,Canada,Consumer,Apparel,Activewear,8,294.96,0.05,2241.7,196.55,32.99,Medium
MRG-2025-11173,2025-08-13,2025-08-20,North America,United States,Consumer,Electronics,Smart Home,7,123.95,0.05,824.27,162.01,46.59,Medium
MRG-2025-13872,2025-08-13,2025-08-17,Europe,Spain,Corporate,Home & Living,Furniture,11,321.56,0.0,3537.16,1015.61,45.45,Medium
MRG-2025-13476,2025-08-13,2025-08-18,North America,Mexico,Consumer,Home & Living,Decor,10,282.04,0.05,2679.38,599.12,58.19,High
MRG-2025-15767,2025-08-13,2025-08-14,North America,Canada,Consumer,Home & Living,Decor,4,75.96,0.0,303.84,90.34,25.08,High
MRG-2025-11882,2025-08-13,2025-08-20,North America,Canada,Corporate,Home & Living,Decor,6,393.98,0.1,2127.49,395.24,37.81,Low
MRG-2025-14255,2025-08-13,2025-08-17,North America,Canada,Consumer,Apparel,Activewear,7,35.79,0.2,200.42,49.7,15.27,High
MRG-2025-12700,2025-08-13,2025-08-15,Europe,United Kingdom,Consumer,Electronics,Accessories,6,98.89,0.0,593.34,92.46,33.67,Medium
MRG-2025-10298,2025-08-13,2025-08-21,APAC,India,Consumer,Home & Living,Bedding,11,117.57,0.15,1099.28,177.57,31.1,Medium
MRG-2025-14849,2025-08-13,2025-08-20,North America,Mexico,Consumer,Apparel,Accessories,6,196.14,0.15,1000.31,279.54,15.23,Medium
MRG-2025-15663,2025-08-14,2025-08-21,Europe,Germany,Home Office,Electronics,Smart Home,5,240.6,0.0,1203.0,473.39,15.67,Medium
MRG-2025-15065,2025-08-14,2025-08-19,APAC,Japan,Consumer,Apparel,Activewear,6,125.27,0.15,638.88,124.73,49.78,Medium
MRG-2025-13017,2025-08-14,2025-08-21,Europe,France,Consumer,Electronics,Smart Home,2,23.71,0.3,33.19,-4.12,9.12,Critical
MRG-2025-11998,2025-08-14,2025-08-17,North America,Canada,Home Office,Electronics,Audio,9,283.0,0.0,2547.0,979.61,24.07,Medium
MRG-2025-10783,2025-08-14,2025-08-19,Europe,Spain,Corporate,Apparel,Activewear,8,310.4,0.05,2359.04,818.67,63.8,Low
MRG-2025-14461,2025-08-15,2025-08-20,Europe,United Kingdom,Home Office,Electronics,Wearables,7,181.85,0.15,1082.01,-12.7,17.63,Low
MRG-2025-14231,2025-08-15,2025-08-21,Europe,Spain,Consumer,Apparel,Accessories,3,277.18,0.0,831.54,214.35,27.97,Critical
MRG-2025-15874,2025-08-15,2025-08-19,Europe,Spain,Consumer,Electronics,Wearables,9,305.99,0.05,2616.21,788.89,33.5,Medium
MRG-2025-10479,2025-08-16,2025-08-21,Europe,Germany,Consumer,Apparel,Accessories,4,441.65,0.0,1766.6,247.07,15.93,Low
MRG-2025-12710,2025-08-16,2025-08-18,North America,Mexico,Home Office,Electronics,Audio,7,11.52,0.3,56.45,-8.0,30.49,Medium
MRG-2025-15076,2025-08-16,2025-08-20,APAC,India,Consumer,Apparel,Activewear,9,157.08,0.3,989.6,-148.44,53.5,Medium
MRG-2025-13576,2025-08-16,2025-08-21,North America,United States,Corporate,Electronics,Audio,9,193.17,0.2,1390.82,308.54,71.93,Medium
MRG-2025-14526,2025-08-16,2025-08-21,North America,Canada,Consumer,Home & Living,Decor,3,284.93,0.0,854.79,116.53,25.41,Low
MRG-2025-11455,2025-08-17,2025-08-25,North America,Canada,Corporate,Home & Living,Kitchenware,11,369.17,0.2,3248.7,442.68,74.38,Critical
MRG-2025-14362,2025-08-17,2025-08-18,North America,Canada,Consumer,Apparel,Outerwear,6,93.52,0.15,476.95,50.36,37.9,Low
MRG-2025-14753,2025-08-17,2025-08-21,Europe,Spain,Consumer,Home & Living,Bedding,3,303.57,0.2,728.57,146.61,6.95,Low
MRG-2025-12029,2025-08-17,2025-08-24,North America,United States,Consumer,Home & Living,Bedding,7,320.04,0.2,1792.22,-188.97,36.62,High
MRG-2025-11116,2025-08-17,2025-08-19,North America,United States,Consumer,Home & Living,Bedding,11,258.46,0.0,2843.06,1126.22,29.01,Medium
MRG-2025-10823,2025-08-18,2025-08-23,North America,Mexico,Consumer,Apparel,Activewear,7,50.88,0.15,302.74,0.89,34.83,Low
MRG-2025-14318,2025-08-18,2025-08-26,APAC,Singapore,Corporate,Apparel,Activewear,6,412.89,0.1,2229.61,404.89,20.76,Medium
MRG-2025-11973,2025-08-18,2025-08-24,Europe,Spain,Consumer,Electronics,Audio,7,239.69,0.05,1593.94,104.73,48.05,Medium
MRG-2025-14306,2025-08-19,2025-08-26,North America,Mexico,Consumer,Home & Living,Decor,2,238.47,0.05,453.09,157.38,16.53,High
MRG-2025-13982,2025-08-19,2025-08-25,Europe,Spain,Consumer,Home & Living,Furniture,9,217.62,0.3,1371.01,206.55,63.12,Medium
MRG-2025-11777,2025-08-19,2025-08-23,APAC,Australia,Consumer,Electronics,Audio,7,206.53,0.2,1156.57,158.59,26.16,High
MRG-2025-15479,2025-08-19,2025-08-23,APAC,Japan,Consumer,Apparel,Footwear,6,371.51,0.1,2006.15,68.12,38.27,Medium
MRG-2025-12257,2025-08-19,2025-08-20,Europe,France,Consumer,Electronics,Accessories,4,410.52,0.2,1313.66,-72.3,36.56,Low
MRG-2025-11586,2025-08-20,2025-08-26,North America,United States,Consumer,Electronics,Audio,2,354.64,0.0,709.28,191.68,10.28,Medium
MRG-2025-10928,2025-08-20,2025-08-21,Europe,Germany,Consumer,Home & Living,Bedding,9,50.91,0.05,435.28,85.1,62.0,Medium
MRG-2025-13231,2025-08-20,2025-08-28,Europe,Germany,Consumer,Apparel,Activewear,4,329.41,0.15,1119.99,-16.36,29.2,Low
MRG-2025-13025,2025-08-20,2025-08-23,North America,United States,Corporate,Home & Living,Kitchenware,10,122.71,0.15,1043.03,108.34,53.31,High
MRG-2025-11759,2025-08-20,2025-08-27,North America,Mexico,Corporate,Apparel,Accessories,3,279.85,0.0,839.55,196.91,26.0,Medium
MRG-2025-10427,2025-08-20,2025-08-28,North America,United States,Consumer,Home & Living,Bedding,5,303.22,0.15,1288.68,354.52,19.2,High
MRG-2025-13148,2025-08-20,2025-08-26,North America,Canada,Consumer,Home & Living,Bedding,3,209.56,0.2,502.94,-63.88,14.63,High
MRG-2025-11754,2025-08-20,2025-08-28,Europe,Spain,Consumer,Apparel,Footwear,8,363.01,0.0,2904.08,967.26,54.05,High
MRG-2025-11743,2025-08-20,2025-08-22,Europe,France,Consumer,Electronics,Accessories,3,292.87,0.0,878.61,315.42,19.33,Medium
MRG-2025-13714,2025-08-20,2025-08-24,North America,Canada,Corporate,Home & Living,Kitchenware,8,31.79,0.0,254.32,38.43,24.76,Low
MRG-2025-15342,2025-08-21,2025-08-28,North America,Mexico,Consumer,Apparel,Accessories,1,229.06,0.2,183.25,47.46,16.25,Medium
MRG-2025-11871,2025-08-21,2025-08-29,Europe,United Kingdom,Home Office,Apparel,Outerwear,9,444.44,0.05,3799.96,1136.22,42.33,High
MRG-2025-11265,2025-08-21,2025-08-24,North America,Canada,Consumer,Apparel,Activewear,9,279.31,0.2,2011.03,411.61,54.17,Medium
MRG-2025-12486,2025-08-21,2025-08-22,Europe,Spain,Corporate,Home & Living,Kitchenware,4,285.07,0.2,912.22,42.32,14.83,Medium
MRG-2025-13957,2025-08-22,2025-08-30,Europe,Spain,Consumer,Apparel,Footwear,9,255.85,0.0,2302.65,643.13,42.86,Low
MRG-2025-13151,2025-08-22,2025-08-26,Europe,Germany,Consumer,Apparel,Outerwear,2,391.21,0.0,782.42,183.92,16.5,Medium
MRG-2025-14325,2025-08-22,2025-08-26,North America,United States,Consumer,Home & Living,Decor,2,430.31,0.0,860.62,235.11,6.59,High
MRG-2025-13274,2025-08-22,2025-08-30,Europe,France,Consumer,Electronics,Accessories,5,51.62,0.2,206.48,32.52,28.4,Low
MRG-2025-11167,2025-08-22,2025-08-27,Europe,United Kingdom,Consumer,Electronics,Audio,1,221.61,0.3,155.13,-23.27,13.94,Low
MRG-2025-15818,2025-08-22,2025-08-23,APAC,Australia,Corporate,Apparel,Outerwear,7,90.69,0.3,444.38,-2.17,37.45,Medium
MRG-2025-10250,2025-08-22,2025-08-23,North America,United States,Consumer,Apparel,Footwear,2,49.36,0.0,98.72,18.94,6.44,Low
MRG-2025-15082,2025-08-23,2025-08-31,APAC,India,Consumer,Electronics,Wearables,10,263.58,0.3,1845.06,-276.76,47.12,Medium
MRG-2025-11253,2025-08-23,2025-08-24,North America,United States,Corporate,Apparel,Outerwear,11,387.14,0.1,3832.69,969.8,35.87,Low
MRG-2025-11527,2025-08-23,2025-08-28,APAC,Australia,Corporate,Electronics,Smart Home,9,228.68,0.0,2058.12,258.22,35.62,Medium
MRG-2025-15512,2025-08-23,2025-08-28,Europe,Germany,Consumer,Home & Living,Bedding,8,256.73,0.3,1437.69,26.07,25.8,Low
MRG-2025-14905,2025-08-23,2025-08-29,North America,Mexico,Consumer,Apparel,Accessories,5,159.95,0.05,759.76,96.2,23.62,Medium
MRG-2025-10582,2025-08-24,2025-08-28,North America,Mexico,Consumer,Apparel,Footwear,8,254.05,0.3,1422.68,-90.79,19.94,Low
MRG-2025-15047,2025-08-24,2025-08-31,North America,United States,Home Office,Home & Living,Kitchenware,3,59.68,0.1,161.14,50.86,14.71,Low
MRG-2025-14340,2025-08-24,2025-08-27,APAC,India,Consumer,Electronics,Accessories,8,105.14,0.2,672.9,165.54,33.44,Medium
MRG-2025-14536,2025-08-24,2025-09-01,North America,United States,Corporate,Home & Living,Decor,8,214.33,0.0,1714.64,174.2,56.58,Low
MRG-2025-15629,2025-08-24,2025-08-28,Europe,Spain,Corporate,Electronics,Accessories,11,13.71,0.0,150.81,18.56,71.34,Medium
MRG-2025-13146,2025-08-25,2025-08-28,Europe,Germany,Consumer,Electronics,Accessories,7,335.17,0.0,2346.19,561.7,34.87,Low
MRG-2025-12505,2025-08-25,2025-08-27,North America,United States,Consumer,Apparel,Activewear,6,268.11,0.0,1608.66,440.28,40.06,Low
MRG-2025-11243,2025-08-25,2025-08-28,APAC,Japan,Consumer,Apparel,Outerwear,6,298.37,0.3,1253.15,105.83,44.77,Medium
MRG-2025-13898,2025-08-25,2025-08-31,North America,Canada,Consumer,Home & Living,Decor,8,233.35,0.0,1866.8,409.32,56.13,Low
MRG-2025-15784,2025-08-25,2025-08-28,Europe,France,Corporate,Home & Living,Bedding,5,265.32,0.15,1127.61,168.71,29.36,High
MRG-2025-11620,2025-08-25,2025-08-31,Europe,United Kingdom,Consumer,Apparel,Accessories,9,359.86,0.05,3076.8,671.66,19.33,High
MRG-2025-11024,2025-08-26,2025-08-27,North America,United States,Home Office,Electronics,Wearables,6,263.39,0.0,1580.34,469.63,32.6,Low
MRG-2025-11443,2025-08-26,2025-08-28,North America,Canada,Corporate,Apparel,Activewear,8,113.05,0.0,904.4,111.75,38.34,Medium
MRG-2025-15758,2025-08-26,2025-09-02,APAC,Australia,Consumer,Apparel,Accessories,1,240.77,0.0,240.77,49.13,19.11,Medium
MRG-2025-13195,2025-08-27,2025-08-29,Europe,Germany,Consumer,Home & Living,Kitchenware,2,157.08,0.15,267.04,33.64,18.25,Low
MRG-2025-12804,2025-08-27,2025-09-01,North America,United States,Corporate,Home & Living,Bedding,7,115.34,0.05,767.01,225.63,25.95,Low
MRG-2025-14583,2025-08-27,2025-08-28,Europe,Germany,Consumer,Home & Living,Kitchenware,5,87.79,0.1,395.06,56.19,18.08,Medium
MRG-2025-12080,2025-08-27,2025-08-29,APAC,Australia,Consumer,Home & Living,Kitchenware,7,352.71,0.0,2468.97,903.93,47.75,Medium
MRG-2025-15895,2025-08-27,2025-08-28,North America,Canada,Home Office,Electronics,Smart Home,8,55.3,0.3,309.68,-44.7,11.81,High
MRG-2025-11508,2025-08-27,2025-08-31,Europe,United Kingdom,Consumer,Apparel,Outerwear,6,72.37,0.2,347.38,-1.71,26.79,Medium
MRG-2025-10882,2025-08-27,2025-08-31,Europe,United Kingdom,Consumer,Apparel,Activewear,5,306.78,0.0,1533.9,590.81,20.26,Low
MRG-2025-14636,2025-08-28,2025-08-31,Europe,United Kingdom,Corporate,Electronics,Audio,1,373.52,0.2,298.82,49.93,16.71,Medium
MRG-2025-13547,2025-08-28,2025-09-05,North America,Mexico,Home Office,Electronics,Smart Home,11,298.26,0.2,2624.69,547.05,48.49,Low
MRG-2025-13592,2025-08-28,2025-09-03,North America,Mexico,Consumer,Home & Living,Kitchenware,11,247.05,0.0,2717.55,588.9,63.87,Medium
MRG-2025-15741,2025-08-29,2025-08-31,North America,United States,Corporate,Electronics,Accessories,9,358.58,0.1,2904.5,396.4,32.35,Low
MRG-2025-11980,2025-08-29,2025-09-06,North America,United States,Consumer,Electronics,Wearables,5,307.8,0.0,1539.0,210.96,11.42,Medium
MRG-2025-11124,2025-08-30,2025-09-03,North America,Canada,Consumer,Electronics,Audio,7,217.35,0.15,1293.23,405.28,24.7,Medium
MRG-2025-12485,2025-08-30,2025-09-07,North America,Mexico,Consumer,Home & Living,Bedding,5,331.95,0.05,1576.76,301.1,20.41,Low
MRG-2025-12885,2025-08-30,2025-08-31,North America,Mexico,Consumer,Apparel,Accessories,11,187.7,0.1,1858.23,87.09,72.4,Low
MRG-2025-13955,2025-08-30,2025-09-02,North America,Mexico,Corporate,Apparel,Outerwear,3,394.82,0.15,1006.79,157.59,26.51,Low
MRG-2025-10678,2025-08-30,2025-09-07,North America,Mexico,Consumer,Apparel,Footwear,4,221.66,0.0,886.64,277.76,25.22,High
MRG-2025-11770,2025-08-30,2025-09-07,North America,United States,Consumer,Home & Living,Bedding,1,150.24,0.1,135.22,9.88,9.09,High
MRG-2025-15738,2025-08-30,2025-09-07,North America,Mexico,Consumer,Home & Living,Decor,1,12.5,0.0,12.5,3.42,13.98,Medium
MRG-2025-10318,2025-08-31,2025-09-04,APAC,Japan,Consumer,Home & Living,Furniture,10,308.32,0.05,2929.04,557.52,22.27,High
MRG-2025-11767,2025-08-31,2025-09-04,APAC,Singapore,Home Office,Electronics,Accessories,3,275.82,0.0,827.46,290.94,8.88,High
MRG-2025-11081,2025-08-31,2025-09-06,North America,United States,Consumer,Electronics,Accessories,9,248.68,0.0,2238.12,493.97,47.76,Low
MRG-2025-10566,2025-08-31,2025-09-02,Europe,France,Consumer,Apparel,Outerwear,2,215.49,0.15,366.33,74.84,19.66,High
MRG-2025-15246,2025-08-31,2025-09-01,Europe,France,Home Office,Electronics,Accessories,11,394.9,0.0,4343.9,893.9,72.17,Medium
MRG-2025-14669,2025-08-31,2025-09-06,APAC,Australia,Consumer,Home & Living,Decor,1,57.61,0.0,57.61,10.74,16.99,Medium
MRG-2025-13904,2025-08-31,2025-09-06,North America,Mexico,Home Office,Apparel,Activewear,4,419.9,0.1,1511.64,261.9,25.89,Low
MRG-2025-15001,2025-08-31,2025-09-04,APAC,India,Corporate,Home & Living,Furniture,5,378.23,0.3,1323.81,66.32,14.26,Medium
MRG-2025-12176,2025-09-01,2025-09-03,Europe,France,Corporate,Home & Living,Bedding,2,364.98,0.3,510.97,31.13,13.41,Low
MRG-2025-11806,2025-09-02,2025-09-10,North America,Mexico,Corporate,Apparel,Footwear,9,401.33,0.3,2528.38,310.46,58.32,High
MRG-2025-15621,2025-09-02,2025-09-08,APAC,Australia,Consumer,Electronics,Smart Home,7,275.9,0.0,1931.3,342.69,49.53,Low
MRG-2025-10450,2025-09-02,2025-09-06,North America,United States,Consumer,Home & Living,Furniture,8,178.13,0.1,1282.54,327.46,48.19,Medium
MRG-2025-15838,2025-09-02,2025-09-06,Europe,France,Corporate,Apparel,Accessories,3,170.53,0.3,358.11,1.62,16.73,Low
MRG-2025-12214,2025-09-02,2025-09-06,North America,Mexico,Consumer,Electronics,Accessories,11,304.45,0.0,3348.95,1169.0,43.38,Low
MRG-2025-15469,2025-09-02,2025-09-07,North America,Mexico,Corporate,Home & Living,Bedding,9,305.85,0.0,2752.65,715.58,46.29,Low
MRG-2025-10458,2025-09-03,2025-09-08,APAC,India,Home Office,Apparel,Footwear,10,387.99,0.05,3685.9,1076.26,53.33,High
MRG-2025-12427,2025-09-03,2025-09-09,Europe,United Kingdom,Consumer,Electronics,Smart Home,9,33.7,0.2,242.64,42.53,34.92,High
MRG-2025-12165,2025-09-03,2025-09-06,Europe,United Kingdom,Consumer,Electronics,Smart Home,7,75.16,0.2,420.9,93.87,32.6,Low
MRG-2025-11701,2025-09-03,2025-09-04,North America,United States,Consumer,Home & Living,Furniture,6,430.85,0.0,2585.1,967.51,44.14,Critical
MRG-2025-11421,2025-09-03,2025-09-08,North America,United States,Consumer,Apparel,Footwear,4,449.49,0.2,1438.37,148.27,20.03,Medium
MRG-2025-13467,2025-09-03,2025-09-06,North America,Canada,Consumer,Home & Living,Furniture,11,152.57,0.1,1510.44,444.48,50.9,Medium
MRG-2025-11572,2025-09-03,2025-09-08,APAC,Australia,Corporate,Electronics,Accessories,8,431.92,0.2,2764.29,-185.95,32.37,Critical
MRG-2025-10581,2025-09-03,2025-09-05,Europe,United Kingdom,Consumer,Electronics,Smart Home,9,254.62,0.3,1604.11,-4.91,23.82,High
MRG-2025-15904,2025-09-03,2025-09-10,Europe,United Kingdom,Consumer,Electronics,Audio,3,12.63,0.3,26.52,-1.88,13.0,Medium
MRG-2025-15806,2025-09-03,2025-09-04,North America,Mexico,Consumer,Apparel,Accessories,6,421.19,0.15,2148.07,577.76,36.61,Medium
MRG-2025-12793,2025-09-03,2025-09-10,North America,United States,Home Office,Home & Living,Bedding,10,291.7,0.3,2041.9,-28.45,38.15,High
MRG-2025-12680,2025-09-04,2025-09-06,APAC,India,Corporate,Electronics,Smart Home,9,161.26,0.1,1306.21,-41.25,35.69,Low
MRG-2025-14474,2025-09-04,2025-09-10,Europe,Spain,Consumer,Apparel,Footwear,1,112.91,0.3,79.04,7.38,18.46,High
MRG-2025-12527,2025-09-04,2025-09-06,North America,United States,Consumer,Apparel,Activewear,4,364.13,0.0,1456.52,591.85,37.06,Medium
MRG-2025-15617,2025-09-04,2025-09-10,North America,United States,Corporate,Apparel,Activewear,1,212.23,0.0,212.23,21.63,15.24,Medium
MRG-2025-12484,2025-09-04,2025-09-08,APAC,India,Corporate,Electronics,Audio,1,176.69,0.2,141.35,1.0,13.69,Medium
MRG-2025-10379,2025-09-04,2025-09-09,Europe,France,Corporate,Apparel,Activewear,11,60.21,0.15,562.96,58.99,25.61,Critical
MRG-2025-12856,2025-09-04,2025-09-09,APAC,Australia,Consumer,Electronics,Wearables,6,196.26,0.0,1177.56,339.18,28.6,Low
MRG-2025-12920,2025-09-05,2025-09-06,North America,Canada,Consumer,Apparel,Footwear,3,404.45,0.15,1031.35,232.92,14.15,Medium
MRG-2025-15125,2025-09-05,2025-09-07,APAC,Australia,Corporate,Home & Living,Bedding,7,168.66,0.05,1121.59,171.27,50.71,High
MRG-2025-11400,2025-09-05,2025-09-08,North America,Mexico,Consumer,Apparel,Footwear,3,75.16,0.0,225.48,84.69,25.69,Medium
MRG-2025-11835,2025-09-05,2025-09-06,North America,Mexico,Home Office,Electronics,Accessories,2,140.35,0.05,266.66,16.94,15.64,Medium
MRG-2025-11157,2025-09-05,2025-09-07,APAC,India,Consumer,Apparel,Accessories,6,13.88,0.15,70.79,17.78,21.13,Medium
MRG-2025-10723,2025-09-06,2025-09-13,Europe,Germany,Consumer,Electronics,Audio,11,248.52,0.0,2733.72,277.6,67.94,Medium
MRG-2025-12118,2025-09-06,2025-09-10,APAC,Singapore,Corporate,Home & Living,Furniture,9,12.39,0.05,105.93,9.41,57.87,High
MRG-2025-13666,2025-09-06,2025-09-12,North America,Canada,Consumer,Electronics,Accessories,2,327.06,0.2,523.3,5.69,17.06,Medium
MRG-2025-15675,2025-09-06,2025-09-10,APAC,Japan,Consumer,Electronics,Accessories,11,120.55,0.05,1259.75,32.44,68.31,Low
MRG-2025-12538,2025-09-07,2025-09-08,North America,United States,Consumer,Electronics,Smart Home,8,336.14,0.0,2689.12,1015.64,34.59,Low
MRG-2025-10057,2025-09-07,2025-09-12,APAC,India,Consumer,Apparel,Accessories,7,90.92,0.3,445.51,-50.33,46.73,Low
MRG-2025-14933,2025-09-07,2025-09-08,Europe,France,Home Office,Home & Living,Furniture,2,421.34,0.0,842.68,207.41,18.15,Medium
MRG-2025-11951,2025-09-07,2025-09-11,North America,United States,Consumer,Apparel,Activewear,4,380.9,0.15,1295.06,171.71,22.93,High
MRG-2025-11182,2025-09-07,2025-09-11,Europe,United Kingdom,Consumer,Electronics,Wearables,4,282.86,0.3,792.01,-111.55,12.87,High
MRG-2025-15559,2025-09-08,2025-09-12,APAC,Singapore,Consumer,Electronics,Wearables,9,117.52,0.05,1004.8,339.79,24.12,Critical
MRG-2025-11916,2025-09-08,2025-09-14,North America,Canada,Home Office,Electronics,Smart Home,11,182.0,0.0,2002.0,360.99,65.07,Medium
MRG-2025-14822,2025-09-08,2025-09-09,North America,Mexico,Consumer,Apparel,Footwear,10,40.61,0.15,345.19,54.82,19.29,Medium
MRG-2025-12043,2025-09-08,2025-09-11,North America,Canada,Consumer,Apparel,Activewear,11,255.23,0.0,2807.53,230.15,80.12,Medium
MRG-2025-10372,2025-09-08,2025-09-15,Europe,Germany,Consumer,Electronics,Audio,2,404.3,0.3,566.02,109.74,22.8,Medium
MRG-2025-14755,2025-09-08,2025-09-14,Europe,United Kingdom,Home Office,Apparel,Outerwear,8,109.93,0.0,879.44,237.34,19.71,Medium
MRG-2025-14084,2025-09-08,2025-09-10,North America,Mexico,Home Office,Home & Living,Bedding,7,105.33,0.15,626.71,133.65,39.71,Low
MRG-2025-10698,2025-09-08,2025-09-10,APAC,Singapore,Consumer,Electronics,Smart Home,7,149.14,0.05,991.78,331.69,28.32,Medium
MRG-2025-15225,2025-09-09,2025-09-13,APAC,India,Consumer,Home & Living,Kitchenware,8,328.55,0.3,1839.88,6.61,15.36,Low
MRG-2025-13736,2025-09-09,2025-09-13,North America,Mexico,Consumer,Electronics,Wearables,2,30.39,0.2,48.62,10.18,20.69,Medium
MRG-2025-15278,2025-09-09,2025-09-14,APAC,India,Corporate,Apparel,Activewear,2,181.51,0.3,254.11,-34.15,15.38,High
MRG-2025-13926,2025-09-09,2025-09-15,North America,United States,Consumer,Apparel,Accessories,8,345.03,0.2,2208.19,372.04,24.85,Medium
MRG-2025-13584,2025-09-09,2025-09-14,North America,Mexico,Consumer,Home & Living,Furniture,7,269.79,0.05,1794.1,89.02,22.92,Medium
MRG-2025-14360,2025-09-09,2025-09-16,Europe,Germany,Home Office,Electronics,Smart Home,10,346.47,0.15,2944.99,-26.46,21.19,High
MRG-2025-15607,2025-09-09,2025-09-11,North America,Canada,Consumer,Apparel,Footwear,5,412.53,0.0,2062.65,379.57,26.24,High
MRG-2025-14395,2025-09-09,2025-09-14,Europe,Germany,Home Office,Apparel,Outerwear,5,191.91,0.05,911.57,243.56,20.21,Low
MRG-2025-11057,2025-09-09,2025-09-10,APAC,Australia,Home Office,Electronics,Smart Home,1,83.92,0.15,71.33,17.27,9.32,Low
MRG-2025-10598,2025-09-10,2025-09-14,Europe,Germany,Consumer,Electronics,Audio,5,362.41,0.15,1540.24,440.06,21.45,Medium
MRG-2025-14790,2025-09-10,2025-09-15,North America,United States,Consumer,Apparel,Footwear,7,208.98,0.2,1170.29,-33.06,50.86,Low
MRG-2025-11296,2025-09-10,2025-09-18,Europe,Germany,Consumer,Electronics,Smart Home,8,122.42,0.05,930.39,232.18,12.7,Medium
MRG-2025-14618,2025-09-10,2025-09-15,Europe,Spain,Corporate,Apparel,Outerwear,6,223.86,0.0,1343.16,467.97,18.85,Medium
MRG-2025-11585,2025-09-10,2025-09-11,North America,United States,Consumer,Electronics,Accessories,8,291.01,0.15,1978.87,341.53,42.19,High
MRG-2025-13258,2025-09-11,2025-09-19,North America,Canada,Consumer,Electronics,Wearables,9,142.7,0.15,1091.65,-4.95,54.42,Low
MRG-2025-13342,2025-09-11,2025-09-14,Europe,Germany,Consumer,Electronics,Smart Home,7,91.2,0.05,606.48,134.62,18.66,Critical
MRG-2025-12715,2025-09-11,2025-09-15,North America,Mexico,Consumer,Apparel,Accessories,6,383.36,0.0,2300.16,874.18,37.89,Low
MRG-2025-13404,2025-09-11,2025-09-17,Europe,United Kingdom,Consumer,Electronics,Audio,9,188.1,0.0,1692.9,228.51,48.89,Medium
MRG-2025-14897,2025-09-11,2025-09-17,APAC,Australia,Consumer,Electronics,Wearables,11,29.13,0.2,256.34,-16.4,63.58,Low
MRG-2025-15200,2025-09-12,2025-09-18,Europe,Germany,Home Office,Electronics,Smart Home,9,416.64,0.0,3749.76,623.82,60.58,Medium
MRG-2025-13711,2025-09-12,2025-09-19,North America,Canada,Corporate,Apparel,Outerwear,10,328.53,0.0,3285.3,393.12,74.56,Low
MRG-2025-12360,2025-09-12,2025-09-15,North America,Mexico,Consumer,Electronics,Accessories,5,443.19,0.0,2215.95,923.16,26.31,High
MRG-2025-14274,2025-09-12,2025-09-19,Europe,Germany,Consumer,Electronics,Wearables,6,421.21,0.15,2148.17,537.17,44.15,High
MRG-2025-13301,2025-09-13,2025-09-18,North America,Canada,Consumer,Home & Living,Kitchenware,11,69.12,0.0,760.32,63.0,39.1,High
MRG-2025-12559,2025-09-13,2025-09-17,North America,Canada,Home Office,Apparel,Accessories,1,448.04,0.1,403.24,56.89,13.25,Low
MRG-2025-11168,2025-09-13,2025-09-20,Europe,Germany,Consumer,Home & Living,Bedding,4,152.36,0.15,518.02,134.02,25.14,Low
MRG-2025-13631,2025-09-13,2025-09-17,Europe,Germany,Consumer,Electronics,Wearables,2,115.23,0.15,195.89,54.71,11.38,Low
MRG-2025-15691,2025-09-13,2025-09-19,APAC,Singapore,Home Office,Home & Living,Furniture,10,121.43,0.05,1153.58,80.17,60.18,Medium
MRG-2025-11299,2025-09-14,2025-09-22,North America,United States,Corporate,Home & Living,Furniture,3,203.13,0.2,487.51,-40.79,23.88,Low
MRG-2025-12701,2025-09-14,2025-09-16,Europe,Spain,Consumer,Apparel,Activewear,8,127.78,0.3,715.57,-82.12,39.67,High
MRG-2025-10700,2025-09-14,2025-09-15,Europe,Germany,Corporate,Electronics,Accessories,7,263.09,0.05,1749.55,464.34,36.42,High
MRG-2025-11642,2025-09-14,2025-09-17,North America,Canada,Consumer,Electronics,Smart Home,8,354.5,0.1,2552.4,464.68,25.35,Low
MRG-2025-15467,2025-09-14,2025-09-19,APAC,Japan,Corporate,Home & Living,Bedding,1,214.19,0.3,149.93,2.12,8.72,High
MRG-2025-11711,2025-09-14,2025-09-17,Europe,United Kingdom,Consumer,Home & Living,Furniture,6,101.72,0.1,549.29,91.09,28.57,High
MRG-2025-10301,2025-09-15,2025-09-22,North America,Canada,Corporate,Apparel,Accessories,5,145.18,0.0,725.9,296.68,25.92,Medium
MRG-2025-10468,2025-09-15,2025-09-17,North America,Mexico,Corporate,Apparel,Outerwear,3,209.34,0.0,628.02,170.22,27.16,Low
MRG-2025-11513,2025-09-15,2025-09-19,APAC,Japan,Consumer,Electronics,Audio,1,116.87,0.1,105.18,7.94,16.53,Low
MRG-2025-12081,2025-09-15,2025-09-19,Europe,Spain,Consumer,Electronics,Audio,6,338.14,0.0,2028.84,406.57,35.75,Medium
MRG-2025-12203,2025-09-15,2025-09-23,Europe,United Kingdom,Home Office,Apparel,Activewear,2,107.29,0.2,171.66,-6.66,9.87,Medium
MRG-2025-15845,2025-09-15,2025-09-20,Europe,France,Corporate,Electronics,Wearables,10,416.98,0.0,4169.8,1008.7,11.75,High
MRG-2025-13693,2025-09-16,2025-09-20,North America,Canada,Corporate,Home & Living,Bedding,1,80.28,0.0,80.28,28.1,12.89,Medium
MRG-2025-14012,2025-09-16,2025-09-18,North America,United States,Consumer,Electronics,Accessories,7,120.52,0.05,801.46,242.75,52.38,Low
MRG-2025-11149,2025-09-16,2025-09-24,APAC,Australia,Consumer,Apparel,Activewear,7,253.09,0.1,1594.47,336.68,23.72,Medium
MRG-2025-14586,2025-09-16,2025-09-22,North America,United States,Consumer,Apparel,Activewear,2,302.54,0.1,544.57,180.55,17.25,Medium
MRG-2025-10842,2025-09-17,2025-09-21,North America,United States,Home Office,Electronics,Audio,2,75.29,0.0,150.58,21.55,11.41,High
MRG-2025-15324,2025-09-17,2025-09-19,North America,United States,Consumer,Apparel,Outerwear,7,90.79,0.2,508.42,112.55,12.83,Medium
MRG-2025-13556,2025-09-17,2025-09-18,North America,Canada,Consumer,Apparel,Accessories,1,398.27,0.1,358.44,63.94,19.84,Low
MRG-2025-11736,2025-09-17,2025-09-24,Europe,United Kingdom,Consumer,Electronics,Smart Home,3,406.38,0.2,975.31,177.26,11.91,Medium
MRG-2025-12185,2025-09-17,2025-09-19,Europe,Germany,Home Office,Electronics,Accessories,6,389.98,0.1,2105.89,326.88,42.69,Low
MRG-2025-11721,2025-09-17,2025-09-24,APAC,India,Consumer,Apparel,Outerwear,2,273.21,0.0,546.42,87.86,18.48,Medium
MRG-2025-10778,2025-09-17,2025-09-21,North America,Mexico,Consumer,Home & Living,Furniture,4,436.63,0.15,1484.54,90.33,20.06,Medium
MRG-2025-13082,2025-09-17,2025-09-20,Europe,France,Consumer,Apparel,Outerwear,5,307.8,0.3,1077.3,122.19,35.73,High
MRG-2025-13794,2025-09-17,2025-09-18,APAC,Singapore,Consumer,Electronics,Audio,8,151.86,0.05,1154.14,290.69,14.06,Low
MRG-2025-15376,2025-09-17,2025-09-22,North America,United States,Consumer,Apparel,Accessories,6,243.83,0.15,1243.53,-75.97,20.03,High
MRG-2025-14040,2025-09-18,2025-09-21,Europe,United Kingdom,Consumer,Home & Living,Decor,5,359.72,0.0,1798.6,582.91,33.19,High
MRG-2025-13266,2025-09-18,2025-09-26,North America,United States,Consumer,Apparel,Activewear,6,313.65,0.2,1505.52,383.26,16.16,High
MRG-2025-10597,2025-09-18,2025-09-24,Europe,France,Consumer,Apparel,Footwear,5,201.55,0.1,906.98,120.81,20.59,Medium
MRG-2025-14289,2025-09-18,2025-09-19,APAC,Australia,Consumer,Home & Living,Kitchenware,10,197.94,0.0,1979.4,461.19,15.62,Low
MRG-2025-11771,2025-09-19,2025-09-23,North America,Canada,Corporate,Electronics,Wearables,2,211.31,0.0,422.62,130.82,23.84,Low
MRG-2025-10520,2025-09-19,2025-09-25,Europe,France,Consumer,Apparel,Activewear,5,26.88,0.05,127.68,46.1,18.03,Medium
MRG-2025-11591,2025-09-19,2025-09-21,North America,United States,Corporate,Electronics,Audio,3,229.22,0.0,687.66,229.4,18.35,Low
MRG-2025-14926,2025-09-19,2025-09-22,North America,Canada,Corporate,Apparel,Footwear,9,228.74,0.3,1441.06,114.02,23.66,Low
MRG-2025-11999,2025-09-19,2025-09-22,North America,Mexico,Corporate,Home & Living,Kitchenware,7,181.87,0.2,1018.47,-139.37,34.85,Low
MRG-2025-13272,2025-09-19,2025-09-26,North America,Mexico,Corporate,Apparel,Activewear,10,151.67,0.0,1516.7,570.46,60.95,Medium
MRG-2025-11596,2025-09-20,2025-09-23,North America,United States,Consumer,Home & Living,Furniture,2,274.41,0.05,521.38,25.77,10.17,Low
MRG-2025-11798,2025-09-20,2025-09-22,Europe,France,Consumer,Electronics,Wearables,6,352.6,0.15,1798.26,32.81,25.95,Medium
MRG-2025-15336,2025-09-20,2025-09-21,North America,United States,Consumer,Apparel,Outerwear,4,24.46,0.15,83.16,8.69,18.85,Critical
MRG-2025-12475,2025-09-20,2025-09-23,Europe,France,Consumer,Home & Living,Bedding,4,46.19,0.05,175.52,22.75,29.71,High
MRG-2025-14242,2025-09-20,2025-09-22,North America,Canada,Consumer,Home & Living,Kitchenware,9,160.46,0.15,1227.52,53.73,70.15,Low
MRG-2025-15281,2025-09-20,2025-09-22,North America,Mexico,Consumer,Apparel,Accessories,9,429.55,0.3,2706.16,602.53,32.57,Low
MRG-2025-10635,2025-09-21,2025-09-25,North America,Canada,Consumer,Home & Living,Bedding,9,182.4,0.0,1641.6,347.23,37.88,High
MRG-2025-14554,2025-09-21,2025-09-22,Europe,United Kingdom,Consumer,Home & Living,Furniture,4,387.49,0.0,1549.96,181.23,29.77,Low
MRG-2025-10564,2025-09-22,2025-09-28,Europe,Germany,Home Office,Home & Living,Furniture,8,383.33,0.1,2759.98,876.08,34.69,Low
MRG-2025-13403,2025-09-22,2025-09-25,Europe,France,Home Office,Apparel,Footwear,7,205.29,0.2,1149.62,122.68,26.0,Medium
MRG-2025-15929,2025-09-22,2025-09-27,North America,Canada,Consumer,Home & Living,Furniture,10,46.37,0.2,370.96,33.81,44.95,Low
MRG-2025-13392,2025-09-22,2025-09-27,North America,Canada,Corporate,Home & Living,Decor,1,42.21,0.1,37.99,6.85,14.22,Low
MRG-2025-15270,2025-09-23,2025-10-01,APAC,Japan,Consumer,Home & Living,Bedding,9,348.11,0.0,3132.99,1041.58,59.34,High
MRG-2025-11231,2025-09-23,2025-10-01,APAC,Japan,Consumer,Electronics,Accessories,8,318.15,0.2,2036.16,-74.69,43.41,Medium
MRG-2025-15129,2025-09-24,2025-09-27,North America,Mexico,Consumer,Home & Living,Bedding,5,448.28,0.0,2241.4,617.06,28.46,Medium
MRG-2025-13381,2025-09-24,2025-10-02,North America,United States,Home Office,Apparel,Accessories,3,266.03,0.0,798.09,285.48,19.11,Medium
MRG-2025-14087,2025-09-24,2025-10-01,Europe,Germany,Home Office,Apparel,Footwear,1,327.72,0.0,327.72,98.96,7.38,Low
MRG-2025-13511,2025-09-24,2025-09-25,Europe,Spain,Consumer,Home & Living,Bedding,6,408.6,0.0,2451.6,328.89,28.4,Medium
MRG-2025-13836,2025-09-24,2025-10-01,North America,Mexico,Consumer,Home & Living,Furniture,4,242.29,0.1,872.24,130.96,13.11,High
MRG-2025-15965,2025-09-24,2025-09-30,Europe,Germany,Corporate,Electronics,Wearables,9,128.64,0.15,984.1,221.21,52.06,Low
MRG-2025-12712,2025-09-24,2025-10-02,Europe,France,Consumer,Electronics,Smart Home,11,153.46,0.0,1688.06,483.68,43.76,Medium
MRG-2025-11257,2025-09-25,2025-09-30,North America,United States,Consumer,Apparel,Activewear,9,298.44,0.1,2417.36,150.05,44.96,Medium
MRG-2025-11790,2025-09-25,2025-09-26,North America,United States,Consumer,Electronics,Smart Home,5,169.37,0.0,846.85,353.8,34.37,Low
MRG-2025-15999,2025-09-25,2025-10-01,Europe,United Kingdom,Corporate,Home & Living,Decor,10,248.9,0.2,1991.2,370.49,76.29,Low
MRG-2025-15188,2025-09-25,2025-09-27,Europe,Spain,Consumer,Home & Living,Bedding,6,233.79,0.0,1402.74,550.85,30.95,Low
MRG-2025-11406,2025-09-26,2025-09-28,Europe,Spain,Consumer,Electronics,Audio,11,336.32,0.0,3699.52,1154.69,81.33,Low
MRG-2025-15166,2025-09-26,2025-09-27,Europe,Spain,Consumer,Home & Living,Bedding,7,82.67,0.15,491.89,106.35,19.68,Medium
MRG-2025-10476,2025-09-26,2025-10-02,North America,Mexico,Consumer,Electronics,Audio,11,19.46,0.0,214.06,42.62,78.08,Medium
MRG-2025-13542,2025-09-26,2025-09-29,Europe,Spain,Consumer,Electronics,Accessories,7,293.46,0.0,2054.22,632.05,18.72,High
MRG-2025-14734,2025-09-27,2025-10-04,North America,United States,Consumer,Apparel,Outerwear,3,438.69,0.0,1316.07,163.24,23.53,Low
MRG-2025-13004,2025-09-27,2025-10-03,APAC,India,Consumer,Home & Living,Bedding,7,273.9,0.05,1821.43,379.5,43.6,High
MRG-2025-11905,2025-09-27,2025-10-03,Europe,Spain,Corporate,Apparel,Outerwear,7,67.59,0.3,331.19,-49.68,32.34,Medium
MRG-2025-13520,2025-09-28,2025-09-30,Europe,Germany,Home Office,Apparel,Footwear,5,318.87,0.05,1514.63,302.86,12.67,Medium
MRG-2025-14365,2025-09-28,2025-10-03,Europe,Spain,Corporate,Electronics,Wearables,5,182.44,0.0,912.2,200.73,29.6,Low
MRG-2025-14691,2025-09-28,2025-10-02,North America,Canada,Consumer,Apparel,Outerwear,4,124.79,0.1,449.24,16.9,23.35,High
MRG-2025-12287,2025-09-28,2025-10-03,North America,United States,Consumer,Apparel,Outerwear,10,327.94,0.1,2951.46,327.33,32.13,Medium
MRG-2025-13431,2025-09-28,2025-10-01,North America,United States,Consumer,Apparel,Accessories,9,440.45,0.0,3964.05,602.98,39.63,Low
MRG-2025-10721,2025-09-28,2025-10-04,North America,Mexico,Consumer,Apparel,Footwear,1,9.06,0.0,9.06,1.79,7.89,Medium
MRG-2025-10110,2025-09-29,2025-10-02,North America,Mexico,Consumer,Electronics,Accessories,11,176.28,0.2,1551.26,249.58,33.44,Medium
MRG-2025-14523,2025-09-29,2025-10-02,Europe,Spain,Consumer,Home & Living,Kitchenware,4,416.38,0.1,1498.97,207.76,29.76,Medium
MRG-2025-10716,2025-09-29,2025-10-06,North America,Mexico,Consumer,Electronics,Accessories,5,34.14,0.0,170.7,71.38,35.08,Medium
MRG-2025-10487,2025-09-29,2025-10-07,North America,United States,Consumer,Electronics,Wearables,1,272.29,0.0,272.29,61.51,12.31,Medium
MRG-2025-13147,2025-09-29,2025-10-05,Europe,Germany,Consumer,Apparel,Accessories,4,409.65,0.3,1147.02,-88.5,28.74,Low
MRG-2025-13945,2025-09-29,2025-10-01,North America,Canada,Consumer,Apparel,Footwear,8,245.08,0.0,1960.64,421.32,22.3,Medium
MRG-2025-11843,2025-09-30,2025-10-07,North America,Mexico,Corporate,Apparel,Activewear,11,8.65,0.0,95.15,33.14,76.19,Medium
MRG-2025-10085,2025-09-30,2025-10-08,Europe,France,Corporate,Apparel,Activewear,5,75.57,0.05,358.96,127.82,11.88,Medium
MRG-2025-10275,2025-09-30,2025-10-06,Europe,United Kingdom,Consumer,Home & Living,Furniture,6,275.03,0.0,1650.18,685.55,43.91,Low
MRG-2025-14361,2025-09-30,2025-10-05,APAC,Singapore,Corporate,Electronics,Wearables,2,101.91,0.3,142.67,-6.08,20.26,Low
MRG-2025-13436,2025-10-01,2025-10-09,Europe,United Kingdom,Corporate,Home & Living,Furniture,9,220.8,0.0,1987.2,655.33,51.84,Low
MRG-2025-14388,2025-10-01,2025-10-09,Europe,United Kingdom,Consumer,Apparel,Activewear,3,277.05,0.05,789.59,176.95,25.54,High
MRG-2025-12248,2025-10-01,2025-10-09,APAC,India,Consumer,Electronics,Smart Home,1,132.38,0.0,132.38,16.65,11.93,Medium
MRG-2025-14723,2025-10-01,2025-10-03,North America,Canada,Consumer,Home & Living,Furniture,8,394.42,0.15,2682.06,592.48,27.88,Medium
MRG-2025-10398,2025-10-01,2025-10-09,North America,United States,Corporate,Home & Living,Furniture,10,441.72,0.15,3754.62,801.15,70.39,High
MRG-2025-12339,2025-10-02,2025-10-06,APAC,Japan,Consumer,Home & Living,Decor,2,331.26,0.0,662.52,233.18,25.02,Low
MRG-2025-11567,2025-10-02,2025-10-08,APAC,Japan,Corporate,Apparel,Activewear,7,85.75,0.1,540.23,93.56,31.12,High
MRG-2025-14042,2025-10-02,2025-10-07,North America,Mexico,Consumer,Apparel,Footwear,9,63.09,0.1,511.03,137.51,23.38,Low
MRG-2025-12285,2025-10-02,2025-10-09,Europe,Spain,Consumer,Apparel,Footwear,5,47.1,0.15,200.17,1.5,25.82,High
MRG-2025-10535,2025-10-02,2025-10-03,North America,Mexico,Consumer,Home & Living,Furniture,3,419.72,0.0,1259.16,395.85,17.65,Low
MRG-2025-11352,2025-10-02,2025-10-09,Europe,France,Consumer,Electronics,Smart Home,8,308.92,0.05,2347.79,800.61,23.46,Medium
MRG-2025-11080,2025-10-02,2025-10-09,North America,United States,Consumer,Electronics,Wearables,1,295.55,0.0,295.55,123.91,15.37,Low
MRG-2025-14709,2025-10-02,2025-10-06,APAC,Japan,Home Office,Apparel,Footwear,2,113.81,0.0,227.62,38.5,12.7,Low
MRG-2025-13465,2025-10-02,2025-10-05,North America,Canada,Consumer,Apparel,Accessories,8,362.03,0.0,2896.24,491.22,44.15,Low
MRG-2025-14209,2025-10-02,2025-10-10,North America,Mexico,Consumer,Home & Living,Decor,9,139.69,0.2,1005.77,58.26,44.01,High
MRG-2025-10269,2025-10-03,2025-10-04,North America,Mexico,Consumer,Apparel,Footwear,2,429.32,0.0,858.64,125.74,20.61,Low
MRG-2025-10781,2025-10-03,2025-10-08,Europe,Spain,Corporate,Electronics,Wearables,10,22.1,0.3,154.7,-19.15,22.13,Low
MRG-2025-11918,2025-10-03,2025-10-09,Europe,Spain,Consumer,Home & Living,Bedding,5,88.27,0.3,308.94,-29.2,33.06,Low
MRG-2025-14504,2025-10-03,2025-10-05,APAC,Singapore,Corporate,Apparel,Accessories,3,338.13,0.0,1014.39,269.42,14.51,High
MRG-2025-14957,2025-10-03,2025-10-05,Europe,Germany,Consumer,Apparel,Footwear,4,278.03,0.05,1056.51,100.81,13.51,Low
MRG-2025-11522,2025-10-04,2025-10-06,North America,Canada,Corporate,Electronics,Smart Home,9,48.34,0.3,304.54,-37.08,34.94,Low
MRG-2025-11631,2025-10-04,2025-10-06,North America,Canada,Consumer,Apparel,Outerwear,6,140.77,0.15,717.93,68.05,25.52,Low
MRG-2025-14895,2025-10-04,2025-10-12,North America,United States,Consumer,Electronics,Accessories,4,288.06,0.0,1152.24,377.39,7.41,Medium
MRG-2025-13388,2025-10-04,2025-10-10,North America,Mexico,Corporate,Electronics,Smart Home,8,159.44,0.3,892.86,-9.27,42.1,Medium
MRG-2025-15881,2025-10-05,2025-10-09,Europe,United Kingdom,Consumer,Apparel,Outerwear,7,334.32,0.15,1989.2,562.67,15.98,High
MRG-2025-13209,2025-10-05,2025-10-11,North America,Canada,Consumer,Home & Living,Bedding,8,281.25,0.0,2250.0,721.8,39.69,Low
MRG-2025-11043,2025-10-05,2025-10-09,APAC,Singapore,Corporate,Apparel,Activewear,11,164.31,0.1,1626.67,-22.53,25.08,Medium
MRG-2025-13079,2025-10-05,2025-10-06,APAC,Japan,Corporate,Electronics,Smart Home,7,188.85,0.0,1321.95,123.19,59.19,Medium
MRG-2025-13287,2025-10-06,2025-10-10,North America,United States,Consumer,Home & Living,Decor,5,23.85,0.0,119.25,41.08,23.09,Medium
MRG-2025-11075,2025-10-06,2025-10-14,Europe,France,Home Office,Electronics,Audio,3,111.8,0.1,301.86,97.33,7.19,Low
MRG-2025-15859,2025-10-06,2025-10-13,North America,Mexico,Corporate,Apparel,Footwear,8,317.06,0.0,2536.48,744.07,54.24,Medium
MRG-2025-13719,2025-10-06,2025-10-08,APAC,Australia,Consumer,Apparel,Outerwear,9,177.32,0.0,1595.88,146.95,40.36,High
MRG-2025-10402,2025-10-06,2025-10-10,North America,Mexico,Corporate,Home & Living,Kitchenware,3,125.14,0.0,375.42,87.12,17.47,Low
MRG-2025-10672,2025-10-07,2025-10-12,North America,Canada,Consumer,Electronics,Smart Home,3,371.91,0.1,1004.16,251.3,11.7,Low
MRG-2025-13068,2025-10-07,2025-10-14,Europe,France,Consumer,Electronics,Smart Home,11,91.7,0.3,706.09,-1.79,73.06,Low
MRG-2025-13875,2025-10-07,2025-10-15,North America,United States,Consumer,Electronics,Wearables,3,434.72,0.15,1108.54,179.36,29.99,High
MRG-2025-12730,2025-10-07,2025-10-08,Europe,United Kingdom,Corporate,Apparel,Outerwear,10,47.08,0.0,470.8,64.43,23.45,Medium
MRG-2025-11611,2025-10-08,2025-10-09,North America,United States,Home Office,Home & Living,Decor,2,391.81,0.0,783.62,150.23,17.61,High
MRG-2025-12555,2025-10-08,2025-10-16,North America,Canada,Consumer,Home & Living,Decor,8,90.21,0.1,649.51,102.94,60.58,Low
MRG-2025-11869,2025-10-08,2025-10-13,North America,Mexico,Consumer,Apparel,Accessories,8,125.61,0.1,904.39,109.77,49.01,Medium
MRG-2025-10934,2025-10-09,2025-10-10,North America,Mexico,Corporate,Home & Living,Bedding,6,377.3,0.2,1811.04,-17.37,24.72,Medium
MRG-2025-15596,2025-10-09,2025-10-17,North America,United States,Corporate,Home & Living,Bedding,9,79.31,0.0,713.79,140.98,49.43,Critical
MRG-2025-10339,2025-10-09,2025-10-16,North America,Canada,Corporate,Apparel,Accessories,2,303.47,0.0,606.94,216.31,20.49,Medium
MRG-2025-15979,2025-10-09,2025-10-15,North America,Canada,Consumer,Apparel,Outerwear,10,361.29,0.2,2890.32,231.5,30.93,Low
MRG-2025-12079,2025-10-09,2025-10-17,APAC,Japan,Corporate,Electronics,Wearables,5,446.85,0.0,2234.25,388.53,19.98,Medium
MRG-2025-12159,2025-10-10,2025-10-12,APAC,India,Corporate,Apparel,Accessories,4,303.43,0.0,1213.72,100.15,21.24,Low
MRG-2025-12265,2025-10-10,2025-10-13,Europe,Germany,Consumer,Home & Living,Kitchenware,4,232.01,0.0,928.04,85.17,21.76,Medium
MRG-2025-11722,2025-10-10,2025-10-15,North America,Mexico,Consumer,Electronics,Smart Home,2,219.9,0.15,373.83,100.06,13.72,Medium
MRG-2025-14139,2025-10-11,2025-10-15,North America,Canada,Corporate,Home & Living,Decor,10,312.68,0.05,2970.46,685.21,46.72,Medium
MRG-2025-14315,2025-10-11,2025-10-14,Europe,Germany,Consumer,Home & Living,Furniture,6,354.27,0.3,1487.93,49.18,37.45,Medium
MRG-2025-13574,2025-10-11,2025-10-18,Europe,Spain,Consumer,Electronics,Smart Home,8,56.4,0.3,315.84,-42.01,16.52,Low
MRG-2025-13501,2025-10-11,2025-10-18,Europe,Spain,Consumer,Electronics,Audio,9,349.18,0.0,3142.62,1245.02,49.89,High
MRG-2025-14929,2025-10-11,2025-10-18,Europe,Germany,Corporate,Apparel,Footwear,6,214.25,0.2,1028.4,233.37,37.82,Critical
MRG-2025-12530,2025-10-11,2025-10-15,North America,United States,Home Office,Apparel,Footwear,8,71.63,0.05,544.39,120.28,42.65,Low
MRG-2025-13080,2025-10-11,2025-10-18,North America,Mexico,Consumer,Electronics,Wearables,9,237.55,0.3,1496.56,-224.48,28.7,Low
MRG-2025-10173,2025-10-11,2025-10-14,North America,Mexico,Consumer,Electronics,Accessories,9,134.02,0.2,964.94,-23.62,46.84,Medium
MRG-2025-11976,2025-10-12,2025-10-13,Europe,Spain,Home Office,Home & Living,Furniture,9,56.41,0.05,482.31,49.48,66.27,Low
MRG-2025-15396,2025-10-12,2025-10-16,APAC,Singapore,Corporate,Electronics,Accessories,5,430.06,0.1,1935.27,222.84,29.52,Medium
MRG-2025-11439,2025-10-12,2025-10-17,North America,Canada,Corporate,Apparel,Footwear,3,46.07,0.2,110.57,-2.49,8.99,Critical
MRG-2025-12890,2025-10-12,2025-10-16,North America,Canada,Home Office,Apparel,Accessories,9,240.01,0.2,1728.07,74.46,55.3,Low
MRG-2025-11179,2025-10-12,2025-10-13,Europe,United Kingdom,Corporate,Apparel,Accessories,4,334.72,0.15,1138.05,151.92,25.34,Medium
MRG-2025-10766,2025-10-12,2025-10-17,APAC,India,Consumer,Home & Living,Bedding,11,146.45,0.1,1449.86,355.41,71.99,Critical
MRG-2025-13755,2025-10-12,2025-10-18,North America,Canada,Consumer,Apparel,Outerwear,1,335.65,0.1,302.08,19.23,12.71,High
MRG-2025-12510,2025-10-13,2025-10-19,APAC,Singapore,Consumer,Home & Living,Decor,10,177.5,0.15,1508.75,241.09,47.86,Low
MRG-2025-11846,2025-10-13,2025-10-18,North America,United States,Consumer,Electronics,Audio,6,237.93,0.2,1142.06,103.86,40.66,Medium
MRG-2025-10279,2025-10-13,2025-10-19,North America,Canada,Corporate,Home & Living,Furniture,8,338.57,0.0,2708.56,543.43,25.49,Medium
MRG-2025-11994,2025-10-13,2025-10-20,Europe,Spain,Consumer,Home & Living,Kitchenware,4,38.26,0.3,107.13,-5.89,8.55,Low
MRG-2025-12579,2025-10-13,2025-10-18,APAC,Japan,Consumer,Apparel,Activewear,11,341.59,0.15,3193.87,741.47,65.39,Low
MRG-2025-10949,2025-10-14,2025-10-18,APAC,Australia,Corporate,Electronics,Accessories,2,240.94,0.0,481.88,145.52,11.65,High
MRG-2025-10109,2025-10-14,2025-10-21,North America,United States,Corporate,Electronics,Accessories,2,27.53,0.3,38.54,-0.06,21.91,Medium
MRG-2025-11062,2025-10-14,2025-10-17,North America,Mexico,Consumer,Apparel,Outerwear,11,313.54,0.05,3276.49,673.49,56.97,Low
MRG-2025-11675,2025-10-14,2025-10-22,North America,United States,Home Office,Apparel,Accessories,4,20.83,0.1,74.99,3.05,25.0,Medium
MRG-2025-12910,2025-10-14,2025-10-18,Europe,France,Home Office,Apparel,Accessories,5,277.77,0.05,1319.41,345.5,17.83,High
MRG-2025-12416,2025-10-15,2025-10-23,Europe,Germany,Consumer,Electronics,Smart Home,6,448.22,0.0,2689.32,353.43,25.77,Medium
MRG-2025-14863,2025-10-15,2025-10-18,North America,Canada,Consumer,Apparel,Outerwear,4,19.24,0.0,76.96,6.78,16.84,High
MRG-2025-11560,2025-10-15,2025-10-18,North America,Canada,Consumer,Apparel,Outerwear,10,158.87,0.0,1588.7,256.74,74.81,Medium
MRG-2025-10469,2025-10-15,2025-10-18,North America,Canada,Consumer,Home & Living,Decor,2,309.36,0.0,618.72,91.82,12.46,Medium
MRG-2025-12088,2025-10-15,2025-10-23,North America,Mexico,Home Office,Apparel,Accessories,3,121.74,0.0,365.22,146.31,17.66,High
MRG-2025-12832,2025-10-15,2025-10-23,Europe,United Kingdom,Consumer,Electronics,Wearables,11,83.19,0.05,869.34,92.48,28.43,High
MRG-2025-10144,2025-10-15,2025-10-22,APAC,Australia,Consumer,Home & Living,Decor,8,354.04,0.0,2832.32,1110.03,50.05,Low
MRG-2025-14138,2025-10-16,2025-10-17,Europe,United Kingdom,Home Office,Home & Living,Kitchenware,11,326.99,0.0,3596.89,1127.67,58.88,High
MRG-2025-14154,2025-10-16,2025-10-21,North America,United States,Home Office,Home & Living,Furniture,2,210.33,0.0,420.66,136.24,21.61,Low
MRG-2025-13307,2025-10-16,2025-10-20,Europe,Germany,Corporate,Home & Living,Bedding,5,229.02,0.05,1087.84,114.48,31.25,Medium
MRG-2025-15600,2025-10-16,2025-10-18,North America,Canada,Corporate,Home & Living,Bedding,2,139.26,0.15,236.74,40.39,13.13,Medium
MRG-2025-14647,2025-10-16,2025-10-18,Europe,United Kingdom,Corporate,Home & Living,Bedding,3,202.26,0.0,606.78,197.13,26.0,Medium
MRG-2025-15747,2025-10-16,2025-10-23,North America,United States,Consumer,Home & Living,Furniture,8,32.72,0.0,261.76,43.37,20.93,Medium
MRG-2025-11950,2025-10-17,2025-10-18,Europe,Spain,Corporate,Electronics,Accessories,5,384.8,0.0,1924.0,602.94,18.26,High
MRG-2025-15351,2025-10-17,2025-10-21,North America,United States,Corporate,Home & Living,Kitchenware,6,358.48,0.05,2043.34,211.29,26.93,Low
MRG-2025-15030,2025-10-17,2025-10-19,North America,Mexico,Corporate,Home & Living,Bedding,5,407.99,0.15,1733.96,388.63,32.26,Low
MRG-2025-14159,2025-10-18,2025-10-19,Europe,United Kingdom,Consumer,Electronics,Audio,7,83.08,0.1,523.4,18.12,20.37,High
MRG-2025-11574,2025-10-18,2025-10-21,North America,Canada,Consumer,Apparel,Footwear,2,205.94,0.15,350.1,74.35,23.19,Medium
MRG-2025-13166,2025-10-18,2025-10-20,North America,Canada,Consumer,Electronics,Accessories,5,278.32,0.15,1182.86,157.66,35.81,Low
MRG-2025-15926,2025-10-18,2025-10-22,North America,Canada,Consumer,Electronics,Wearables,1,294.41,0.05,279.69,72.01,11.51,Medium
MRG-2025-15863,2025-10-19,2025-10-27,North America,Mexico,Consumer,Electronics,Accessories,3,251.8,0.3,528.78,-79.32,14.35,Medium
MRG-2025-15937,2025-10-19,2025-10-21,Europe,United Kingdom,Consumer,Apparel,Activewear,1,436.29,0.1,392.66,-0.62,16.0,Medium
MRG-2025-14386,2025-10-19,2025-10-22,North America,Canada,Consumer,Electronics,Wearables,3,184.02,0.1,496.85,43.11,23.05,Medium
MRG-2025-14617,2025-10-19,2025-10-22,Europe,Spain,Home Office,Apparel,Activewear,7,264.81,0.0,1853.67,751.9,25.85,Low
MRG-2025-11079,2025-10-20,2025-10-27,Europe,Spain,Home Office,Electronics,Audio,1,434.95,0.15,369.71,116.31,8.75,High
MRG-2025-11935,2025-10-20,2025-10-27,APAC,India,Corporate,Home & Living,Bedding,9,54.55,0.0,490.95,124.81,58.24,Low
MRG-2025-11607,2025-10-20,2025-10-26,North America,Canada,Corporate,Home & Living,Decor,1,104.79,0.2,83.83,12.59,16.09,Low
MRG-2025-13230,2025-10-20,2025-10-22,APAC,Japan,Home Office,Apparel,Footwear,11,226.85,0.15,2121.05,104.13,55.83,Medium
MRG-2025-12208,2025-10-20,2025-10-24,North America,United States,Consumer,Apparel,Footwear,7,181.47,0.0,1270.29,272.17,32.0,Medium
MRG-2025-15835,2025-10-20,2025-10-26,North America,Canada,Consumer,Apparel,Footwear,8,268.52,0.0,2148.16,228.67,16.89,Medium
MRG-2025-12150,2025-10-20,2025-10-24,North America,United States,Consumer,Home & Living,Bedding,10,372.72,0.3,2609.04,153.15,50.16,Medium
MRG-2025-15086,2025-10-20,2025-10-21,Europe,United Kingdom,Consumer,Electronics,Smart Home,9,368.17,0.15,2816.5,626.64,38.07,Critical
MRG-2025-12571,2025-10-21,2025-10-26,APAC,India,Consumer,Electronics,Accessories,10,208.47,0.0,2084.7,749.22,77.25,Medium
MRG-2025-12689,2025-10-21,2025-10-28,Europe,Spain,Consumer,Apparel,Accessories,9,172.38,0.15,1318.71,108.8,54.64,Medium
MRG-2025-14935,2025-10-21,2025-10-28,North America,Mexico,Consumer,Apparel,Footwear,11,329.15,0.1,3258.59,271.3,74.48,High
MRG-2025-11472,2025-10-21,2025-10-22,North America,United States,Consumer,Electronics,Accessories,6,279.15,0.1,1507.41,387.95,37.01,Low
MRG-2025-14821,2025-10-21,2025-10-22,North America,Mexico,Consumer,Electronics,Audio,8,133.36,0.15,906.85,202.8,33.92,Low
MRG-2025-10445,2025-10-21,2025-10-26,North America,Canada,Consumer,Home & Living,Kitchenware,3,252.23,0.1,681.02,9.17,19.97,Medium
MRG-2025-12666,2025-10-21,2025-10-26,Europe,United Kingdom,Home Office,Apparel,Outerwear,5,331.31,0.0,1656.55,184.02,34.17,Medium
MRG-2025-11773,2025-10-21,2025-10-23,Europe,United Kingdom,Corporate,Electronics,Wearables,7,12.46,0.3,61.05,14.35,32.23,High
MRG-2025-11635,2025-10-21,2025-10-26,North America,Canada,Corporate,Home & Living,Furniture,9,263.14,0.2,1894.61,248.62,56.75,Low
MRG-2025-11832,2025-10-22,2025-10-26,Europe,United Kingdom,Consumer,Home & Living,Bedding,10,41.87,0.3,293.09,7.31,59.78,High
MRG-2025-15849,2025-10-22,2025-10-29,APAC,Japan,Consumer,Home & Living,Decor,5,41.94,0.1,188.73,14.97,14.68,Medium
MRG-2025-12786,2025-10-22,2025-10-24,North America,Mexico,Home Office,Electronics,Accessories,10,252.16,0.0,2521.6,265.56,47.91,Critical
MRG-2025-11235,2025-10-22,2025-10-23,Europe,United Kingdom,Corporate,Electronics,Audio,2,106.59,0.0,213.18,74.6,8.07,Critical
MRG-2025-12669,2025-10-22,2025-10-30,North America,United States,Corporate,Apparel,Activewear,9,243.7,0.1,1973.97,452.43,28.22,Low
MRG-2025-10854,2025-10-22,2025-10-29,Europe,Spain,Consumer,Electronics,Wearables,11,227.31,0.2,2000.33,87.97,34.1,Low
MRG-2025-11694,2025-10-22,2025-10-24,APAC,Australia,Consumer,Apparel,Activewear,8,302.53,0.1,2178.22,667.58,48.92,High
MRG-2025-10599,2025-10-23,2025-10-26,Europe,Germany,Consumer,Home & Living,Decor,3,62.76,0.0,188.28,74.36,27.01,Low
MRG-2025-14470,2025-10-23,2025-10-26,Europe,Germany,Consumer,Electronics,Smart Home,10,120.95,0.3,846.65,136.58,60.71,High
MRG-2025-13860,2025-10-24,2025-10-27,Europe,United Kingdom,Consumer,Electronics,Accessories,3,435.6,0.1,1176.12,259.15,19.79,Medium
MRG-2025-12254,2025-10-24,2025-10-28,Europe,Germany,Consumer,Electronics,Accessories,8,65.1,0.0,520.8,158.81,19.98,Low
MRG-2025-15066,2025-10-24,2025-10-25,North America,Mexico,Corporate,Electronics,Accessories,9,385.73,0.0,3471.57,293.22,25.99,High
MRG-2025-10616,2025-10-24,2025-11-01,Europe,France,Consumer,Apparel,Accessories,4,220.09,0.15,748.31,156.26,24.04,Low
MRG-2025-15936,2025-10-24,2025-11-01,North America,Mexico,Corporate,Electronics,Audio,3,88.3,0.3,185.43,21.89,9.89,High
MRG-2025-11699,2025-10-25,2025-10-31,Europe,Spain,Corporate,Apparel,Footwear,2,395.07,0.0,790.14,223.3,11.15,Medium
MRG-2025-13380,2025-10-25,2025-11-01,North America,Mexico,Consumer,Home & Living,Decor,1,318.72,0.3,223.1,17.08,16.44,High
MRG-2025-10377,2025-10-25,2025-10-30,North America,Mexico,Corporate,Apparel,Activewear,1,259.3,0.0,259.3,41.4,18.17,Low
MRG-2025-15315,2025-10-25,2025-10-30,North America,Mexico,Consumer,Electronics,Smart Home,5,144.45,0.15,613.91,181.53,26.54,Medium
MRG-2025-12236,2025-10-25,2025-10-30,North America,Canada,Consumer,Apparel,Footwear,9,129.73,0.05,1109.19,293.78,49.54,Low
MRG-2025-11318,2025-10-26,2025-10-27,Europe,Germany,Consumer,Apparel,Outerwear,9,170.04,0.0,1530.36,224.13,43.98,Low
MRG-2025-10041,2025-10-26,2025-10-29,North America,Mexico,Consumer,Apparel,Activewear,9,288.51,0.1,2336.93,330.44,28.01,Medium
MRG-2025-15836,2025-10-26,2025-11-03,North America,Canada,Corporate,Apparel,Accessories,6,85.81,0.1,463.37,120.05,51.99,Low
MRG-2025-13923,2025-10-26,2025-10-27,North America,Canada,Home Office,Electronics,Smart Home,9,415.0,0.2,2988.0,738.81,43.02,Medium
MRG-2025-10375,2025-10-26,2025-10-31,APAC,Japan,Home Office,Apparel,Footwear,1,183.45,0.2,146.76,26.88,7.09,High
MRG-2025-14642,2025-10-26,2025-10-28,North America,Canada,Consumer,Apparel,Outerwear,1,323.91,0.3,226.74,-34.01,7.81,Low
MRG-2025-10486,2025-10-27,2025-11-04,North America,Canada,Consumer,Home & Living,Bedding,7,288.05,0.15,1713.9,146.27,33.46,Low
MRG-2025-13243,2025-10-27,2025-11-01,Europe,France,Home Office,Home & Living,Decor,9,258.02,0.15,1973.85,529.88,37.81,Low
MRG-2025-11789,2025-10-27,2025-10-30,North America,Canada,Corporate,Apparel,Activewear,9,66.84,0.05,571.48,121.08,23.86,Low
MRG-2025-10873,2025-10-28,2025-11-02,North America,United States,Corporate,Home & Living,Decor,8,289.25,0.05,2198.3,367.0,40.58,Low
MRG-2025-13947,2025-10-28,2025-11-02,Europe,France,Consumer,Home & Living,Decor,7,88.38,0.1,556.79,99.89,38.6,Medium
MRG-2025-12737,2025-10-28,2025-11-05,North America,Mexico,Corporate,Electronics,Audio,9,439.12,0.0,3952.08,864.04,53.95,Medium
MRG-2025-15458,2025-10-28,2025-10-30,North America,Mexico,Corporate,Home & Living,Furniture,5,444.88,0.1,2001.96,259.56,39.47,Low
MRG-2025-14498,2025-10-29,2025-11-02,Europe,United Kingdom,Consumer,Home & Living,Bedding,10,299.96,0.05,2849.62,767.94,39.42,Low
MRG-2025-12000,2025-10-29,2025-10-30,North America,Mexico,Consumer,Apparel,Footwear,11,364.06,0.0,4004.66,1256.18,24.83,Low
MRG-2025-13039,2025-10-30,2025-11-06,Europe,United Kingdom,Consumer,Home & Living,Decor,7,218.57,0.0,1529.99,284.73,17.26,Low
MRG-2025-12114,2025-10-30,2025-11-05,North America,Mexico,Corporate,Home & Living,Kitchenware,9,36.47,0.3,229.76,-8.7,46.33,High
MRG-2025-15839,2025-10-30,2025-11-04,APAC,Australia,Home Office,Home & Living,Furniture,7,358.14,0.3,1754.89,-191.85,36.2,High
MRG-2025-10852,2025-10-30,2025-10-31,North America,United States,Corporate,Apparel,Outerwear,9,107.16,0.0,964.44,303.51,41.79,Medium
MRG-2025-15135,2025-10-30,2025-11-04,North America,United States,Consumer,Electronics,Accessories,3,175.64,0.15,447.88,115.32,15.57,High
MRG-2025-11317,2025-10-31,2025-11-03,APAC,Japan,Home Office,Electronics,Wearables,3,377.48,0.3,792.71,-97.53,22.2,Low
MRG-2025-12901,2025-10-31,2025-11-03,North America,United States,Consumer,Apparel,Footwear,6,180.9,0.3,759.78,-113.97,30.76,Medium
MRG-2025-15021,2025-10-31,2025-11-06,North America,Canada,Corporate,Home & Living,Decor,9,190.82,0.3,1202.17,-180.33,22.49,Critical
MRG-2025-12997,2025-10-31,2025-11-08,North America,Mexico,Consumer,Electronics,Wearables,11,73.67,0.0,810.37,215.27,51.15,Medium
MRG-2025-13405,2025-10-31,2025-11-07,Europe,Germany,Corporate,Home & Living,Furniture,6,237.81,0.3,998.8,85.41,29.15,Critical
MRG-2025-10348,2025-10-31,2025-11-07,North America,Mexico,Consumer,Apparel,Accessories,2,79.42,0.0,158.84,26.95,14.76,Medium
MRG-2025-14202,2025-11-01,2025-11-06,North America,Canada,Home Office,Home & Living,Decor,6,76.37,0.0,458.22,121.72,41.44,Low
MRG-2025-13099,2025-11-01,2025-11-09,North America,United States,Home Office,Electronics,Accessories,8,228.87,0.1,1647.86,277.95,61.6,Low
MRG-2025-12708,2025-11-01,2025-11-03,North America,United States,Consumer,Electronics,Smart Home,2,198.53,0.0,397.06,62.92,3.97,High
MRG-2025-11195,2025-11-01,2025-11-09,Europe,Spain,Home Office,Home & Living,Bedding,9,262.88,0.0,2365.92,688.6,56.1,Medium
MRG-2025-11136,2025-11-02,2025-11-04,North America,Canada,Corporate,Apparel,Activewear,7,300.17,0.3,1470.83,98.23,19.53,Low
MRG-2025-11056,2025-11-02,2025-11-04,North America,Canada,Corporate,Apparel,Footwear,6,24.17,0.05,137.77,43.46,32.29,Low
MRG-2025-13455,2025-11-02,2025-11-07,APAC,Singapore,Home Office,Apparel,Outerwear,4,338.45,0.1,1218.42,361.18,19.25,Medium
MRG-2025-13098,2025-11-03,2025-11-08,Europe,United Kingdom,Home Office,Apparel,Activewear,2,397.92,0.0,795.84,250.59,9.34,High
MRG-2025-13766,2025-11-03,2025-11-08,North America,United States,Corporate,Home & Living,Decor,11,210.08,0.3,1617.62,30.35,22.47,Medium
MRG-2025-15898,2025-11-03,2025-11-06,North America,Mexico,Consumer,Home & Living,Bedding,1,447.02,0.2,357.62,-26.29,17.22,Low
MRG-2025-14428,2025-11-03,2025-11-09,Europe,Spain,Consumer,Home & Living,Kitchenware,1,268.0,0.2,214.4,11.18,6.73,Low
MRG-2025-11141,2025-11-03,2025-11-11,North America,Mexico,Consumer,Electronics,Accessories,10,256.64,0.15,2181.44,-46.68,60.04,Medium
MRG-2025-14792,2025-11-03,2025-11-05,North America,Mexico,Consumer,Electronics,Wearables,5,87.62,0.05,416.19,74.46,36.44,Medium
MRG-2025-15293,2025-11-03,2025-11-07,North America,United States,Consumer,Apparel,Accessories,4,40.26,0.0,161.04,59.39,26.12,Medium
MRG-2025-12128,2025-11-04,2025-11-12,Europe,Germany,Consumer,Home & Living,Kitchenware,9,364.46,0.1,2952.13,940.91,27.22,Medium
MRG-2025-11464,2025-11-05,2025-11-06,North America,Canada,Home Office,Home & Living,Decor,5,140.56,0.05,667.66,217.71,14.61,Low
MRG-2025-13374,2025-11-05,2025-11-07,Europe,Germany,Consumer,Apparel,Activewear,3,436.47,0.0,1309.41,484.26,14.2,High
MRG-2025-14116,2025-11-05,2025-11-07,APAC,Australia,Consumer,Home & Living,Decor,3,84.46,0.15,215.37,58.42,21.5,Medium
MRG-2025-15907,2025-11-05,2025-11-06,North America,Canada,Consumer,Home & Living,Furniture,1,283.4,0.0,283.4,115.48,6.34,High
MRG-2025-14680,2025-11-05,2025-11-08,North America,Mexico,Corporate,Home & Living,Decor,10,403.53,0.2,3228.24,597.56,68.71,High
MRG-2025-10881,2025-11-06,2025-11-11,North America,Canada,Consumer,Electronics,Wearables,5,168.09,0.15,714.38,14.23,33.7,Medium
MRG-2025-13095,2025-11-06,2025-11-07,North America,United States,Corporate,Home & Living,Bedding,8,366.15,0.15,2489.82,397.01,45.16,Critical
MRG-2025-11059,2025-11-06,2025-11-13,North America,United States,Home Office,Apparel,Outerwear,7,180.38,0.1,1136.39,25.08,14.99,Medium
MRG-2025-15483,2025-11-06,2025-11-09,Europe,France,Consumer,Apparel,Outerwear,5,86.19,0.0,430.95,88.28,27.75,High
MRG-2025-11192,2025-11-07,2025-11-12,North America,Mexico,Corporate,Electronics,Audio,5,294.7,0.0,1473.5,439.21,24.63,Critical
MRG-2025-11731,2025-11-07,2025-11-10,North America,Mexico,Consumer,Electronics,Wearables,8,369.94,0.0,2959.52,458.09,22.13,Medium
MRG-2025-13593,2025-11-07,2025-11-09,North America,Mexico,Home Office,Electronics,Audio,10,172.09,0.0,1720.9,303.69,27.36,Medium
MRG-2025-11142,2025-11-07,2025-11-08,North America,Canada,Consumer,Home & Living,Bedding,4,373.0,0.0,1492.0,122.92,27.55,Low
MRG-2025-10321,2025-11-08,2025-11-15,North America,Mexico,Consumer,Home & Living,Furniture,7,18.95,0.0,132.65,30.01,24.8,Low
MRG-2025-12791,2025-11-08,2025-11-14,North America,United States,Consumer,Apparel,Outerwear,9,319.17,0.1,2585.28,656.44,26.99,Low
MRG-2025-13344,2025-11-08,2025-11-13,Europe,Germany,Consumer,Electronics,Wearables,10,399.86,0.0,3998.6,785.38,25.24,Medium
MRG-2025-15538,2025-11-08,2025-11-14,North America,Canada,Consumer,Home & Living,Furniture,3,122.75,0.05,349.84,73.29,13.25,Medium
MRG-2025-14328,2025-11-09,2025-11-16,North America,United States,Consumer,Electronics,Smart Home,9,328.14,0.2,2362.61,-168.96,26.54,High
MRG-2025-15780,2025-11-09,2025-11-13,APAC,Singapore,Consumer,Apparel,Accessories,6,317.54,0.0,1905.24,552.08,28.37,Medium
MRG-2025-15033,2025-11-09,2025-11-17,North America,Mexico,Consumer,Electronics,Accessories,3,401.83,0.05,1145.22,128.64,18.64,High
MRG-2025-12412,2025-11-09,2025-11-12,Europe,Spain,Consumer,Apparel,Footwear,9,380.03,0.3,2394.19,-42.35,30.42,Low
MRG-2025-13026,2025-11-10,2025-11-17,APAC,Singapore,Corporate,Apparel,Outerwear,9,419.87,0.0,3778.83,967.86,11.08,High
MRG-2025-12878,2025-11-11,2025-11-15,Europe,France,Consumer,Apparel,Outerwear,3,134.65,0.15,343.36,88.8,16.48,High
MRG-2025-14008,2025-11-11,2025-11-19,Europe,United Kingdom,Consumer,Apparel,Activewear,2,380.21,0.0,760.42,156.54,11.08,High
MRG-2025-12264,2025-11-11,2025-11-16,North America,United States,Home Office,Electronics,Wearables,3,375.92,0.3,789.43,-19.1,15.81,Low
MRG-2025-10384,2025-11-11,2025-11-17,North America,Canada,Consumer,Apparel,Outerwear,2,279.21,0.0,558.42,157.11,7.52,Low
MRG-2025-11408,2025-11-11,2025-11-13,Europe,Spain,Consumer,Home & Living,Decor,3,89.94,0.1,242.84,18.21,19.15,Medium
MRG-2025-15054,2025-11-11,2025-11-18,Europe,Germany,Consumer,Home & Living,Furniture,8,127.75,0.0,1022.0,215.26,36.85,Medium
MRG-2025-11158,2025-11-12,2025-11-13,Europe,Germany,Consumer,Home & Living,Furniture,9,442.81,0.0,3985.29,1118.46,23.14,Low
MRG-2025-14746,2025-11-12,2025-11-13,Europe,United Kingdom,Consumer,Home & Living,Kitchenware,5,386.56,0.0,1932.8,375.28,26.06,Medium
MRG-2025-15104,2025-11-12,2025-11-17,North America,Mexico,Consumer,Apparel,Footwear,9,402.85,0.3,2537.95,152.0,42.49,High
MRG-2025-15194,2025-11-12,2025-11-19,North America,United States,Home Office,Home & Living,Kitchenware,5,350.08,0.2,1400.32,-6.7,19.33,Medium
MRG-2025-12108,2025-11-12,2025-11-18,North America,United States,Corporate,Electronics,Wearables,9,258.83,0.0,2329.47,611.21,40.75,Medium
MRG-2025-15633,2025-11-12,2025-11-18,North America,United States,Consumer,Apparel,Accessories,9,155.75,0.0,1401.75,181.11,12.56,Low
MRG-2025-14184,2025-11-12,2025-11-20,Europe,United Kingdom,Corporate,Apparel,Footwear,2,360.17,0.0,720.34,294.71,10.8,Medium
MRG-2025-14145,2025-11-13,2025-11-16,Europe,Germany,Consumer,Electronics,Audio,7,61.45,0.3,301.1,15.16,19.69,Low
MRG-2025-15240,2025-11-13,2025-11-19,North America,United States,Consumer,Electronics,Accessories,3,164.47,0.0,493.41,200.36,11.63,Medium
MRG-2025-13562,2025-11-13,2025-11-16,North America,Mexico,Consumer,Apparel,Footwear,11,170.01,0.0,1870.11,376.7,62.5,Low
MRG-2025-13937,2025-11-14,2025-11-20,North America,Mexico,Consumer,Home & Living,Furniture,9,189.75,0.0,1707.75,438.14,24.59,Low
MRG-2025-11578,2025-11-14,2025-11-20,APAC,India,Corporate,Apparel,Activewear,1,158.62,0.3,111.03,-13.65,19.55,Low
MRG-2025-10717,2025-11-14,2025-11-18,North America,Mexico,Consumer,Apparel,Footwear,2,330.89,0.0,661.78,240.45,15.85,Medium
MRG-2025-14101,2025-11-14,2025-11-20,North America,Canada,Corporate,Apparel,Outerwear,2,336.13,0.1,605.03,1.34,12.18,Low
MRG-2025-13785,2025-11-14,2025-11-19,Europe,Germany,Home Office,Home & Living,Decor,10,57.72,0.2,461.76,36.82,13.92,Medium
MRG-2025-15389,2025-11-14,2025-11-19,Europe,United Kingdom,Corporate,Apparel,Outerwear,10,32.01,0.0,320.1,87.19,62.44,Critical
MRG-2025-11313,2025-11-14,2025-11-20,Europe,United Kingdom,Consumer,Home & Living,Decor,2,211.6,0.15,359.72,13.36,15.98,Medium
MRG-2025-13142,2025-11-15,2025-11-16,North America,Canada,Consumer,Home & Living,Decor,10,53.23,0.0,532.3,198.13,56.49,Low
MRG-2025-13305,2025-11-15,2025-11-23,North America,Canada,Consumer,Home & Living,Bedding,5,364.88,0.1,1641.96,532.14,32.87,Medium
MRG-2025-13645,2025-11-15,2025-11-22,APAC,India,Corporate,Electronics,Wearables,9,369.83,0.0,3328.47,1002.97,50.05,Medium
MRG-2025-10079,2025-11-16,2025-11-24,North America,United States,Home Office,Electronics,Wearables,7,429.23,0.3,2103.23,-156.73,26.94,Critical
MRG-2025-12271,2025-11-16,2025-11-20,North America,United States,Home Office,Electronics,Audio,3,188.09,0.3,394.99,53.69,17.51,Medium
MRG-2025-11502,2025-11-16,2025-11-24,North America,Canada,Home Office,Home & Living,Kitchenware,4,20.5,0.0,82.0,32.53,17.04,Medium
MRG-2025-14667,2025-11-16,2025-11-19,North America,United States,Consumer,Apparel,Accessories,1,159.61,0.0,159.61,51.0,7.34,Medium
MRG-2025-14113,2025-11-16,2025-11-21,North America,Canada,Consumer,Electronics,Smart Home,5,255.02,0.0,1275.1,473.22,38.89,High
MRG-2025-13688,2025-11-17,2025-11-19,North America,Canada,Consumer,Apparel,Activewear,10,357.37,0.3,2501.59,33.06,34.57,Critical
MRG-2025-10178,2025-11-17,2025-11-18,North America,Canada,Home Office,Electronics,Wearables,5,380.45,0.1,1712.03,213.44,21.24,Low
MRG-2025-14858,2025-11-17,2025-11-24,APAC,Singapore,Home Office,Apparel,Accessories,11,392.62,0.05,4102.88,93.13,51.6,Medium
MRG-2025-11860,2025-11-17,2025-11-22,Europe,Germany,Consumer,Home & Living,Furniture,3,42.87,0.3,90.03,19.43,21.4,Medium
MRG-2025-10092,2025-11-17,2025-11-20,Europe,France,Corporate,Electronics,Accessories,7,149.66,0.15,890.48,61.37,13.73,Low
MRG-2025-10158,2025-11-18,2025-11-26,North America,Canada,Home Office,Apparel,Accessories,6,274.08,0.3,1151.14,-172.67,35.25,Medium
MRG-2025-12106,2025-11-18,2025-11-21,North America,Canada,Corporate,Electronics,Smart Home,8,256.21,0.0,2049.68,459.88,40.96,High
MRG-2025-15653,2025-11-18,2025-11-22,Europe,Germany,Consumer,Electronics,Accessories,2,183.61,0.0,367.22,152.6,8.72,Critical
MRG-2025-15651,2025-11-18,2025-11-22,APAC,Japan,Corporate,Apparel,Footwear,10,137.45,0.05,1305.77,94.46,28.86,Low
MRG-2025-15637,2025-11-18,2025-11-20,North America,United States,Consumer,Home & Living,Decor,6,190.39,0.2,913.87,1.07,31.75,High
MRG-2025-10363,2025-11-19,2025-11-27,Europe,Germany,Corporate,Home & Living,Kitchenware,3,64.3,0.15,163.97,31.47,30.6,High
MRG-2025-10613,2025-11-19,2025-11-22,APAC,Japan,Consumer,Apparel,Accessories,1,386.67,0.05,367.34,30.23,7.33,Low
MRG-2025-14906,2025-11-19,2025-11-26,Europe,Germany,Consumer,Apparel,Footwear,9,9.73,0.0,87.57,30.06,54.81,Medium
MRG-2025-11851,2025-11-19,2025-11-24,Europe,Germany,Home Office,Apparel,Footwear,3,33.02,0.0,99.06,29.23,14.43,Medium
MRG-2025-10329,2025-11-19,2025-11-27,Europe,France,Consumer,Electronics,Audio,7,105.93,0.15,630.28,71.21,21.04,Low
MRG-2025-11715,2025-11-19,2025-11-24,North America,Canada,Corporate,Apparel,Activewear,11,333.27,0.0,3665.97,1061.82,42.97,Low
MRG-2025-15119,2025-11-19,2025-11-21,Europe,France,Consumer,Home & Living,Furniture,1,129.64,0.2,103.71,8.18,9.85,Low
MRG-2025-11559,2025-11-19,2025-11-23,Europe,United Kingdom,Consumer,Home & Living,Decor,5,226.47,0.0,1132.35,134.71,27.12,Critical
MRG-2025-10009,2025-11-19,2025-11-23,Europe,Germany,Consumer,Electronics,Accessories,5,209.45,0.3,733.07,-47.98,24.81,Low
MRG-2025-13853,2025-11-20,2025-11-25,Europe,United Kingdom,Home Office,Electronics,Accessories,5,446.22,0.2,1784.88,-9.22,24.41,High
MRG-2025-14719,2025-11-20,2025-11-21,North America,Canada,Consumer,Home & Living,Kitchenware,5,365.43,0.0,1827.15,721.55,22.12,Medium
MRG-2025-13172,2025-11-20,2025-11-22,North America,United States,Consumer,Electronics,Accessories,1,406.19,0.1,365.57,23.4,19.23,Medium
MRG-2025-11985,2025-11-20,2025-11-27,North America,Mexico,Corporate,Apparel,Outerwear,10,433.0,0.05,4113.5,494.14,18.7,Low
MRG-2025-10054,2025-11-20,2025-11-21,APAC,Japan,Home Office,Electronics,Wearables,9,45.49,0.0,409.41,144.4,51.88,Medium
MRG-2025-15072,2025-11-21,2025-11-27,North America,United States,Corporate,Electronics,Smart Home,5,227.92,0.05,1082.62,152.31,41.64,High
MRG-2025-12587,2025-11-21,2025-11-28,North America,United States,Consumer,Home & Living,Kitchenware,8,65.29,0.0,522.32,193.14,13.16,Medium
MRG-2025-14759,2025-11-21,2025-11-25,North America,United States,Corporate,Home & Living,Decor,7,434.9,0.1,2739.87,128.35,56.06,Low
MRG-2025-13185,2025-11-21,2025-11-29,APAC,Japan,Consumer,Electronics,Smart Home,10,49.84,0.0,498.4,45.0,73.16,Critical
MRG-2025-12625,2025-11-21,2025-11-27,Europe,Germany,Consumer,Electronics,Wearables,5,91.55,0.2,366.2,72.4,34.28,High
MRG-2025-10963,2025-11-21,2025-11-26,North America,Mexico,Consumer,Apparel,Activewear,3,311.42,0.15,794.12,-2.87,22.71,High
MRG-2025-12384,2025-11-22,2025-11-28,North America,Canada,Consumer,Apparel,Outerwear,6,172.47,0.15,879.6,53.92,14.52,Low
MRG-2025-15358,2025-11-22,2025-11-29,Europe,Spain,Home Office,Home & Living,Kitchenware,9,435.82,0.0,3922.38,545.13,21.22,Low
MRG-2025-12706,2025-11-22,2025-11-27,North America,Canada,Consumer,Home & Living,Bedding,7,227.96,0.15,1356.36,434.94,31.78,Low
MRG-2025-14987,2025-11-22,2025-11-29,Europe,France,Consumer,Home & Living,Furniture,4,138.75,0.2,444.0,-7.79,37.65,High
MRG-2025-12563,2025-11-22,2025-11-23,North America,Canada,Consumer,Apparel,Footwear,7,446.76,0.0,3127.32,1086.17,51.79,High
MRG-2025-13948,2025-11-22,2025-11-23,Europe,Germany,Consumer,Electronics,Wearables,6,361.68,0.15,1844.57,-60.08,20.55,Medium
MRG-2025-14678,2025-11-22,2025-11-29,APAC,Australia,Consumer,Electronics,Accessories,5,145.83,0.2,583.32,-53.28,7.93,Medium
MRG-2025-14936,2025-11-22,2025-11-27,North America,United States,Corporate,Home & Living,Bedding,6,201.83,0.0,1210.98,298.23,23.84,Medium
MRG-2025-15989,2025-11-23,2025-11-24,APAC,Australia,Corporate,Apparel,Accessories,10,312.9,0.0,3129.0,831.45,13.21,Low
MRG-2025-11594,2025-11-23,2025-11-25,North America,Mexico,Consumer,Apparel,Activewear,4,314.72,0.3,881.22,16.33,24.67,Medium
MRG-2025-15290,2025-11-23,2025-11-26,North America,Canada,Consumer,Apparel,Accessories,4,232.69,0.0,930.76,104.13,23.06,Medium
MRG-2025-15544,2025-11-23,2025-12-01,North America,Canada,Consumer,Home & Living,Furniture,9,246.5,0.3,1552.95,-224.15,32.71,Medium
MRG-2025-11246,2025-11-24,2025-12-01,North America,United States,Consumer,Apparel,Accessories,1,62.48,0.05,59.36,19.29,13.04,Low
MRG-2025-11693,2025-11-24,2025-11-28,North America,United States,Consumer,Electronics,Smart Home,4,315.71,0.2,1010.27,117.17,26.28,Low
MRG-2025-13561,2025-11-24,2025-11-29,North America,Canada,Consumer,Electronics,Smart Home,9,303.05,0.2,2181.96,160.86,59.81,Low
MRG-2025-12003,2025-11-24,2025-11-30,North America,Canada,Consumer,Electronics,Audio,8,224.78,0.0,1798.24,294.89,53.07,Medium
MRG-2025-10346,2025-11-25,2025-11-26,North America,Canada,Consumer,Home & Living,Decor,5,39.75,0.05,188.81,33.8,47.13,Low
MRG-2025-14908,2025-11-25,2025-12-02,North America,Mexico,Home Office,Apparel,Accessories,9,129.32,0.3,814.72,-90.47,17.98,Low
MRG-2025-13279,2025-11-25,2025-11-26,APAC,Japan,Consumer,Electronics,Smart Home,10,57.8,0.0,578.0,97.41,58.49,Medium
MRG-2025-11379,2025-11-25,2025-12-03,APAC,Australia,Consumer,Home & Living,Decor,11,50.65,0.15,473.58,77.03,47.47,Critical
MRG-2025-14051,2025-11-25,2025-12-02,North America,Canada,Consumer,Apparel,Activewear,3,39.22,0.15,100.01,28.33,13.63,Low
MRG-2025-15964,2025-11-25,2025-11-29,North America,Canada,Consumer,Apparel,Outerwear,7,406.66,0.0,2846.62,847.78,18.17,Medium
MRG-2025-15492,2025-11-25,2025-11-27,North America,Mexico,Consumer,Apparel,Footwear,7,65.47,0.05,435.38,13.4,43.0,Low
MRG-2025-13256,2025-11-26,2025-12-02,Europe,France,Consumer,Apparel,Footwear,9,155.54,0.3,979.9,6.74,50.28,Critical
MRG-2025-10958,2025-11-26,2025-12-02,North America,Canada,Consumer,Electronics,Smart Home,11,347.3,0.1,3438.27,935.22,69.03,High
MRG-2025-10638,2025-11-26,2025-12-02,North America,Canada,Consumer,Electronics,Accessories,10,32.06,0.0,320.6,84.16,40.61,Low
MRG-2025-15940,2025-11-26,2025-11-27,North America,Canada,Corporate,Electronics,Accessories,1,203.1,0.15,172.63,24.11,8.0,High
MRG-2025-12819,2025-11-26,2025-11-29,APAC,Australia,Corporate,Apparel,Footwear,2,70.7,0.0,141.4,15.42,19.65,Medium
MRG-2025-11188,2025-11-26,2025-12-01,North America,Mexico,Consumer,Electronics,Accessories,11,284.28,0.0,3127.08,1181.52,26.4,Medium
MRG-2025-12726,2025-11-26,2025-11-29,APAC,Australia,Consumer,Apparel,Accessories,11,175.7,0.05,1836.07,250.64,20.57,Medium
MRG-2025-15099,2025-11-27,2025-12-04,APAC,Australia,Consumer,Apparel,Activewear,10,276.18,0.0,2761.8,606.57,60.5,Medium
MRG-2025-13509,2025-11-27,2025-12-01,Europe,Spain,Consumer,Apparel,Accessories,10,192.29,0.0,1922.9,320.29,63.73,Critical
MRG-2025-14499,2025-11-27,2025-12-01,Europe,United Kingdom,Consumer,Home & Living,Kitchenware,8,166.47,0.1,1198.58,362.18,38.44,Low
MRG-2025-12022,2025-11-27,2025-12-01,North America,Canada,Consumer,Electronics,Smart Home,10,170.7,0.05,1621.65,440.53,32.3,High
MRG-2025-11747,2025-11-27,2025-11-28,Europe,Germany,Consumer,Home & Living,Furniture,2,136.08,0.2,217.73,-6.42,17.21,Low
MRG-2025-15224,2025-11-27,2025-11-29,Europe,Spain,Home Office,Home & Living,Decor,9,208.41,0.2,1500.55,158.28,57.61,Medium
MRG-2025-11050,2025-11-28,2025-12-02,North America,Mexico,Consumer,Apparel,Activewear,10,395.5,0.0,3955.0,1228.93,61.88,Medium
MRG-2025-15062,2025-11-28,2025-12-05,APAC,Singapore,Corporate,Home & Living,Decor,1,229.93,0.0,229.93,70.95,19.06,Medium
MRG-2025-14379,2025-11-28,2025-12-03,Europe,Spain,Consumer,Apparel,Accessories,5,281.71,0.1,1267.69,231.44,25.65,Low
MRG-2025-10953,2025-11-28,2025-12-06,North America,Mexico,Corporate,Apparel,Activewear,8,234.85,0.0,1878.8,753.46,34.02,Medium
MRG-2025-12945,2025-11-28,2025-11-30,Europe,Germany,Consumer,Home & Living,Decor,6,160.93,0.0,965.58,323.8,9.76,Low
MRG-2025-10283,2025-11-29,2025-12-02,APAC,Australia,Consumer,Apparel,Activewear,1,315.68,0.0,315.68,32.96,7.7,Low
MRG-2025-15359,2025-11-29,2025-12-02,Europe,Germany,Consumer,Home & Living,Furniture,11,141.61,0.0,1557.71,393.54,56.43,Low
MRG-2025-15829,2025-11-29,2025-12-06,North America,Mexico,Consumer,Electronics,Audio,6,22.08,0.0,132.48,20.46,24.76,Medium
MRG-2025-11783,2025-11-29,2025-12-03,Europe,France,Corporate,Apparel,Outerwear,6,12.84,0.0,77.04,22.47,40.02,Low
MRG-2025-11706,2025-11-29,2025-12-03,Europe,France,Corporate,Home & Living,Kitchenware,1,30.35,0.0,30.35,12.07,16.73,Low
MRG-2025-15673,2025-11-29,2025-12-06,North America,United States,Home Office,Electronics,Smart Home,11,357.89,0.0,3936.79,1334.38,49.18,Low
MRG-2025-10188,2025-11-29,2025-12-07,North America,Canada,Consumer,Apparel,Activewear,5,152.89,0.15,649.78,77.98,22.3,High
MRG-2025-10921,2025-11-30,2025-12-07,Europe,Spain,Consumer,Home & Living,Decor,4,39.31,0.05,149.38,50.0,33.9,Low
MRG-2025-14589,2025-11-30,2025-12-06,North America,Canada,Consumer,Home & Living,Furniture,7,437.04,0.15,2600.39,622.64,32.76,Medium
MRG-2025-13613,2025-11-30,2025-12-07,North America,Canada,Home Office,Electronics,Audio,9,403.9,0.3,2544.57,-289.97,58.88,Medium
MRG-2025-13818,2025-11-30,2025-12-07,North America,Canada,Consumer,Home & Living,Kitchenware,1,77.75,0.05,73.86,23.38,12.58,Medium
MRG-2025-10998,2025-11-30,2025-12-04,Europe,Spain,Corporate,Electronics,Accessories,2,316.94,0.15,538.8,43.8,16.56,Medium
MRG-2025-12386,2025-11-30,2025-12-04,Europe,United Kingdom,Consumer,Apparel,Accessories,2,403.72,0.3,565.21,-10.16,21.38,Critical
MRG-2025-14053,2025-12-01,2025-12-09,Europe,United Kingdom,Corporate,Electronics,Wearables,1,157.59,0.1,141.83,31.03,10.61,High
MRG-2025-11660,2025-12-01,2025-12-02,Europe,Spain,Corporate,Electronics,Audio,6,215.09,0.0,1290.54,116.85,13.93,Low
MRG-2025-14157,2025-12-01,2025-12-06,APAC,Singapore,Home Office,Electronics,Wearables,9,154.9,0.0,1394.1,431.86,29.56,High
MRG-2025-10742,2025-12-01,2025-12-07,Europe,Spain,Consumer,Home & Living,Furniture,2,121.62,0.0,243.24,20.08,19.15,High
MRG-2025-11190,2025-12-01,2025-12-09,Europe,United Kingdom,Consumer,Electronics,Wearables,1,312.24,0.0,312.24,48.24,6.77,Low
MRG-2025-15039,2025-12-01,2025-12-06,North America,United States,Home Office,Electronics,Smart Home,2,63.8,0.0,127.6,12.21,18.06,Medium
MRG-2025-13295,2025-12-02,2025-12-03,Europe,Germany,Home Office,Electronics,Accessories,2,65.4,0.0,130.8,16.94,19.45,Medium
MRG-2025-11046,2025-12-02,2025-12-05,North America,Canada,Corporate,Home & Living,Kitchenware,4,391.57,0.05,1487.97,313.28,19.28,Low
MRG-2025-13739,2025-12-02,2025-12-10,Europe,Germany,Home Office,Apparel,Accessories,9,57.41,0.0,516.69,51.02,37.52,Medium
MRG-2025-15143,2025-12-02,2025-12-06,Europe,France,Consumer,Home & Living,Kitchenware,2,373.51,0.3,522.91,-33.83,21.69,Low
MRG-2025-14815,2025-12-02,2025-12-06,North America,United States,Corporate,Electronics,Audio,1,320.93,0.0,320.93,115.77,7.99,Medium
MRG-2025-12647,2025-12-03,2025-12-10,North America,Canada,Home Office,Apparel,Footwear,2,414.66,0.0,829.32,170.75,9.38,Critical
MRG-2025-13564,2025-12-03,2025-12-04,Europe,Spain,Corporate,Apparel,Footwear,5,354.53,0.1,1595.39,51.55,16.41,Medium
MRG-2025-15614,2025-12-03,2025-12-09,North America,Mexico,Consumer,Apparel,Footwear,9,141.28,0.1,1144.37,151.15,55.28,Medium
MRG-2025-12148,2025-12-03,2025-12-07,APAC,Australia,Consumer,Electronics,Accessories,5,238.65,0.0,1193.25,432.21,28.63,Low
MRG-2025-12827,2025-12-03,2025-12-11,APAC,Australia,Consumer,Apparel,Footwear,3,433.12,0.3,909.55,-69.81,30.07,Medium
MRG-2025-11176,2025-12-03,2025-12-10,North America,United States,Consumer,Home & Living,Kitchenware,7,355.19,0.05,2362.01,217.67,36.38,Medium
MRG-2025-11240,2025-12-03,2025-12-11,Europe,France,Consumer,Home & Living,Furniture,7,375.89,0.0,2631.23,775.03,54.49,Medium
MRG-2025-14121,2025-12-03,2025-12-10,North America,Canada,Home Office,Electronics,Wearables,7,146.88,0.05,976.75,310.66,46.89,High
MRG-2025-10620,2025-12-03,2025-12-07,Europe,Germany,Consumer,Electronics,Audio,8,68.1,0.05,517.56,150.82,36.91,Low
MRG-2025-13961,2025-12-04,2025-12-09,North America,United States,Consumer,Home & Living,Bedding,5,254.84,0.05,1210.49,325.76,26.39,Low
MRG-2025-15002,2025-12-04,2025-12-05,North America,Mexico,Corporate,Apparel,Outerwear,8,280.22,0.05,2129.67,225.98,20.96,Low
MRG-2025-10093,2025-12-04,2025-12-08,APAC,India,Home Office,Home & Living,Decor,4,248.69,0.0,994.76,245.25,15.99,High
MRG-2025-12392,2025-12-04,2025-12-05,North America,Canada,Corporate,Electronics,Accessories,7,208.88,0.0,1462.16,314.69,55.52,High
MRG-2025-11329,2025-12-05,2025-12-13,North America,Mexico,Consumer,Apparel,Footwear,6,327.92,0.05,1869.14,113.74,36.01,High
MRG-2025-13817,2025-12-05,2025-12-07,Europe,Spain,Home Office,Apparel,Footwear,5,401.87,0.0,2009.35,358.75,26.45,Medium
MRG-2025-11821,2025-12-05,2025-12-13,APAC,Singapore,Consumer,Electronics,Smart Home,3,54.42,0.2,130.61,-18.2,32.49,Medium
MRG-2025-10099,2025-12-05,2025-12-12,Europe,Spain,Corporate,Home & Living,Decor,11,150.12,0.05,1568.75,441.68,53.21,High
MRG-2025-12524,2025-12-05,2025-12-12,North America,Mexico,Consumer,Home & Living,Decor,5,349.83,0.0,1749.15,500.97,33.23,Medium
MRG-2025-14683,2025-12-05,2025-12-10,North America,Mexico,Corporate,Apparel,Outerwear,4,84.21,0.05,320.0,109.96,6.37,Low
MRG-2025-11135,2025-12-06,2025-12-08,North America,Canada,Consumer,Apparel,Footwear,10,251.8,0.05,2392.1,300.4,56.2,Medium
MRG-2025-12858,2025-12-06,2025-12-08,North America,United States,Corporate,Apparel,Accessories,11,59.73,0.15,558.48,4.72,68.67,Medium
MRG-2025-11022,2025-12-07,2025-12-10,Europe,France,Home Office,Electronics,Smart Home,4,264.9,0.15,900.66,143.03,20.74,Low
MRG-2025-13479,2025-12-07,2025-12-12,North America,Canada,Corporate,Apparel,Outerwear,9,277.17,0.2,1995.62,252.11,42.01,Low
MRG-2025-11592,2025-12-07,2025-12-09,North America,Canada,Consumer,Electronics,Wearables,3,26.82,0.05,76.44,2.17,10.48,Medium
MRG-2025-11671,2025-12-07,2025-12-10,Europe,France,Consumer,Electronics,Wearables,10,274.36,0.0,2743.6,504.35,17.36,Low
MRG-2025-12613,2025-12-07,2025-12-13,Europe,Spain,Corporate,Electronics,Audio,7,421.29,0.0,2949.03,881.29,26.74,Medium
MRG-2025-15354,2025-12-07,2025-12-11,Europe,United Kingdom,Consumer,Electronics,Accessories,11,133.97,0.05,1399.99,143.35,51.28,Medium
MRG-2025-13887,2025-12-07,2025-12-14,North America,United States,Home Office,Apparel,Outerwear,4,426.31,0.05,1619.98,452.02,38.73,Critical
MRG-2025-15807,2025-12-07,2025-12-09,Europe,Germany,Corporate,Apparel,Outerwear,3,446.53,0.2,1071.67,75.43,28.32,Low
MRG-2025-11103,2025-12-08,2025-12-11,North America,Canada,Consumer,Electronics,Audio,3,262.23,0.0,786.69,312.7,23.65,Medium
MRG-2025-12372,2025-12-08,2025-12-15,Europe,Germany,Corporate,Apparel,Outerwear,3,114.1,0.15,290.95,23.22,18.89,Medium
MRG-2025-12146,2025-12-08,2025-12-10,Europe,Spain,Consumer,Apparel,Activewear,5,246.13,0.0,1230.65,198.1,36.12,Medium
MRG-2025-11364,2025-12-08,2025-12-16,North America,Mexico,Home Office,Electronics,Wearables,2,201.74,0.0,403.48,153.6,14.95,Low
MRG-2025-11679,2025-12-09,2025-12-16,Europe,Spain,Corporate,Apparel,Accessories,1,75.92,0.05,72.12,15.96,10.28,Medium
MRG-2025-12821,2025-12-09,2025-12-10,North America,Mexico,Consumer,Apparel,Outerwear,8,256.45,0.0,2051.6,217.63,40.96,Low
MRG-2025-11447,2025-12-09,2025-12-15,North America,United States,Corporate,Home & Living,Furniture,7,135.95,0.15,808.9,151.91,29.56,Medium
MRG-2025-15452,2025-12-09,2025-12-12,North America,United States,Consumer,Home & Living,Furniture,5,415.87,0.15,1767.45,469.23,27.2,Medium
MRG-2025-14211,2025-12-09,2025-12-11,North America,Canada,Consumer,Home & Living,Kitchenware,1,310.66,0.0,310.66,28.86,11.81,High
MRG-2025-15618,2025-12-09,2025-12-12,Europe,Germany,Corporate,Home & Living,Kitchenware,6,123.65,0.1,667.71,155.89,41.66,Medium
MRG-2025-10060,2025-12-09,2025-12-12,APAC,Japan,Consumer,Home & Living,Furniture,6,336.1,0.0,2016.6,609.35,19.25,High
MRG-2025-12520,2025-12-09,2025-12-11,Europe,Germany,Consumer,Electronics,Smart Home,6,312.21,0.3,1311.28,-196.69,27.06,Medium
MRG-2025-11309,2025-12-09,2025-12-16,APAC,Singapore,Corporate,Electronics,Audio,11,137.35,0.0,1510.85,622.29,28.4,High
MRG-2025-10502,2025-12-10,2025-12-13,North America,Canada,Corporate,Home & Living,Furniture,8,46.73,0.05,355.15,133.82,51.06,Medium
MRG-2025-11146,2025-12-10,2025-12-11,North America,Mexico,Consumer,Apparel,Activewear,7,127.29,0.15,757.38,22.1,41.32,Low
MRG-2025-12694,2025-12-10,2025-12-15,Europe,France,Corporate,Electronics,Audio,6,283.03,0.05,1613.27,476.92,20.41,Low
MRG-2025-10618,2025-12-10,2025-12-16,North America,Canada,Home Office,Home & Living,Furniture,8,242.86,0.2,1554.3,359.34,42.85,Medium
MRG-2025-15611,2025-12-10,2025-12-16,APAC,Singapore,Consumer,Electronics,Accessories,2,412.21,0.3,577.09,66.55,7.79,High
MRG-2025-15647,2025-12-11,2025-12-18,APAC,Singapore,Consumer,Apparel,Accessories,2,269.79,0.05,512.6,67.43,8.88,Low
MRG-2025-10448,2025-12-11,2025-12-16,North America,Canada,Consumer,Apparel,Outerwear,7,209.21,0.0,1464.47,610.7,18.01,Low
MRG-2025-13173,2025-12-11,2025-12-14,North America,Mexico,Corporate,Apparel,Accessories,4,364.86,0.0,1459.44,545.61,23.53,Medium
MRG-2025-14230,2025-12-11,2025-12-15,Europe,France,Consumer,Home & Living,Bedding,5,311.63,0.3,1090.7,-92.78,17.92,Medium
MRG-2025-13820,2025-12-11,2025-12-17,Europe,France,Consumer,Apparel,Footwear,5,253.07,0.05,1202.08,448.42,37.64,Low
MRG-2025-15441,2025-12-11,2025-12-19,North America,United States,Corporate,Home & Living,Bedding,10,245.1,0.0,2451.0,859.74,24.72,Low
MRG-2025-14308,2025-12-11,2025-12-19,Europe,France,Home Office,Apparel,Accessories,9,385.84,0.3,2430.79,402.22,41.22,Low
MRG-2025-15681,2025-12-11,2025-12-15,Europe,United Kingdom,Corporate,Electronics,Smart Home,6,22.27,0.15,113.58,19.3,21.17,Medium
MRG-2025-13456,2025-12-11,2025-12-19,North America,United States,Home Office,Home & Living,Kitchenware,11,447.65,0.15,4185.53,549.5,65.94,Critical
MRG-2025-14441,2025-12-12,2025-12-14,Europe,France,Home Office,Home & Living,Furniture,10,297.84,0.2,2382.72,580.09,19.0,Medium
MRG-2025-13090,2025-12-12,2025-12-16,APAC,Australia,Corporate,Electronics,Wearables,9,262.3,0.0,2360.7,606.83,42.08,Medium
MRG-2025-10595,2025-12-12,2025-12-13,North America,United States,Consumer,Home & Living,Bedding,7,429.45,0.0,3006.15,1258.08,41.2,Medium
MRG-2025-15749,2025-12-12,2025-12-18,North America,Canada,Consumer,Apparel,Outerwear,5,220.67,0.0,1103.35,234.84,15.55,High
MRG-2025-11260,2025-12-13,2025-12-17,Europe,Spain,Home Office,Home & Living,Bedding,8,449.61,0.0,3596.88,866.05,25.17,Low
MRG-2025-15453,2025-12-13,2025-12-19,North America,Canada,Corporate,Home & Living,Decor,5,8.01,0.0,40.05,4.55,43.43,Low
MRG-2025-11404,2025-12-13,2025-12-18,North America,United States,Consumer,Home & Living,Furniture,2,174.96,0.1,314.93,39.92,18.03,Low
MRG-2025-13536,2025-12-13,2025-12-17,North America,Mexico,Corporate,Home & Living,Bedding,10,187.59,0.3,1313.13,180.86,25.4,Medium
MRG-2025-12781,2025-12-13,2025-12-16,Europe,United Kingdom,Consumer,Electronics,Accessories,7,297.32,0.0,2081.24,349.37,26.46,Low
MRG-2025-13073,2025-12-13,2025-12-19,Europe,United Kingdom,Home Office,Apparel,Activewear,5,403.68,0.15,1715.64,424.33,21.3,Medium
MRG-2025-12747,2025-12-14,2025-12-22,North America,Canada,Consumer,Apparel,Activewear,5,371.93,0.1,1673.69,-22.76,15.31,High
MRG-2025-15092,2025-12-14,2025-12-21,APAC,India,Consumer,Home & Living,Furniture,9,193.52,0.15,1480.43,167.57,47.94,High
MRG-2025-11181,2025-12-14,2025-12-19,Europe,United Kingdom,Home Office,Home & Living,Kitchenware,3,298.88,0.2,717.31,107.8,24.0,Medium
MRG-2025-14534,2025-12-14,2025-12-19,North America,Mexico,Consumer,Apparel,Accessories,2,247.69,0.0,495.38,165.9,18.65,Low
MRG-2025-14860,2025-12-14,2025-12-16,Europe,France,Consumer,Home & Living,Furniture,11,140.09,0.0,1540.99,490.2,63.83,Low
MRG-2025-12103,2025-12-14,2025-12-20,North America,United States,Home Office,Electronics,Smart Home,4,111.79,0.2,357.73,-10.42,23.29,Low
MRG-2025-13416,2025-12-14,2025-12-20,Europe,France,Corporate,Electronics,Audio,10,403.22,0.3,2822.54,164.5,50.25,Critical
MRG-2025-12082,2025-12-14,2025-12-20,Europe,United Kingdom,Consumer,Home & Living,Furniture,1,277.64,0.2,222.11,-7.83,15.4,Medium
MRG-2025-15753,2025-12-15,2025-12-18,APAC,Japan,Consumer,Electronics,Audio,2,256.83,0.0,513.66,68.7,11.28,High
MRG-2025-13843,2025-12-15,2025-12-20,North America,United States,Corporate,Home & Living,Kitchenware,8,129.15,0.0,1033.2,322.92,25.47,High
MRG-2025-15412,2025-12-15,2025-12-21,APAC,India,Home Office,Apparel,Outerwear,8,395.61,0.3,2215.42,220.57,55.85,Low
MRG-2025-11392,2025-12-15,2025-12-17,Europe,France,Consumer,Electronics,Wearables,3,240.64,0.15,613.63,-40.76,29.44,Medium
MRG-2025-15866,2025-12-15,2025-12-23,Europe,United Kingdom,Consumer,Electronics,Smart Home,7,326.89,0.1,2059.41,200.5,36.55,Medium
MRG-2025-14176,2025-12-15,2025-12-23,APAC,Singapore,Consumer,Electronics,Smart Home,1,73.46,0.0,73.46,6.43,5.21,Medium
MRG-2025-11435,2025-12-15,2025-12-22,Europe,France,Consumer,Home & Living,Bedding,9,58.97,0.1,477.66,54.04,35.57,Low
MRG-2025-15682,2025-12-15,2025-12-21,Europe,Germany,Corporate,Home & Living,Kitchenware,8,148.49,0.05,1128.52,91.52,44.48,Low
MRG-2025-10322,2025-12-16,2025-12-23,North America,Mexico,Consumer,Apparel,Outerwear,5,332.51,0.15,1413.17,224.21,38.58,Medium
MRG-2025-12399,2025-12-16,2025-12-22,North America,Canada,Consumer,Electronics,Smart Home,4,125.36,0.3,351.01,-37.8,26.88,Critical
MRG-2025-10544,2025-12-16,2025-12-20,North America,Canada,Consumer,Electronics,Wearables,2,32.01,0.05,60.82,10.93,14.86,High
MRG-2025-12798,2025-12-16,2025-12-22,North America,United States,Consumer,Electronics,Accessories,8,163.89,0.3,917.78,107.97,41.63,Medium
MRG-2025-10456,2025-12-16,2025-12-22,Europe,Germany,Consumer,Apparel,Accessories,10,219.85,0.15,1868.72,15.58,64.23,Low
MRG-2025-13488,2025-12-16,2025-12-18,APAC,Japan,Home Office,Apparel,Footwear,8,229.23,0.0,1833.84,414.64,47.25,Low
MRG-2025-10197,2025-12-16,2025-12-22,Europe,United Kingdom,Home Office,Home & Living,Furniture,11,341.52,0.1,3381.05,864.2,20.31,Medium
MRG-2025-13034,2025-12-16,2025-12-19,North America,Canada,Consumer,Electronics,Wearables,7,207.25,0.0,1450.75,319.21,27.92,Medium
MRG-2025-14013,2025-12-16,2025-12-24,North America,Mexico,Corporate,Electronics,Audio,11,39.35,0.2,346.28,38.78,77.85,Critical
MRG-2025-14801,2025-12-17,2025-12-19,Europe,France,Corporate,Home & Living,Decor,10,145.37,0.15,1235.64,30.34,74.31,Low
MRG-2025-12937,2025-12-17,2025-12-24,North America,United States,Corporate,Electronics,Smart Home,3,27.53,0.0,82.59,28.68,19.27,Low
MRG-2025-13967,2025-12-17,2025-12-19,Europe,United Kingdom,Consumer,Electronics,Audio,1,165.81,0.3,116.07,-1.24,17.31,Low
MRG-2025-11863,2025-12-17,2025-12-24,Europe,Spain,Home Office,Apparel,Outerwear,5,388.49,0.15,1651.08,26.94,28.05,Low
MRG-2025-12321,2025-12-17,2025-12-23,Europe,United Kingdom,Home Office,Electronics,Accessories,4,136.55,0.1,491.58,149.16,19.24,Low
MRG-2025-12779,2025-12-17,2025-12-23,Europe,Germany,Consumer,Electronics,Wearables,10,109.22,0.2,873.76,120.41,52.92,Medium
MRG-2025-11178,2025-12-17,2025-12-18,North America,United States,Consumer,Apparel,Footwear,1,435.76,0.2,348.61,-18.78,19.54,High
MRG-2025-13848,2025-12-17,2025-12-24,Europe,United Kingdom,Consumer,Home & Living,Decor,1,241.32,0.0,241.32,34.3,14.5,High
MRG-2025-11874,2025-12-18,2025-12-21,APAC,Singapore,Consumer,Apparel,Outerwear,2,63.72,0.3,89.21,8.44,14.35,Medium
MRG-2025-10200,2025-12-18,2025-12-19,Europe,Spain,Consumer,Apparel,Footwear,4,238.6,0.1,858.96,146.46,28.91,Medium
MRG-2025-14125,2025-12-18,2025-12-22,North America,Mexico,Consumer,Apparel,Accessories,1,412.7,0.0,412.7,73.9,17.7,Medium
MRG-2025-14819,2025-12-18,2025-12-25,APAC,Singapore,Consumer,Electronics,Smart Home,5,188.56,0.15,801.38,206.62,19.9,Critical
MRG-2025-14857,2025-12-18,2025-12-20,Europe,France,Consumer,Electronics,Smart Home,8,401.23,0.0,3209.84,472.75,31.58,Medium
MRG-2025-13326,2025-12-18,2025-12-26,APAC,Australia,Consumer,Home & Living,Decor,10,230.96,0.05,2194.12,565.43,35.45,Low
MRG-2025-10629,2025-12-18,2025-12-21,Europe,France,Corporate,Electronics,Accessories,5,259.52,0.2,1038.08,-20.7,35.42,Medium
MRG-2025-13764,2025-12-19,2025-12-26,North America,United States,Consumer,Electronics,Audio,9,91.51,0.05,782.41,109.56,19.08,Medium
MRG-2025-14852,2025-12-20,2025-12-26,Europe,United Kingdom,Consumer,Apparel,Outerwear,1,99.64,0.0,99.64,38.86,15.0,Low
MRG-2025-13674,2025-12-20,2025-12-28,APAC,Singapore,Consumer,Home & Living,Bedding,7,126.07,0.0,882.49,362.01,23.69,High
MRG-2025-15165,2025-12-20,2025-12-28,Europe,Germany,Consumer,Apparel,Accessories,10,57.08,0.05,542.26,141.8,51.67,Medium
MRG-2025-10204,2025-12-20,2025-12-25,APAC,India,Consumer,Apparel,Outerwear,10,111.74,0.05,1061.53,182.67,44.38,Low
MRG-2025-13242,2025-12-21,2025-12-27,Europe,Spain,Consumer,Home & Living,Bedding,10,354.99,0.2,2839.92,475.61,57.65,High
MRG-2025-11381,2025-12-21,2025-12-27,North America,Canada,Corporate,Electronics,Smart Home,6,429.6,0.0,2577.6,294.52,32.79,High
MRG-2025-13345,2025-12-21,2025-12-25,Europe,Spain,Consumer,Home & Living,Furniture,9,217.81,0.0,1960.29,297.01,32.66,Medium
MRG-2025-15149,2025-12-21,2025-12-24,Europe,Germany,Consumer,Home & Living,Bedding,1,426.41,0.2,341.13,102.54,6.54,Medium
MRG-2025-15674,2025-12-21,2025-12-22,North America,Canada,Consumer,Apparel,Accessories,8,113.71,0.15,773.23,-3.7,19.42,Medium
MRG-2025-13268,2025-12-21,2025-12-25,North America,Mexico,Corporate,Electronics,Wearables,11,421.14,0.1,4169.29,956.38,50.12,Low
MRG-2025-13657,2025-12-22,2025-12-24,APAC,Australia,Consumer,Home & Living,Decor,4,346.67,0.0,1386.68,406.73,35.58,High
MRG-2025-15581,2025-12-22,2025-12-25,North America,United States,Consumer,Apparel,Activewear,6,172.84,0.2,829.63,101.32,27.36,Low
MRG-2025-12732,2025-12-22,2025-12-30,North America,Canada,Corporate,Electronics,Wearables,8,340.52,0.1,2451.74,774.16,57.58,High
MRG-2025-11185,2025-12-22,2025-12-24,APAC,Singapore,Home Office,Home & Living,Bedding,10,340.24,0.0,3402.4,520.92,35.97,High
MRG-2025-14076,2025-12-22,2025-12-30,APAC,Japan,Corporate,Home & Living,Furniture,5,258.87,0.2,1035.48,259.21,28.84,Medium
MRG-2025-10071,2025-12-23,2025-12-26,Europe,United Kingdom,Consumer,Home & Living,Furniture,2,301.32,0.0,602.64,219.56,13.4,Medium
MRG-2025-14685,2025-12-23,2025-12-24,North America,United States,Consumer,Apparel,Footwear,2,429.5,0.1,773.1,221.93,12.92,Low
MRG-2025-12299,2025-12-23,2025-12-29,North America,Mexico,Corporate,Apparel,Accessories,5,113.52,0.0,567.6,231.61,30.77,Low
MRG-2025-15419,2025-12-23,2025-12-26,North America,Mexico,Corporate,Apparel,Outerwear,1,322.7,0.2,258.16,56.77,7.8,Medium
MRG-2025-10986,2025-12-24,2025-12-27,Europe,United Kingdom,Consumer,Apparel,Outerwear,8,236.33,0.0,1890.64,188.05,53.19,Low
MRG-2025-15707,2025-12-24,2025-12-26,North America,Canada,Home Office,Apparel,Accessories,7,344.58,0.15,2050.25,47.07,33.5,Medium
MRG-2025-10977,2025-12-24,2025-12-30,North America,United States,Consumer,Electronics,Smart Home,10,229.24,0.0,2292.4,686.18,39.48,High
MRG-2025-11224,2025-12-24,2025-12-27,North America,United States,Consumer,Electronics,Wearables,2,158.27,0.1,284.89,70.38,4.79,Medium
MRG-2025-12750,2025-12-25,2025-12-28,APAC,Singapore,Consumer,Electronics,Wearables,9,38.11,0.15,291.54,38.25,42.64,High
MRG-2025-14497,2025-12-25,2026-01-01,North America,Canada,Consumer,Electronics,Audio,9,233.27,0.15,1784.52,-0.18,24.63,Medium
MRG-2025-12472,2025-12-25,2026-01-02,North America,Mexico,Consumer,Apparel,Outerwear,11,54.33,0.3,418.34,101.41,77.79,Medium
MRG-2025-15693,2025-12-25,2025-12-26,APAC,India,Corporate,Apparel,Footwear,1,164.4,0.3,115.08,-7.4,7.6,Medium
MRG-2025-15388,2025-12-25,2025-12-28,North America,Canada,Consumer,Apparel,Activewear,8,194.1,0.15,1319.88,-36.04,28.24,Low
MRG-2025-10138,2025-12-25,2025-12-31,North America,Canada,Consumer,Apparel,Outerwear,11,186.07,0.0,2046.77,637.88,32.36,Low
MRG-2025-12943,2025-12-25,2025-12-31,Europe,Germany,Consumer,Home & Living,Bedding,11,191.69,0.3,1476.01,-96.42,57.71,Low
MRG-2025-10498,2025-12-26,2025-12-28,APAC,Japan,Consumer,Apparel,Footwear,8,403.89,0.2,2584.9,563.5,50.75,High
MRG-2025-14107,2025-12-26,2026-01-01,North America,Canada,Consumer,Apparel,Accessories,9,68.79,0.0,619.11,180.64,50.72,Low
MRG-2025-10841,2025-12-26,2025-12-30,APAC,Singapore,Consumer,Home & Living,Furniture,3,186.57,0.15,475.75,39.42,17.33,Medium
MRG-2025-10391,2025-12-26,2026-01-02,North America,United States,Consumer,Electronics,Audio,9,211.49,0.1,1713.07,79.82,32.76,Medium
MRG-2025-10503,2025-12-26,2026-01-02,Europe,Spain,Corporate,Electronics,Accessories,9,313.29,0.2,2255.69,20.41,56.93,Medium
MRG-2025-13032,2025-12-26,2025-12-29,North America,Canada,Corporate,Electronics,Accessories,5,246.36,0.05,1170.21,215.15,26.63,Medium
MRG-2025-15383,2025-12-27,2026-01-03,North America,United States,Consumer,Electronics,Accessories,3,158.08,0.0,474.24,65.35,17.27,Medium
MRG-2025-11516,2025-12-27,2025-12-30,APAC,Japan,Consumer,Home & Living,Decor,10,32.23,0.15,273.95,39.05,61.0,Low
MRG-2025-10359,2025-12-27,2026-01-02,APAC,Singapore,Consumer,Electronics,Accessories,2,17.0,0.1,30.6,4.32,22.03,Medium
MRG-2025-10030,2025-12-27,2026-01-01,APAC,India,Consumer,Apparel,Footwear,7,83.71,0.0,585.97,160.92,38.38,Low
MRG-2025-13459,2025-12-28,2026-01-02,Europe,United Kingdom,Home Office,Electronics,Accessories,9,251.32,0.3,1583.32,-100.07,32.53,Low
MRG-2025-15132,2025-12-28,2026-01-01,North America,Mexico,Consumer,Electronics,Smart Home,8,166.76,0.15,1133.97,91.27,51.67,High
MRG-2025-12260,2025-12-28,2025-12-29,Europe,Spain,Home Office,Electronics,Wearables,1,314.4,0.0,314.4,76.58,16.92,Medium
MRG-2025-10313,2025-12-28,2026-01-02,North America,United States,Consumer,Apparel,Outerwear,9,71.29,0.0,641.61,105.1,29.31,High
MRG-2025-12565,2025-12-28,2026-01-04,North America,United States,Corporate,Home & Living,Furniture,2,84.35,0.05,160.26,41.21,15.65,Medium
MRG-2025-13933,2025-12-28,2026-01-03,North America,United States,Consumer,Electronics,Wearables,11,333.58,0.2,2935.5,329.98,25.75,Critical
MRG-2025-13773,2025-12-28,2026-01-02,North America,Canada,Corporate,Apparel,Activewear,1,425.67,0.1,383.1,37.75,11.42,Low
MRG-2025-14912,2025-12-29,2025-12-30,North America,United States,Consumer,Electronics,Audio,6,138.01,0.3,579.64,41.18,23.09,Low
MRG-2025-14902,2025-12-29,2026-01-03,North America,Mexico,Home Office,Home & Living,Kitchenware,7,132.78,0.05,882.99,242.39,41.85,Low
MRG-2025-10933,2025-12-29,2026-01-04,Europe,France,Home Office,Apparel,Footwear,6,167.68,0.05,955.78,155.32,31.98,Low
MRG-2025-13324,2025-12-29,2025-12-30,North America,Canada,Consumer,Home & Living,Bedding,8,359.87,0.15,2447.12,55.76,55.29,Low
MRG-2025-13349,2025-12-30,2026-01-01,North America,Canada,Consumer,Electronics,Wearables,5,314.68,0.15,1337.39,364.26,26.89,High
MRG-2025-15249,2025-12-30,2026-01-03,North America,United States,Consumer,Apparel,Activewear,11,281.15,0.0,3092.65,1041.25,40.26,Medium
MRG-2025-10646,2025-12-30,2026-01-07,APAC,India,Corporate,Home & Living,Kitchenware,1,199.89,0.3,139.92,0.65,19.46,Low
